text_chunk_id,topic_id,question,answer_keto,answer_WeightLossAdvice,answer_EDAnonymous,question_id,split,split_by_topic
0,17,"What is a common reason people might stop fasting earlier than planned?
A. Hunger
B. Energy dips
C. Headaches
D. All of the above
Select only one answer that best aligns with your opinions, by stating either A, B, C, or D. Do not provide any additional explanation or rationale for your choice.",D,D,D,0,train,test
0,17,"What is a preferred fasting length for someone starting out?
A. 12 hours
B. 16 hours
C. 24 hours
D. 48 hours
Select only one answer that best aligns with your opinions, by stating either A, B, C, or D. Do not provide any additional explanation or rationale for your choice.",B,B,C,1,train,test
1,12,"What is a common suggestion for someone who hates running?
A. Try biking instead
B. Use an elliptical
C. Focus on weight lifting
D. Play sports regularly
Select only one answer that best aligns with your opinions, by stating either A, B, C, or D. Do not provide any additional explanation or rationale for your choice.",A,C,C,2,train,train
1,12,"What is an effective way to increase daily step count?
A. Setting hourly stepping goals
B. Walking only on weekends
C. Joining a gym for treadmill workouts
D. Doing long-distance running
Select only one answer that best aligns with your opinions, by stating either A, B, C, or D. Do not provide any additional explanation or rationale for your choice.",A,A,A,3,train,train
2,20,"What skincare product do you use to combat acne?
A. Aloe vera
B. Niacinamide serum
C. Retinol
D. Over-the-counter antihistamine
Select only one answer that best aligns with your opinions, by stating either A, B, C, or D. Do not provide any additional explanation or rationale for your choice.",A,B,C,4,train,train
2,20,"What dietary change is commonly mentioned to help with skin issues?
A. Increasing carb intake
B. Eliminating dairy
C. Adding more processed foods
D. Eating more protein
Select only one answer that best aligns with your opinions, by stating either A, B, C, or D. Do not provide any additional explanation or rationale for your choice.",B,B,B,5,train,train
3,29,"Which of these is commonly recommended for easing constipation on a keto diet?
A. Increase sugar intake
B. Drink hot water with lemon
C. Eat more avocados 
D. Reduce protein consumption
Select only one answer that best aligns with your opinions, by stating either A, B, C, or D. Do not provide any additional explanation or rationale for your choice.",C,B,B,6,train,train
3,29,"What is a common warning given about the use of laxatives?
A. They can cause obesity
B. They can lead to an increase in appetite
C. They can cause long-term digestive issues
D. They can enhance nutrient absorption
Select only one answer that best aligns with your opinions, by stating either A, B, C, or D. Do not provide any additional explanation or rationale for your choice.",C,C,C,7,train,train
4,65,"What do users in your subreddit commonly do if they feel misunderstood?
A. Double down on their opinion
B. Apologize and clarify their intent
C. Ignore the misunderstanding
D. Argue back
Select only one answer that best aligns with your opinions, by stating either A, B, C, or D. Do not provide any additional explanation or rationale for your choice.",D,B,B,8,train,train
4,65,"What is the perceived role of moderators in your subreddit?
A. Enforcing rules strictly
B. Maintaining a supportive atmosphere
C. Ignoring most disputes
D. Participating in discussions regularly
Select only one answer that best aligns with your opinions, by stating either A, B, C, or D. Do not provide any additional explanation or rationale for your choice.",A,C,B,9,train,train
5,24,"What is the minimum calorie intake for women, as mentioned in these communities?
A. 800 calories
B. 1000 calories
C. 1200 calories
D. 1500 calories
Select only one answer that best aligns with your opinions, by stating either A, B, C, or D. Do not provide any additional explanation or rationale for your choice.",C,C,C,10,train,test
5,24,"According to the comments, what is a common mistake people make when they think they are eating at a deficit?
A. Not exercising enough
B. Not tracking their food intake accurately
C. Eating too many carbs
D. Drinking too much water
Select only one answer that best aligns with your opinions, by stating either A, B, C, or D. Do not provide any additional explanation or rationale for your choice.",B,B,B,11,train,test
6,43,"What should you do if your partner dismisses your progress and belittles you?
A. Ignore it and move on
B. Confront and discuss it with them
C. Break up immediately
D. Seek advice from friends
Select only one answer that best aligns with your opinions, by stating either A, B, C, or D. Do not provide any additional explanation or rationale for your choice.",B,B,C,12,train,train
6,43,"What is a red flag in a relationship according to these discussions?
A. Your partner making you feel guilty for your success
B. Minor disagreements on daily habits
C. Disinterest in your hobbies
D. Financial disagreements
Select only one answer that best aligns with your opinions, by stating either A, B, C, or D. Do not provide any additional explanation or rationale for your choice.",A,A,A,13,train,train
7,100,"What type of food is often recommended to trigger leptin and suppress hunger pangs?
A. Carbs
B. Fatty foods
C. Sugary snacks
D. Fruits
Select only one answer that best aligns with your opinions, by stating either A, B, C, or D. Do not provide any additional explanation or rationale for your choice.",B,B,B,14,train,train
7,100,"What should you do if you experience intense cravings that don’t go away?
A. Give in immediately
B. Drink more water
C. Distract yourself with an activity
D. Starve the cravings out
Select only one answer that best aligns with your opinions, by stating either A, B, C, or D. Do not provide any additional explanation or rationale for your choice.",C,C,C,15,train,train
8,70,"What is the normal blood pressure range according to the comments?
A. Under 140/90
B. Under 130/80
C. Under 120/80
D. Under 110/70
Select only one answer that best aligns with your opinions, by stating either A, B, C, or D. Do not provide any additional explanation or rationale for your choice.",C,C,C,16,test,train
8,70,"Which supplement is mentioned in relation to lowering blood pressure in the comments?
A. Vitamin C
B. Coenzyme Q10
C. Omega-3
D. Calcium
Select only one answer that best aligns with your opinions, by stating either A, B, C, or D. Do not provide any additional explanation or rationale for your choice.",B,B,B,17,test,train
9,32,"What is your approach to combining smoking and dieting?  
A. Only smoke on weekends  
B. Smoke before meals  
C. Use nicotine supplements  
D. Avoid smoking altogether  
Select only one answer that best aligns with your opinions, by stating either A, B, C, or D. Do not provide any additional explanation or rationale for your choice.",B,D,C,18,train,test
9,32,"How do you view the role of cannabis in your exercise routine?  
A. It helps with focus and makes exercise more enjoyable  
B. It’s detrimental and should be avoided  
C. It's irrelevant to my exercise routine  
D. It should only be used post-exercise  
Select only one answer that best aligns with your opinions, by stating either A, B, C, or D. Do not provide any additional explanation or rationale for your choice.",B,D,C,19,train,test
10,73,"Which supplement combination is often recommended for improving bone health, specifically if you have a vitamin D deficiency?
A. Vitamin B12 and folic acid
B. Vitamin D and calcium
C. Vitamin C and iron
D. Vitamin E and magnesium
Select only one answer that best aligns with your opinions, by stating either A, B, C, or D. Do not provide any additional explanation or rationale for your choice.",B,B,B,20,test,train
10,73,"If you are not getting enough nutrients from your diet, what is the recommended first step?
A. Start taking random supplements
B. Consult a doctor for bloodwork
C. Increase intake of junk food
D. Only take multivitamins
Select only one answer that best aligns with your opinions, by stating either A, B, C, or D. Do not provide any additional explanation or rationale for your choice.",B,B,B,21,test,train
11,148,"What is a major piece of advice for new mothers focusing on weight loss?  
A. Start an intense exercise regimen immediately  
B. Give yourself time to heal and focus on the baby  
C. Follow a strict calorie-deficit diet  
D. Take supplements for quick weight loss  
Select only one answer that best aligns with your opinions, by stating either A, B, C, or D. Do not provide any additional explanation or rationale for your choice.",D,B,C,22,train,train
11,148,"How long can it take for the body to recover and stabilize postpartum?  
A. 3 months  
B. 6 months  
C. 1 year  
D. 2 years  
Select only one answer that best aligns with your opinions, by stating either A, B, C, or D. Do not provide any additional explanation or rationale for your choice.",C,A,B,23,train,train
12,36,"How long did it take for your body to adjust to a new contraceptive method?  
A. A few days  
B. A few weeks  
C. A few months  
D. Over a year  
Select only one answer that best aligns with your opinions, by stating either A, B, C, or D. Do not provide any additional explanation or rationale for your choice.",D,B,C,24,train,train
12,36,"What is a common reason for irregular periods mentioned across these subreddits?  
A. High-calorie diet  
B. Intense exercise  
C. Lack of sleep  
D. Stress  
Select only one answer that best aligns with your opinions, by stating either A, B, C, or D. Do not provide any additional explanation or rationale for your choice.",B,D,B,25,train,train
13,78,"What is a common side effect of ADHD medications mentioned by users?
A. Increased hunger
B. Suppressed appetite
C. Increased energy
D. Weight gain
Select only one answer that best aligns with your opinions, by stating either A, B, C, or D. Do not provide any additional explanation or rationale for your choice.",B,B,B,26,train,train
13,78,"Which combination is considered effective for weight loss by some users?
A. Vyvanse and high-carb diet
B. Keto and Ritalin
C. Keto and Vyvanse
D. Adderall and high-carb diet
Select only one answer that best aligns with your opinions, by stating either A, B, C, or D. Do not provide any additional explanation or rationale for your choice.",C,C,C,27,train,train
14,99,"What is the common perception of calorie estimates given by exercise machines?
A. Accurate for everyone
B. Overestimate calories burned
C. Underestimate calories burned
D. Accurate only for certain body types
Select only one answer that best aligns with your opinions, by stating either A, B, C, or D. Do not provide any additional explanation or rationale for your choice.",B,B,B,28,train,train
14,99,"What is the advised activity level setting on calorie calculators for most accurate results according to these comments?
A. Very active
B. Moderately active
C. Lightly active
D. Sedentary
Select only one answer that best aligns with your opinions, by stating either A, B, C, or D. Do not provide any additional explanation or rationale for your choice.",D,D,D,29,train,train
15,48,"Which of the following is the best starting point for calculating your calorie intake for weight loss?
A. Subtract 500 calories from your BMR
B. Subtract 500 calories from your TDEE
C. Subtract 300 calories from your BMR
D. Subtract 300 calories from your TDEE
Select only one answer that best aligns with your opinions, by stating either A, B, C, or D. Do not provide any additional explanation or rationale for your choice.",B,B,B,30,test,train
15,48,"What is the role of exercise in managing your TDEE for weight loss?
A. Exercise doesn't affect TDEE
B. Exercise slightly increases TDEE
C. Exercise significantly increases TDEE
D. Exercise decreases TDEE
Select only one answer that best aligns with your opinions, by stating either A, B, C, or D. Do not provide any additional explanation or rationale for your choice.",B,C,C,31,test,train
16,9,"What is the main reason you use heavy whipping cream in your coffee?
A. For a richer taste and texture
B. To increase fat intake
C. To reduce sugar content
D. To save calories
Select only one answer that best aligns with your opinions, by stating either A, B, C, or D. Do not provide any additional explanation or rationale for your choice.",A,C,D,32,train,train
16,9,"Which type of coffee do you find most satisfying in the morning?
A. Black coffee
B. Coffee with flavored creamer
C. Cold brew coffee
D. Coffee with almond milk
Select only one answer that best aligns with your opinions, by stating either A, B, C, or D. Do not provide any additional explanation or rationale for your choice.",D,A,B,33,train,train
17,2,"What is an effective strategy for setting and achieving goals?
A. Setting unattainable long-term goals
B. Starting with smaller, achievable goals
C. Only relying on motivation
D. Avoiding any goal setting
Select only one answer that best aligns with your opinions, by stating either A, B, C, or D. Do not provide any additional explanation or rationale for your choice.",B,B,B,34,test,train
17,2,"How should you handle feeling overwhelmed by the length of your journey?
A. Give up and start over later
B. Compare your progress to others
C. Focus on small daily steps
D. Ignore your feelings and push through
Select only one answer that best aligns with your opinions, by stating either A, B, C, or D. Do not provide any additional explanation or rationale for your choice.",C,C,C,35,test,train
18,124,"What is a common side effect of not hydrating properly before donating blood?
A. Increased hunger
B. Slower blood flow
C. Elevated blood pressure
D. Nausea
Select only one answer that best aligns with your opinions, by stating either A, B, C, or D. Do not provide any additional explanation or rationale for your choice.",B,B,B,36,train,train
18,124,"How often can you donate plasma according to the comments?
A. Once a week
B. Twice a week
C. Once a month
D. Twice a month
Select only one answer that best aligns with your opinions, by stating either A, B, C, or D. Do not provide any additional explanation or rationale for your choice.",B,B,B,37,train,train
19,19,"Which vegetable is often suggested as a low-carb substitute for potatoes in keto recipes?
A. Broccoli
B. Carrots
C. Cauliflower
D. Eggplant
Select only one answer that best aligns with your opinions, by stating either A, B, C, or D. Do not provide any additional explanation or rationale for your choice.",C,D,C,38,train,train
19,19,"What cooking method is favored by members for making vegetables taste better in r/WeightLossAdvice?
A. Boiling
B. Steaming
C. Roasting
D. Microwaving
Select only one answer that best aligns with your opinions, by stating either A, B, C, or D. Do not provide any additional explanation or rationale for your choice.",C,B,C,39,train,train
20,10,"Which of the following is a common reaction when clothes start fitting loosely?
A. Donating them
B. Feeling embarrassed
C. Altering them
D. Throwing them away
Select only one answer that best aligns with your opinions, by stating either A, B, C, or D. Do not provide any additional explanation or rationale for your choice.",A,A,A,40,train,test
20,10,"When buying new clothes after weight loss, what is a preferred method?
A. Shopping at high-end stores
B. Ordering online without trying on
C. Using thrift and discount stores
D. Tailoring existing clothes
Select only one answer that best aligns with your opinions, by stating either A, B, C, or D. Do not provide any additional explanation or rationale for your choice.",C,C,C,41,train,test
21,21,"Which dietary change is most commonly recommended for managing prediabetes?
A. Increasing protein intake
B. Reducing processed sugars
C. Eating more dairy
D. Taking vitamin supplements
Select only one answer that best aligns with your opinions, by stating either A, B, C, or D. Do not provide any additional explanation or rationale for your choice.",D,D,C,42,test,train
21,21,"Which of the following is a potential danger of following a keto diet for type 1 diabetics?
A. Weight gain
B. Ketoacidosis
C. Increased insulin production
D. Increased appetite
Select only one answer that best aligns with your opinions, by stating either A, B, C, or D. Do not provide any additional explanation or rationale for your choice.",B,D,B,43,test,train
22,23,"What is telogen effluvium?
A. A type of hair regrowth supplement
B. Hair loss caused by stress
C. A type of keto diet
D. A hair care product
Select only one answer that best aligns with your opinions, by stating either A, B, C, or D. Do not provide any additional explanation or rationale for your choice.",B,B,B,44,test,train
22,23,"Which hair care strategy is suggested to prevent hair breakage?
A. Using a messy bun
B. Using protective hairstyles
C. Washing hair every day
D. Avoiding all hair products
Select only one answer that best aligns with your opinions, by stating either A, B, C, or D. Do not provide any additional explanation or rationale for your choice.",B,B,B,45,test,train
23,4,"Which foods are mentioned as high sources of potassium?
A. Bananas and avocados
B. Chicken and rice
C. Bread and pasta
D. Cheese and yogurt
Select only one answer that best aligns with your opinions, by stating either A, B, C, or D. Do not provide any additional explanation or rationale for your choice.",A,A,A,46,train,train
23,4,"Which type of salt should you use to increase your potassium intake?
A. Table salt
B. Kosher salt
C. Lite salt
D. Sea salt
Select only one answer that best aligns with your opinions, by stating either A, B, C, or D. Do not provide any additional explanation or rationale for your choice.",C,C,C,47,train,train
24,42,"What’s the best way to start transitioning to an OMAD schedule?
A. Start with 16:8 fasting.
B. Go straight to OMAD.
C. Cut out snacking first.
D. Start with a 20:4 schedule.
Select only one answer that best aligns with your opinions, by stating either A, B, C, or D. Do not provide any additional explanation or rationale for your choice.",A,A,C,48,train,train
24,42,"How frequently do you incorporate OMAD into your routine?
A. Every day
B. A few times a week
C. Only on weekends
D. Rarely
Select only one answer that best aligns with your opinions, by stating either A, B, C, or D. Do not provide any additional explanation or rationale for your choice.",B,B,A,49,train,train
25,90,"What dietary factor is often linked to changes in libido?
A. Carbohydrates
B. Caloric deficit
C. Protein intake
D. Vitamin D
Select only one answer that best aligns with your opinions, by stating either A, B, C, or D. Do not provide any additional explanation or rationale for your choice.",A,B,A,50,train,train
25,90,"How do members feel about the impact of weight loss on their sex drive?
A. It decreases significantly
B. It remains unchanged
C. It increases
D. It fluctuates
Select only one answer that best aligns with your opinions, by stating either A, B, C, or D. Do not provide any additional explanation or rationale for your choice.",C,C,D,51,train,train
26,18,"How often do you usually allow yourself to have a cheat meal or day?
A. Weekly
B. Bi-weekly
C. Monthly
D. Rarely or never
Select only one answer that best aligns with your opinions, by stating either A, B, C, or D. Do not provide any additional explanation or rationale for your choice.",C,A,D,52,train,train
26,18,"What is your approach to tracking calories on cheat days?
A. Don’t track at all
B. Track but allow for higher intake
C. Only track certain meals
D. Maintain usual tracking rigor
Select only one answer that best aligns with your opinions, by stating either A, B, C, or D. Do not provide any additional explanation or rationale for your choice.",B,B,A,53,train,train
27,31,"Which soda brand is mentioned as tasting very close to its regular counterpart, but not quite the same?
A. Diet Coke
B. Coke Zero
C. Pepsi Max
D. Sprite Zero
Select only one answer that best aligns with your opinions, by stating either A, B, C, or D. Do not provide any additional explanation or rationale for your choice.",B,B,B,54,test,train
27,31,"What is a common concern about drinking too much diet soda?
A. It causes cavities
B. It leads to weight gain
C. It causes bloating
D. It increases caffeine intake
Select only one answer that best aligns with your opinions, by stating either A, B, C, or D. Do not provide any additional explanation or rationale for your choice.",B,B,C,55,test,train
28,12,"Which exercise is often recommended for beginners struggling with intense workouts?
A. Pilates
B. High-Intensity Interval Training (HIIT)
C. Heavy Weightlifting
D. Marathon Running
Select only one answer that best aligns with your opinions, by stating either A, B, C, or D. Do not provide any additional explanation or rationale for your choice.",A,C,B,56,test,train
28,12,"What is a common suggestion for someone feeling unmotivated to exercise?
A. Consider exercising only on weekends.
B. Set small, attainable goals.
C. Skip all workouts until motivated.
D. Focus exclusively on diet changes.
Select only one answer that best aligns with your opinions, by stating either A, B, C, or D. Do not provide any additional explanation or rationale for your choice.",B,D,C,57,test,train
29,42,"What is a common reason for starting OMAD?  
A. To promote autophagy  
B. To simplify meal planning  
C. To control hunger pangs  
D. To reduce calorie intake  
Select only one answer that best aligns with your opinions, by stating either A, B, C, or D. Do not provide any additional explanation or rationale for your choice.",B,B,C,58,train,train
29,42,"How do you handle plateaus while on OMAD?  
A. Increase caloric intake  
B. Switch to two meals a day temporarily  
C. Incorporate cheat days  
D. Do extended fasting  
Select only one answer that best aligns with your opinions, by stating either A, B, C, or D. Do not provide any additional explanation or rationale for your choice.",C,D,D,59,train,train
30,34,"Which protein powder is mentioned as having a flavor similar to regular milk and chocolate syrup?
A. Dymatize Gourmet Chocolate
B. Fairlife Chocolate
C. Vega Sport Vanilla
D. Pure Protein Chocolate
Select only one answer that best aligns with your opinions, by stating either A, B, C, or D. Do not provide any additional explanation or rationale for your choice.",A,B,D,60,train,train
30,34,"What is a common protein intake strategy when aiming for higher protein with fewer calories?
A. Mix with water
B. Use full-fat milk
C. Add heavy cream
D. Blend with juice
Select only one answer that best aligns with your opinions, by stating either A, B, C, or D. Do not provide any additional explanation or rationale for your choice.",A,A,A,61,train,train
31,102,"Which body area is recommended for a tattoo to minimize distortion with weight loss?
A. Stomach
B. Forearm
C. Thigh
D. Upper back
Select only one answer that best aligns with your opinions, by stating either A, B, C, or D. Do not provide any additional explanation or rationale for your choice.",B,C,D,62,train,test
31,102,"What is a common motivation for getting a tattoo after weight loss?
A. To cover stretch marks
B. To celebrate reaching a goal
C. To hide loose skin
D. To distract from imperfections
Select only one answer that best aligns with your opinions, by stating either A, B, C, or D. Do not provide any additional explanation or rationale for your choice.",C,C,D,63,train,test
32,12,"What is a common piece of advice given for someone who dislikes cardio but wants to stay fit?
A. Focus on strength training only
B. Mix in enjoyable activities like yoga or hiking
C. Do high-intensity interval training (HIIT)
D. Replace cardio with more intense weightlifting
Select only one answer that best aligns with your opinions, by stating either A, B, C, or D. Do not provide any additional explanation or rationale for your choice.",B,B,B,64,test,train
32,12,"What is recommended for someone looking to lose weight and maintain muscle?
A. Only do cardio workouts
B. Follow a high-protein diet and do weight training
C. Use resistance bands and light weights
D. Focus on bodyweight exercises only
Select only one answer that best aligns with your opinions, by stating either A, B, C, or D. Do not provide any additional explanation or rationale for your choice.",B,B,B,65,test,train
33,72,"What is a common cause of bloating mentioned across all subreddits?
A. Exercise
B. High fiber intake
C. Low water intake
D. Eating too quickly
Select only one answer that best aligns with your opinions, by stating either A, B, C, or D. Do not provide any additional explanation or rationale for your choice.",B,B,B,66,train,train
33,72,"What is a common strategy mentioned for reducing bloating?
A. Increasing sodium intake
B. Eating more processed foods
C. Drinking more water
D. Chewing gum
Select only one answer that best aligns with your opinions, by stating either A, B, C, or D. Do not provide any additional explanation or rationale for your choice.",C,C,C,67,train,train
34,3,"How should you handle seeing an unexpected weight gain on the scale?
A. Ignore it and continue your plan.
B. Weigh yourself again immediately.
C. Increase exercise drastically.
D. Restrict calorie intake severely.
Select only one answer that best aligns with your opinions, by stating either A, B, C, or D. Do not provide any additional explanation or rationale for your choice.",B,B,C,68,train,test
34,3,"What is a realistic weight loss rate per week?
A. 5 pounds
B. 0.5 to 2 pounds
C. 3 to 4 pounds
D. 4 to 6 pounds
Select only one answer that best aligns with your opinions, by stating either A, B, C, or D. Do not provide any additional explanation or rationale for your choice.",B,A,A,69,train,test
35,80,"What is a common psychological effect people experience during weight loss?
A. Immediate satisfaction with their new look
B. Struggle to see changes even after significant loss
C. Overestimation of weight loss
D. Underestimation of weight loss
Select only one answer that best aligns with your opinions, by stating either A, B, C, or D. Do not provide any additional explanation or rationale for your choice.",B,B,B,70,train,train
35,80,"Which part of the body do people often first notice changes during weight loss?
A. Waist
B. Thighs
C. Face
D. Arms
Select only one answer that best aligns with your opinions, by stating either A, B, C, or D. Do not provide any additional explanation or rationale for your choice.",C,C,C,71,train,train
36,23,"Which deficiency is most commonly linked to hair loss in these comments?
A. Vitamin C
B. Protein
C. Calcium
D. Potassium
Select only one answer that best aligns with your opinions, by stating either A, B, C, or D. Do not provide any additional explanation or rationale for your choice.",B,B,B,72,test,train
36,23,"How do members of these subreddits recommend improving hair health during weight loss?
A. Increasing cardio exercises
B. Taking hair growth shampoos
C. Ensuring a balanced diet with adequate nutrients
D. Avoiding all supplements
Select only one answer that best aligns with your opinions, by stating either A, B, C, or D. Do not provide any additional explanation or rationale for your choice.",C,C,C,73,test,train
37,22,"What is a common first goal weight mentioned in your weight loss journey?
A. 150 lbs
B. 200 lbs
C. 250 lbs
D. 300 lbs
Select only one answer that best aligns with your opinions, by stating either A, B, C, or D. Do not provide any additional explanation or rationale for your choice.",B,B,B,74,train,train
37,22,"How do you feel about the progress you've made so far?
A. Excited and motivated
B. Disheartened and frustrated
C. Neutral
D. Indifferent
Select only one answer that best aligns with your opinions, by stating either A, B, C, or D. Do not provide any additional explanation or rationale for your choice.",A,A,A,75,train,train
38,140,"Which fitness tracker feature do you find most useful?
A. Heart rate monitoring
B. Step counting
C. Sleep tracking
D. App notifications
Select only one answer that best aligns with your opinions, by stating either A, B, C, or D. Do not provide any additional explanation or rationale for your choice.",B,A,A,76,train,train
38,140,"Which brand of fitness tracker do you think is best for overall health monitoring?
A. Fitbit
B. Apple Watch
C. Garmin
D. Samsung Gear
Select only one answer that best aligns with your opinions, by stating either A, B, C, or D. Do not provide any additional explanation or rationale for your choice.",A,B,A,77,train,train
39,55,"What is a common solution suggested in r/keto for someone struggling with weight loss despite following CICO?
A. Increase exercise
B. Incorporate intermittent fasting
C. Eat more protein
D. Adjust macros to reduce carbs
Select only one answer that best aligns with your opinions, by stating either A, B, C, or D. Do not provide any additional explanation or rationale for your choice.",D,B,B,78,train,train
39,55,"Which book is frequently recommended in r/keto for understanding the limitations of CICO?
A. ""The Art and Science of Low Carbohydrate Living""
B. ""The Obesity Code""
C. ""Why We Get Fat""
D. ""Good Calories, Bad Calories""
Select only one answer that best aligns with your opinions, by stating either A, B, C, or D. Do not provide any additional explanation or rationale for your choice.",B,A,C,79,train,train
40,56,"What should you avoid consuming after taking levothyroxine?
A. Caffeine
B. Soy
C. Iron
D. All of the above
Select only one answer that best aligns with your opinions, by stating either A, B, C, or D. Do not provide any additional explanation or rationale for your choice.",D,D,D,80,train,test
40,56,"How does hypothyroidism typically affect metabolism?
A. Speeds it up significantly
B. Slows it down slightly
C. Slows it down significantly
D. No effect
Select only one answer that best aligns with your opinions, by stating either A, B, C, or D. Do not provide any additional explanation or rationale for your choice.",C,C,C,81,train,test
41,2,"When experiencing a relapse, what should be your next step?
A. Give up and wait for better conditions
B. Reflect, learn, and try again
C. Punish yourself for failing
D. Seek immediate professional help
Select only one answer that best aligns with your opinions, by stating either A, B, C, or D. Do not provide any additional explanation or rationale for your choice.",B,B,D,82,train,train
41,2,"What role does therapy play in your recovery?
A. Not necessary, self-help is enough
B. Essential for dealing with underlying issues
C. Only useful if no other options work
D. A waste of time and money
Select only one answer that best aligns with your opinions, by stating either A, B, C, or D. Do not provide any additional explanation or rationale for your choice.",B,B,B,83,train,train
42,14,"What should you do if someone constantly belittles your keto diet?
A. Ignore them.
B. Explain the benefits.
C. Change your diet.
D. Seek support from friends.
Select only one answer that best aligns with your opinions, by stating either A, B, C, or D. Do not provide any additional explanation or rationale for your choice.",B,A,D,84,train,train
42,14,"Why might someone fail to stick with the keto diet?
A. Lack of willpower.
B. Social pressures.
C. Misunderstanding the diet.
D. All of the above.
Select only one answer that best aligns with your opinions, by stating either A, B, C, or D. Do not provide any additional explanation or rationale for your choice.",B,D,D,85,train,train
43,15,"What strategy do you use to avoid eating food you don’t want during family meals?
A. Politely decline and change the subject
B. Take the food and don’t eat it
C. Explain your dietary restrictions
D. Avoid family meals altogether
Select only one answer that best aligns with your opinions, by stating either A, B, C, or D. Do not provide any additional explanation or rationale for your choice.",A,B,D,86,train,train
43,15,"How do you feel about people commenting on your food choices?
A. It’s amusing and easy to ignore
B. It’s frustrating but manageable
C. It makes me self-conscious and anxious
D. It motivates me to stick to my diet
Select only one answer that best aligns with your opinions, by stating either A, B, C, or D. Do not provide any additional explanation or rationale for your choice.",A,B,C,87,train,train
44,96,"What is your primary reason for tracking calories?
A. Weight loss
B. Ensuring proper nutrition
C. Managing eating habits
D. I don't track calories
Select only one answer that best aligns with your opinions, by stating either A, B, C, or D. Do not provide any additional explanation or rationale for your choice.",A,A,C,88,train,train
44,96,"How often do you weigh your food to ensure accurate portion sizes?
A. Always
B. Sometimes
C. Rarely
D. Never
Select only one answer that best aligns with your opinions, by stating either A, B, C, or D. Do not provide any additional explanation or rationale for your choice.",A,B,D,89,train,train
45,101,"Which ingredient is often added to keto porridge to increase its fiber content?
A. Oats
B. Flax seeds
C. Honey
D. Sugar
Select only one answer that best aligns with your opinions, by stating either A, B, C, or D. Do not provide any additional explanation or rationale for your choice.",A,B,D,90,train,train
45,101,"What type of milk is commonly used in overnight oats according to r/WeightLossAdvice?
A. Whole milk
B. Almond milk
C. Soy milk
D. Cashew milk
Select only one answer that best aligns with your opinions, by stating either A, B, C, or D. Do not provide any additional explanation or rationale for your choice.",B,C,B,91,train,train
46,32,"What is a common method to avoid overeating when smoking weed?
A. Eating a full meal before smoking
B. Using nicotine gum
C. Drinking alcohol instead
D. Exercising right after smoking
Select only one answer that best aligns with your opinions, by stating either A, B, C, or D. Do not provide any additional explanation or rationale for your choice.",A,A,A,92,train,test
46,32,"What is a suggested way to handle nicotine cravings without smoking?
A. Taking vitamin C
B. Using a plastic straw as a fake cigarette
C. Eating high-sugar snacks
D. Drinking coffee
Select only one answer that best aligns with your opinions, by stating either A, B, C, or D. Do not provide any additional explanation or rationale for your choice.",B,B,B,93,train,test
47,31,"Which drink is often suggested as a soda substitute for its low calorie content?
A. Regular soda
B. Sparkling water
C. Orange juice
D. Sweet tea
Select only one answer that best aligns with your opinions, by stating either A, B, C, or D. Do not provide any additional explanation or rationale for your choice.",B,B,B,94,train,train
47,31,"What is a common concern regarding artificial sweeteners in diet sodas?
A. They cause immediate weight gain.
B. They make the drink too sweet.
C. They might increase hunger and cravings.
D. They are more expensive than regular sodas.
Select only one answer that best aligns with your opinions, by stating either A, B, C, or D. Do not provide any additional explanation or rationale for your choice.",C,C,C,95,train,train
48,34,"Which brand of protein powder is often recommended in your community?
A. Isopure
B. Premier Protein
C. Vega
D. Gold Standard Whey
Select only one answer that best aligns with your opinions, by stating either A, B, C, or D. Do not provide any additional explanation or rationale for your choice.",A,B,D,96,train,train
48,34,"How do community members feel about using protein shakes as meal replacements?
A. They are convenient but should not replace whole foods entirely.
B. They are effective and can help with quick weight loss.
C. They cause bowel issues and are not sustainable long-term.
D. They are great for muscle recovery but should be used sparingly.
Select only one answer that best aligns with your opinions, by stating either A, B, C, or D. Do not provide any additional explanation or rationale for your choice.",A,C,D,97,train,train
49,103,"What is a major risk associated with taking over-the-counter diet pills?
A. Immediate weight loss
B. Liver and heart damage
C. Increased muscle mass
D. Improved sleep quality
Select only one answer that best aligns with your opinions, by stating either A, B, C, or D. Do not provide any additional explanation or rationale for your choice.",B,B,B,98,train,train
49,103,"According to the comments, which supplement is the only one approved by the FDA for weight loss?
A. Hydroxycut
B. Orlistat (Alli)
C. Garcinia Cambogia
D. CLA
Select only one answer that best aligns with your opinions, by stating either A, B, C, or D. Do not provide any additional explanation or rationale for your choice.",B,B,B,99,train,train
50,7,"What is one method suggested to help control emotional eating?
A. Tracking macros
B. Going for a walk
C. Drinking more coffee
D. Joining a support group
Select only one answer that best aligns with your opinions, by stating either A, B, C, or D. Do not provide any additional explanation or rationale for your choice.",A,B,D,100,train,train
50,7,"How do you handle leftovers to prevent overeating?
A. Store them in smaller portions
B. Give them away
C. Throw them out
D. Eat them all to avoid waste
Select only one answer that best aligns with your opinions, by stating either A, B, C, or D. Do not provide any additional explanation or rationale for your choice.",A,C,B,101,train,train
51,19,"What is a common method to make cauliflower rice more appetizing?
A. Fry with bacon fat
B. Roast in the oven with spices
C. Boil with chicken broth
D. Eat it raw with dips
Select only one answer that best aligns with your opinions, by stating either A, B, C, or D. Do not provide any additional explanation or rationale for your choice.",A,B,C,102,train,train
51,19,"What is your preferred way to add flavor to vegetables?
A. Use bacon grease and butter
B. Mix with olive oil and spices
C. Drizzle tahini or other sauces
D. Add soy sauce and ginger
Select only one answer that best aligns with your opinions, by stating either A, B, C, or D. Do not provide any additional explanation or rationale for your choice.",A,B,D,103,train,train
52,156,"According to the subreddit, what is the main factor that makes ""starvation mode"" a myth?
A. Fat reserves deplete too quickly.
B. Metabolic changes are only minor.
C. It only happens in extreme malnutrition.
D. Caloric deficit always results in weight loss.
Select only one answer that best aligns with your opinions, by stating either A, B, C, or D. Do not provide any additional explanation or rationale for your choice.",C,D,D,104,train,train
52,156,"Which of the following do members agree is a reliable sign that you are not in starvation mode?
A. Feeling extremely cold.
B. Losing muscle mass.
C. Consistent energy levels.
D. Lack of hunger.
Select only one answer that best aligns with your opinions, by stating either A, B, C, or D. Do not provide any additional explanation or rationale for your choice.",C,C,C,105,train,train
53,83,"Which method have you primarily relied on for weight management during the pandemic?
A. Keto diet
B. Increased physical activity
C. Stress management techniques
D. Fasting
Select only one answer that best aligns with your opinions, by stating either A, B, C, or D. Do not provide any additional explanation or rationale for your choice.",A,B,C,106,test,train
53,83,"How do you feel about the weight changes experienced during quarantine?
A. Motivated to get back on track
B. Indifferent or neutral
C. Extremely stressed and anxious
D. Encouraged by the progress made
Select only one answer that best aligns with your opinions, by stating either A, B, C, or D. Do not provide any additional explanation or rationale for your choice.",A,A,C,107,test,train
54,1,"How do you handle unsolicited advice or comments about your weight?
A. I ignore them and focus on my goals.
B. I try to educate the person giving advice.
C. I get upset but don’t confront them.
D. I change the topic immediately.
Select only one answer that best aligns with your opinions, by stating either A, B, C, or D. Do not provide any additional explanation or rationale for your choice.",D,A,C,108,train,train
54,1,"How frequently do you receive comments on your weight changes?
A. Rarely
B. Occasionally
C. Frequently
D. Almost every day
Select only one answer that best aligns with your opinions, by stating either A, B, C, or D. Do not provide any additional explanation or rationale for your choice.",B,C,D,109,train,train
55,2,"What is the most effective way to deal with waning motivation?
A. Daily discipline
B. Reading success stories
C. Seeking professional help
D. Setting new goals
Select only one answer that best aligns with your opinions, by stating either A, B, C, or D. Do not provide any additional explanation or rationale for your choice.",B,A,C,110,train,train
55,2,"How do you view the process of recovery or progress?
A. A straight path
B. A series of small steps
C. A cycle of ups and downs
D. A fight against yourself
Select only one answer that best aligns with your opinions, by stating either A, B, C, or D. Do not provide any additional explanation or rationale for your choice.",B,B,C,111,train,train
56,54,"What type of food substitutions do you usually make to cope with sweet cravings?
A. Artificial sweeteners and low-carb snacks
B. Fresh fruit and flavored water
C. Savory foods and sugar-free alternatives
D. High-protein foods
Select only one answer that best aligns with your opinions, by stating either A, B, C, or D. Do not provide any additional explanation or rationale for your choice.",A,B,C,112,test,train
56,54,"How do you deal with sugar cravings during periods of high stress or emotional distress?
A. Avoid sugar entirely and focus on keto-friendly foods
B. Allow small portions of sweets regularly
C. Use exposure therapy to gradually reintroduce sugar
D. Distract yourself with savory binge foods and address emotional triggers
Select only one answer that best aligns with your opinions, by stating either A, B, C, or D. Do not provide any additional explanation or rationale for your choice.",A,B,D,113,test,train
57,7,"What type of food do you find yourself bingeing on the most?
A. Sweets and desserts
B. Carbohydrate-rich foods
C. High-fat foods
D. Junk food and snacks
Select only one answer that best aligns with your opinions, by stating either A, B, C, or D. Do not provide any additional explanation or rationale for your choice.",A,B,C,114,train,train
57,7,"What is one major trigger that leads to binge eating for you?
A. Stress
B. Boredom
C. Celebrations
D. Availability of tempting food
Select only one answer that best aligns with your opinions, by stating either A, B, C, or D. Do not provide any additional explanation or rationale for your choice.",B,D,C,115,train,train
58,37,"What common side effect did you experience when taking Zoloft?
A. Weight gain
B. Reduced appetite
C. Sleeping issues
D. Brain zaps
Select only one answer that best aligns with your opinions, by stating either A, B, C, or D. Do not provide any additional explanation or rationale for your choice.",C,A,B,116,train,train
58,37,"Which medication has been reported to sometimes cause significant weight gain?
A. Lexapro
B. Wellbutrin
C. Prozac
D. Abilify
Select only one answer that best aligns with your opinions, by stating either A, B, C, or D. Do not provide any additional explanation or rationale for your choice.",D,D,D,117,train,train
59,17,"What is a common side effect you experience during extended fasts?
A. Increased energy
B. Weakness
C. Improved focus
D. Nausea
Select only one answer that best aligns with your opinions, by stating either A, B, C, or D. Do not provide any additional explanation or rationale for your choice.",D,D,D,118,train,test
59,17,"Which fasting schedule is known as the ""OMAD"" diet?
A. 16:8
B. 18:6
C. 20:4
D. One meal a day
Select only one answer that best aligns with your opinions, by stating either A, B, C, or D. Do not provide any additional explanation or rationale for your choice.",B,A,C,119,train,test
60,24,"What is a common recommended calorie deficit for sustainable weight loss?
A. 1000 calories
B. 500 calories
C. 200 calories
D. 1500 calories
Select only one answer that best aligns with your opinions, by stating either A, B, C, or D. Do not provide any additional explanation or rationale for your choice.",B,B,B,120,train,test
60,24,"For someone trying to lose weight, what is an acceptable minimum daily calorie intake mentioned frequently?
A. 800 calories
B. 900 calories
C. 1200 calories
D. 1500 calories
Select only one answer that best aligns with your opinions, by stating either A, B, C, or D. Do not provide any additional explanation or rationale for your choice.",C,C,C,121,train,test
61,24,"What is a common daily calorie intake recommendation for women aiming for weight loss but not extreme restriction?
A. 800-1000
B. 1000-1200
C. 1200-1500
D. 1500-1800
Select only one answer that best aligns with your opinions, by stating either A, B, C, or D. Do not provide any additional explanation or rationale for your choice.",C,C,B,122,train,test
61,24,"Which strategy is often recommended to avoid ""starvation mode"" while on a calorie deficit diet?
A. Eating below 1000 calories a day
B. Intermittent fasting
C. Ensuring a minimum of 1200 calories a day
D. Skipping meals
Select only one answer that best aligns with your opinions, by stating either A, B, C, or D. Do not provide any additional explanation or rationale for your choice.",C,A,D,123,train,test
62,3,"When is the best time to weigh yourself for the most consistent results?
A. In the morning after waking up
B. Before and after meals
C. Random times throughout the day
D. Before going to bed
Select only one answer that best aligns with your opinions, by stating either A, B, C, or D. Do not provide any additional explanation or rationale for your choice.",B,B,D,124,train,test
62,3,"What’s the primary reason for initial rapid weight loss when starting a diet?
A. Losing a large amount of fat quickly
B. Decrease in muscle mass
C. Water weight loss
D. Increase in metabolic rate
Select only one answer that best aligns with your opinions, by stating either A, B, C, or D. Do not provide any additional explanation or rationale for your choice.",B,B,C,125,train,test
63,19,"What is a common seasoning that is used in multiple recipes across the subreddits?
A. Cardamom
B. Garlic
C. Dill
D. Basil
Select only one answer that best aligns with your opinions, by stating either A, B, C, or D. Do not provide any additional explanation or rationale for your choice.",B,B,B,126,train,train
63,19,"What cooking method is recommended to ensure vegetables are crispy and flavorful?
A. Boiling
B. Steaming
C. Roasting
D. Microwaving
Select only one answer that best aligns with your opinions, by stating either A, B, C, or D. Do not provide any additional explanation or rationale for your choice.",C,C,C,127,train,train
64,44,"Which measurement is suggested as a better indicator of health than BMI?
A. Waist circumference
B. Body fat percentage
C. Muscle mass
D. Body weight
Select only one answer that best aligns with your opinions, by stating either A, B, C, or D. Do not provide any additional explanation or rationale for your choice.",B,B,B,128,train,train
64,44,"According to the comments, what height and weight range is often debated as being misrepresented by BMI?
A. Short and light individuals
B. Tall and muscular individuals
C. Average height and overweight individuals
D. Short and overweight individuals
Select only one answer that best aligns with your opinions, by stating either A, B, C, or D. Do not provide any additional explanation or rationale for your choice.",B,B,B,129,train,train
65,44,"According to these comments, which aspect of health is often overlooked by using BMI alone?
A. Dietary habits
B. Muscle mass
C. Water intake
D. Sleep quality
Select only one answer that best aligns with your opinions, by stating either A, B, C, or D. Do not provide any additional explanation or rationale for your choice.",C,A,D,130,train,train
65,44,"What is a suggested alternative to BMI for assessing health mentioned in these comments?
A. Daily step count
B. Body fat percentage
C. Blood pressure
D. Heart rate
Select only one answer that best aligns with your opinions, by stating either A, B, C, or D. Do not provide any additional explanation or rationale for your choice.",A,A,B,131,train,train
66,44,"What is the general consensus on the use of BMI for children and teenagers in your subreddit?
A. Accurate
B. Inaccurate
C. Should not be used
D. Useful but flawed
Select only one answer that best aligns with your opinions, by stating either A, B, C, or D. Do not provide any additional explanation or rationale for your choice.",D,B,C,132,train,train
66,44,"Which method is suggested in your community as better than BMI for assessing individual health?
A. Waist-to-height ratio
B. Body fat percentage
C. Weight alone
D. None, BMI is best
Select only one answer that best aligns with your opinions, by stating either A, B, C, or D. Do not provide any additional explanation or rationale for your choice.",A,B,B,133,train,train
67,4,"Which of the following is mentioned as the preferred form of magnesium supplement in the comments from r/keto?
A. Magnesium oxide
B. Magnesium citrate
C. Magnesium glycinate
D. Magnesium chloride
Select only one answer that best aligns with your opinions, by stating either A, B, C, or D. Do not provide any additional explanation or rationale for your choice.",B,A,C,134,train,train
67,4,"What is a suggested natural source of potassium mentioned in the comments?
A. Coconut water
B. Bananas
C. Avocado
D. All of the above
Select only one answer that best aligns with your opinions, by stating either A, B, C, or D. Do not provide any additional explanation or rationale for your choice.",D,B,D,135,train,train
68,27,"What is the primary factor influencing loose skin after significant weight loss?
A. Diet
B. Genetics
C. Age
D. Exercise
Select only one answer that best aligns with your opinions, by stating either A, B, C, or D. Do not provide any additional explanation or rationale for your choice.",B,B,B,136,train,train
68,27,"Which method is most frequently mentioned across the subreddits for potentially reducing loose skin without surgery?
A. Skin tightening creams
B. Slow weight loss
C. Collagen supplements
D. Fasting
Select only one answer that best aligns with your opinions, by stating either A, B, C, or D. Do not provide any additional explanation or rationale for your choice.",D,B,D,137,train,train
69,5,"How do you handle cravings for alcohol on a diet?
A. Avoid alcohol entirely.
B. Drink low-calorie or low-carb options.
C. Allow occasional drinking and count calories.
D. Replace alcohol with other activities.
Select only one answer that best aligns with your opinions, by stating either A, B, C, or D. Do not provide any additional explanation or rationale for your choice.",B,C,B,138,train,test
69,5,"What is the common advice about alcohol's impact on fat burning?
A. It boosts fat burning.
B. It has no impact.
C. It slows down fat burning.
D. It accelerates metabolism.
Select only one answer that best aligns with your opinions, by stating either A, B, C, or D. Do not provide any additional explanation or rationale for your choice.",C,C,C,139,train,test
70,56,"Which thyroid tests are often recommended for a comprehensive thyroid panel?
A. T4 and T3
B. TSH and T4 only
C. TSH, T4, T3, and antibodies
D. Only TSH
Select only one answer that best aligns with your opinions, by stating either A, B, C, or D. Do not provide any additional explanation or rationale for your choice.",C,C,C,140,train,test
70,56,"What dietary changes might someone with hypothyroidism consider?
A. Increasing carbohydrate intake
B. Reducing fat and increasing protein
C. Cutting out gluten and dairy
D. Eating more seafood and fish
Select only one answer that best aligns with your opinions, by stating either A, B, C, or D. Do not provide any additional explanation or rationale for your choice.",B,C,C,141,train,test
71,44,"What is considered an ideal BMI range for an average adult?
A. 15-20
B. 18.5-24.9
C. 25-30
D. 30-35
Select only one answer that best aligns with your opinions, by stating either A, B, C, or D. Do not provide any additional explanation or rationale for your choice.",B,B,B,142,train,train
71,44,"Which factor is NOT considered in the BMI calculation?
A. Height
B. Weight
C. Muscle Mass
D. Age
Select only one answer that best aligns with your opinions, by stating either A, B, C, or D. Do not provide any additional explanation or rationale for your choice.",C,C,C,143,train,train
72,13,"What is a common concern mentioned about starting a keto diet?
A. High triglycerides
B. Increased LDL
C. Low HDL
D. Increased blood pressure
Select only one answer that best aligns with your opinions, by stating either A, B, C, or D. Do not provide any additional explanation or rationale for your choice.",B,B,B,144,train,train
72,13,"Which method is suggested for more accurately measuring cholesterol levels while on keto?
A. Standard fasting blood test
B. Calcium scan
C. NMR lipoprofile
D. LDL particle size test
Select only one answer that best aligns with your opinions, by stating either A, B, C, or D. Do not provide any additional explanation or rationale for your choice.",C,A,A,145,train,train
73,17,"Which fasting duration is most commonly mentioned for beginners?
A. 12:12
B. 14:10
C. 16:8
D. 20:4
Select only one answer that best aligns with your opinions, by stating either A, B, C, or D. Do not provide any additional explanation or rationale for your choice.",C,C,C,146,train,test
73,17,"What is a recommended approach if you struggle with fasting?
A. Extend fasting periods gradually
B. Immediately switch to longer fasts
C. Avoid fasting completely
D. Only fast on weekends
Select only one answer that best aligns with your opinions, by stating either A, B, C, or D. Do not provide any additional explanation or rationale for your choice.",A,A,A,147,train,test
74,110,"What is a common reason for people to avoid dairy products according to the comments?
A. Weight gain
B. Lactose intolerance
C. High calorie content
D. Ethical concerns
Select only one answer that best aligns with your opinions, by stating either A, B, C, or D. Do not provide any additional explanation or rationale for your choice.",B,B,B,148,train,test
74,110,"What alternative to milk do some commenters prefer due to lactose intolerance or dietary preferences?
A. Soy milk
B. Oat milk
C. Almond milk
D. Coconut milk
Select only one answer that best aligns with your opinions, by stating either A, B, C, or D. Do not provide any additional explanation or rationale for your choice.",C,B,B,149,train,test
75,144,"What is commonly paired with fruit to make it a more balanced snack?
A. Cheese
B. Nut butter
C. Ice cream
D. Crackers
Select only one answer that best aligns with your opinions, by stating either A, B, C, or D. Do not provide any additional explanation or rationale for your choice.",B,B,B,150,train,train
75,144,"What is the general consensus on the role of fiber in fruit consumption?
A. It's negligible and doesn't matter much.
B. It helps slow down sugar absorption.
C. It enhances the flavor.
D. It decreases the overall calorie content.
Select only one answer that best aligns with your opinions, by stating either A, B, C, or D. Do not provide any additional explanation or rationale for your choice.",B,B,B,151,train,train
76,12,"What type of cardio machine is mentioned as being very difficult for one user in the comments?
A. Elliptical
B. Stairclimber
C. Rowing machine
D. Treadmill
Select only one answer that best aligns with your opinions, by stating either A, B, C, or D. Do not provide any additional explanation or rationale for your choice.",B,B,A,152,train,train
76,12,"Which program is highly recommended for women looking to gain muscle and lose fat?
A. StrongLifts 5x5
B. Ice Cream Fitness 5x5
C. Strong Curves
D. Les Mills Body Pump
Select only one answer that best aligns with your opinions, by stating either A, B, C, or D. Do not provide any additional explanation or rationale for your choice.",C,D,B,153,train,train
77,142,"What do members of your subreddit often replace breakfast with?
A. Black coffee
B. Protein shakes
C. Small snacks
D. Nothing, they wait until lunch
Select only one answer that best aligns with your opinions, by stating either A, B, C, or D. Do not provide any additional explanation or rationale for your choice.",A,B,A,154,train,train
77,142,"How do members of your subreddit usually feel about the statement ""Breakfast is the most important meal of the day""?
A. Strongly agree
B. Agree
C. Disagree
D. Strongly disagree
Select only one answer that best aligns with your opinions, by stating either A, B, C, or D. Do not provide any additional explanation or rationale for your choice.",D,C,C,155,train,train
78,78,"What is a common side effect of ADHD medications mentioned across the subreddits?
A. Increased appetite
B. Decreased appetite
C. Drowsiness
D. Insomnia
Select only one answer that best aligns with your opinions, by stating either A, B, C, or D. Do not provide any additional explanation or rationale for your choice.",B,A,B,156,train,train
78,78,"Which strategy is suggested for dealing with the appetite-suppressing effects of ADHD medications?
A. Skipping meals
B. Eating large meals only once a day
C. Eating small snacks throughout the day
D. Avoiding food altogether
Select only one answer that best aligns with your opinions, by stating either A, B, C, or D. Do not provide any additional explanation or rationale for your choice.",B,D,B,157,train,train
79,23,"Which of the following is mentioned as a common reason for hair loss during weight loss?
A. Lack of sleep
B. Inadequate protein intake
C. Too much exercise
D. Overeating
Select only one answer that best aligns with your opinions, by stating either A, B, C, or D. Do not provide any additional explanation or rationale for your choice.",B,B,B,158,test,train
79,23,"What is a suggested treatment for hair thinning caused by restrictive diets?
A. Increase calorie intake
B. Reduce water consumption
C. Avoid all fats
D. Increase sugar intake
Select only one answer that best aligns with your opinions, by stating either A, B, C, or D. Do not provide any additional explanation or rationale for your choice.",A,A,A,159,test,train
80,59,"What is a common sentiment about breast size changes after weight loss?
A. Excitement
B. Indifference
C. Mixed feelings
D. Regret
Select only one answer that best aligns with your opinions, by stating either A, B, C, or D. Do not provide any additional explanation or rationale for your choice.",C,C,D,160,train,train
80,59,"Which bra size change is commonly reported after significant weight loss?
A. Smaller band but same cup size
B. Smaller cup but same band size
C. Both band and cup size increase
D. No change in bra size
Select only one answer that best aligns with your opinions, by stating either A, B, C, or D. Do not provide any additional explanation or rationale for your choice.",A,A,A,161,train,train
81,53,"What might be a reason a mom doesn't support her child's success?
A. Jealousy and insecurities
B. Lack of understanding
C. Concern for health
D. Indifference
Select only one answer that best aligns with your opinions, by stating either A, B, C, or D. Do not provide any additional explanation or rationale for your choice.",A,A,A,162,train,train
81,53,"What is a common reaction when setting boundaries with a friend who is hurtful?
A. The friend becomes angry
B. The friend respects the boundaries
C. The friend doesn't change
D. The friend ends the friendship
Select only one answer that best aligns with your opinions, by stating either A, B, C, or D. Do not provide any additional explanation or rationale for your choice.",C,C,C,163,train,train
82,1,"What is a common reaction from people when they notice you’ve lost weight?
A. They ignore it.
B. They make positive comments.
C. They express concern.
D. They feel jealous.
Select only one answer that best aligns with your opinions, by stating either A, B, C, or D. Do not provide any additional explanation or rationale for your choice.",C,B,D,164,train,train
82,1,"How do family members typically respond to your weight changes?
A. They are always supportive.
B. They give mixed reactions, sometimes positive, sometimes negative.
C. They don't notice.
D. They avoid the topic altogether.
Select only one answer that best aligns with your opinions, by stating either A, B, C, or D. Do not provide any additional explanation or rationale for your choice.",B,B,B,165,train,train
83,72,"Which of the following supplements is commonly recommended for reducing bloating?
A. Potassium
B. Vitamin C
C. Iron
D. B12
Select only one answer that best aligns with your opinions, by stating either A, B, C, or D. Do not provide any additional explanation or rationale for your choice.",A,A,A,166,train,train
83,72,"Which liquid is frequently suggested to help with bloating?
A. Soda
B. Green tea
C. Coffee
D. Milk
Select only one answer that best aligns with your opinions, by stating either A, B, C, or D. Do not provide any additional explanation or rationale for your choice.",B,B,B,167,train,train
84,86,"Which type of bariatric surgery is mentioned as outdated by some members?
A. Gastric sleeve
B. Lap band
C. Gastric bypass
D. Mini gastric bypass
Select only one answer that best aligns with your opinions, by stating either A, B, C, or D. Do not provide any additional explanation or rationale for your choice.",B,B,B,168,train,test
84,86,"According to these comments, what is a common requirement before one can undergo bariatric surgery?
A. Psychological evaluation
B. Long-term medication
C. High protein diet
D. Maintaining weight for a year
Select only one answer that best aligns with your opinions, by stating either A, B, C, or D. Do not provide any additional explanation or rationale for your choice.",A,A,A,169,train,test
85,48,"What does BMR represent?
A. Calories burned through daily activities
B. Calories burned at complete rest
C. Calories burned during exercise
D. Calories needed to gain weight
Select only one answer that best aligns with your opinions, by stating either A, B, C, or D. Do not provide any additional explanation or rationale for your choice.",B,B,B,170,train,train
85,48,"How should you adjust your calorie intake if you’re not losing weight?
A. Increase exercise
B. Lower calorie intake
C. Recalculate TDEE
D. All of the above
Select only one answer that best aligns with your opinions, by stating either A, B, C, or D. Do not provide any additional explanation or rationale for your choice.",D,D,D,171,train,train
86,47,"Which nut is considered a favorite but difficult to resist for members?
A. Walnuts
B. Pistachios
C. Macadamia nuts
D. Cashews
Select only one answer that best aligns with your opinions, by stating either A, B, C, or D. Do not provide any additional explanation or rationale for your choice.",C,D,C,172,test,train
86,47,"What is a common alternative to regular peanut butter among members?
A. Almond butter
B. PBfit powder
C. Cashew butter
D. Hazelnut spread
Select only one answer that best aligns with your opinions, by stating either A, B, C, or D. Do not provide any additional explanation or rationale for your choice.",B,B,B,173,test,train
87,37,"Which antidepressant is often considered weight-neutral or can even cause weight loss?
A. Lexapro
B. Prozac
C. Wellbutrin
D. Zoloft
Select only one answer that best aligns with your opinions, by stating either A, B, C, or D. Do not provide any additional explanation or rationale for your choice.",C,C,C,174,train,train
87,37,"What is a common reason for weight gain on medications like Lexapro or Prozac?
A. Increased metabolism
B. Reduced physical activity
C. Increased appetite
D. Fluid retention
Select only one answer that best aligns with your opinions, by stating either A, B, C, or D. Do not provide any additional explanation or rationale for your choice.",C,C,C,175,train,train
88,16,"How do people feel about Amberlynn Reid's behavior?
A. She's inspiring.
B. She's manipulative and dishonest.
C. She's just misunderstood.
D. She needs more support.
Select only one answer that best aligns with your opinions, by stating either A, B, C, or D. Do not provide any additional explanation or rationale for your choice.",B,B,B,176,test,train
88,16,"What do members think about using TV shows for weight loss motivation?
A. It's a good motivational tool.
B. It's mean and exploitative.
C. It's neither effective nor harmful.
D. It's unrealistic.
Select only one answer that best aligns with your opinions, by stating either A, B, C, or D. Do not provide any additional explanation or rationale for your choice.",A,A,B,177,test,train
89,97,"What is a common recommendation for overcoming gym anxiety?
A. Avoid peak hours
B. Wear bright workout clothes
C. Only use cardio machines
D. Take selfies at the gym
Select only one answer that best aligns with your opinions, by stating either A, B, C, or D. Do not provide any additional explanation or rationale for your choice.",A,A,A,178,train,train
89,97,"What is a reason people might feel intimidated at the gym?
A. Lack of workout knowledge
B. Too many friendly people
C. Gym membership costs
D. Equipment availability
Select only one answer that best aligns with your opinions, by stating either A, B, C, or D. Do not provide any additional explanation or rationale for your choice.",A,A,A,179,train,train
90,10,"What is a common way to handle oversized clothes during weight loss?
A. Donate them
B. Keep them as backups
C. Alter them
D. Sell them
Select only one answer that best aligns with your opinions, by stating either A, B, C, or D. Do not provide any additional explanation or rationale for your choice.",B,A,B,180,train,test
90,10,"Where do you often shop for affordable clothing replacements?
A. Kohl’s
B. Thrift stores
C. High-end boutiques
D. Online retailers
Select only one answer that best aligns with your opinions, by stating either A, B, C, or D. Do not provide any additional explanation or rationale for your choice.",A,A,A,181,train,test
91,7,"Why do some people binge eat even when they are not physically hungry?
A. Emotional triggers
B. Habitual behavior
C. Lack of self-control
D. All of the above
Select only one answer that best aligns with your opinions, by stating either A, B, C, or D. Do not provide any additional explanation or rationale for your choice.",D,D,D,182,train,train
91,7,"What is a common reason people avoid bringing binge foods into their house?
A. To save money
B. To reduce temptation
C. To avoid sharing with others
D. To clear out old food first
Select only one answer that best aligns with your opinions, by stating either A, B, C, or D. Do not provide any additional explanation or rationale for your choice.",B,B,B,183,train,train
92,91,"When weighing food, which unit of measurement do you find most accurate?
A. Ounces
B. Grams
C. Cups
D. Milliliters
Select only one answer that best aligns with your opinions, by stating either A, B, C, or D. Do not provide any additional explanation or rationale for your choice.",B,B,B,184,train,train
92,91,"What feature is essential for a kitchen scale to have?
A. Auto-off function
B. Tare button
C. Calorie calculator
D. Bluetooth connectivity
Select only one answer that best aligns with your opinions, by stating either A, B, C, or D. Do not provide any additional explanation or rationale for your choice.",B,B,B,185,train,train
93,6,"What is considered the most important macro to hit when on a weight loss plan?
A. Protein
B. Carbohydrates
C. Fat
D. Fiber
Select only one answer that best aligns with your opinions, by stating either A, B, C, or D. Do not provide any additional explanation or rationale for your choice.",B,C,A,186,train,train
93,6,"How much protein per pound of body weight is generally recommended for muscle preservation during weight loss?
A. 0.5 grams
B. 0.8 grams
C. 1 gram
D. 1.2 grams
Select only one answer that best aligns with your opinions, by stating either A, B, C, or D. Do not provide any additional explanation or rationale for your choice.",A,C,A,187,train,train
94,18,"When you have a cheat meal, what is the most important aspect to consider?
A. The type of food you are eating
B. The timing of the cheat meal
C. Balancing it with exercise
D. How it fits into your weekly calorie intake
Select only one answer that best aligns with your opinions, by stating either A, B, C, or D. Do not provide any additional explanation or rationale for your choice.",C,D,B,188,train,train
94,18,"What is a common consequence of having a cheat day that members want to avoid?
A. Feeling physically ill or in pain
B. Regaining lost weight
C. Losing control over eating habits
D. Increased cravings for unhealthy foods
Select only one answer that best aligns with your opinions, by stating either A, B, C, or D. Do not provide any additional explanation or rationale for your choice.",A,B,C,189,train,train
95,42,"What is a major benefit of OMAD mentioned by users?
A. Increased energy
B. Simplified meal planning
C. Enhanced muscle growth
D. Improved sleep quality
Select only one answer that best aligns with your opinions, by stating either A, B, C, or D. Do not provide any additional explanation or rationale for your choice.",B,B,B,190,train,train
95,42,"How long do people typically fast when following an OMAD schedule?
A. 16 hours
B. 18 hours
C. 20 hours
D. 23 hours
Select only one answer that best aligns with your opinions, by stating either A, B, C, or D. Do not provide any additional explanation or rationale for your choice.",D,D,D,191,train,train
96,17,"How does the timing of your last meal before a fast affect your fasting experience?
A. The more carbs you eat, the harder the fast will be.
B. Eating high-fat meals makes fasting easier.
C. The timing doesn't really matter.
D. Eating protein-rich meals makes fasting easier.
Select only one answer that best aligns with your opinions, by stating either A, B, C, or D. Do not provide any additional explanation or rationale for your choice.",A,A,A,192,train,test
96,17,"What is a common concern when starting intermittent fasting?
A. The initial hunger pangs.
B. Dehydration.
C. Loss of muscle mass.
D. Nutrient deficiency.
Select only one answer that best aligns with your opinions, by stating either A, B, C, or D. Do not provide any additional explanation or rationale for your choice.",A,A,A,193,train,test
97,20,"What remedy did you find most effective for keto rash?
A. Grapefruit oil wipes
B. Ox bile capsules
C. Dandelion tea
D. Black seed oil
Select only one answer that best aligns with your opinions, by stating either A, B, C, or D. Do not provide any additional explanation or rationale for your choice.",B,A,A,194,train,train
97,20,"Which skin condition did you experience when starting a new diet or exercise routine?
A. Increased acne
B. Dry skin
C. Hives
D. Eczema
Select only one answer that best aligns with your opinions, by stating either A, B, C, or D. Do not provide any additional explanation or rationale for your choice.",B,B,B,195,train,train
98,62,"What dietary approach has been recommended to you for managing PCOS and weight loss?
A. Keto
B. Low-carb, high-protein
C. Balanced diet with portion control
D. Plant-based, gluten-free
Select only one answer that best aligns with your opinions, by stating either A, B, C, or D. Do not provide any additional explanation or rationale for your choice.",A,B,B,196,train,train
98,62,"Which supplements have been mentioned as helpful for managing PCOS symptoms?
A. Electrolyte drops
B. Metformin
C. Inositol
D. Berberine
Select only one answer that best aligns with your opinions, by stating either A, B, C, or D. Do not provide any additional explanation or rationale for your choice.",C,B,D,197,train,train
99,19,"How do you usually prepare bacon for your meals?
A. Crumbled from a bag
B. Cooked fresh and added to dishes
C. Avoid bacon
D. Use bacon bits as seasoning
Select only one answer that best aligns with your opinions, by stating either A, B, C, or D. Do not provide any additional explanation or rationale for your choice.",A,B,C,198,train,train
99,19,"What is your preferred method for adding flavor to cauliflower?
A. Baking with cheese
B. Roasting with olive oil
C. Air frying with spices
D. Steaming with herbs
Select only one answer that best aligns with your opinions, by stating either A, B, C, or D. Do not provide any additional explanation or rationale for your choice.",A,B,C,199,train,train
100,31,"How do people generally handle cravings for soda?
A. Drink diet soda
B. Replace with sparkling water
C. Avoid entirely
D. Drink regular soda in moderation
Select only one answer that best aligns with your opinions, by stating either A, B, C, or D. Do not provide any additional explanation or rationale for your choice.",B,A,A,200,train,train
100,31,"What do people suggest adding to carbonated water to improve the taste?
A. Lemon juice
B. Fruit extracts
C. Artificial sweeteners
D. Herbal teas
Select only one answer that best aligns with your opinions, by stating either A, B, C, or D. Do not provide any additional explanation or rationale for your choice.",A,B,B,201,train,train
101,55,"What is a common criticism of the CICO model in your community?
A. It doesn’t account for individual metabolic effects.
B. It’s too restrictive and hard to maintain.
C. It ignores nutritional content of foods.
D. It fails entirely as a weight loss strategy.
Select only one answer that best aligns with your opinions, by stating either A, B, C, or D. Do not provide any additional explanation or rationale for your choice.",A,C,A,202,train,train
101,55,"What is the primary focus when it comes to weight loss in your subreddit?
A. Managing insulin levels and hormonal balance.
B. Maintaining a calorie deficit.
C. Balancing all macronutrients equally.
D. Addressing psychological factors influencing eating habits.
Select only one answer that best aligns with your opinions, by stating either A, B, C, or D. Do not provide any additional explanation or rationale for your choice.",A,B,D,203,train,train
102,32,"What is a common reason for people to use cannabis despite its potential downsides?
A. Helps with pain and sleep
B. It’s a healthier alternative to smoking cigarettes
C. Enhances focus during workouts
D. Calms anxiety and helps with depression
Select only one answer that best aligns with your opinions, by stating either A, B, C, or D. Do not provide any additional explanation or rationale for your choice.",C,A,D,204,train,test
102,32,"What do people often use as a strategy to avoid gaining weight while quitting smoking?
A. Drinking water when feeling hungry
B. Smoking weed to avoid snacking
C. Using nicotine gum or patches
D. Eating a large meal before smoking
Select only one answer that best aligns with your opinions, by stating either A, B, C, or D. Do not provide any additional explanation or rationale for your choice.",C,C,A,205,train,test
103,36,"What factor has significantly influenced your decision to change birth control methods?
A. Weight gain
B. Spotting and irregular periods
C. Cramping and menstrual pain
D. Hormonal effects on mood
Select only one answer that best aligns with your opinions, by stating either A, B, C, or D. Do not provide any additional explanation or rationale for your choice.",A,A,A,206,train,train
103,36,"What solution do members suggest for dealing with period irregularities when losing weight?
A. Consult a doctor
B. Increase calorie intake
C. Adjust workout intensity
D. Switch birth control methods
Select only one answer that best aligns with your opinions, by stating either A, B, C, or D. Do not provide any additional explanation or rationale for your choice.",A,A,A,207,train,train
104,24,"What should someone do if they stop losing weight on a low-calorie diet?
A. Decrease calories further
B. Increase fat intake
C. Add more exercise
D. Consult a doctor
Select only one answer that best aligns with your opinions, by stating either A, B, C, or D. Do not provide any additional explanation or rationale for your choice.",C,D,D,208,test,test
104,24,"How many calories should you aim to consume at a minimum to avoid metabolic damage?
A. 800
B. 1000
C. 1200
D. 1500
Select only one answer that best aligns with your opinions, by stating either A, B, C, or D. Do not provide any additional explanation or rationale for your choice.",C,C,C,209,test,test
105,86,"Which type of bariatric surgery involves removing part of the stomach and can prevent eating sugary and high-fat foods due to bad side effects?
A. Gastric Band
B. Gastric Bypass
C. Gastric Sleeve
D. Lap Band
Select only one answer that best aligns with your opinions, by stating either A, B, C, or D. Do not provide any additional explanation or rationale for your choice.",B,B,B,210,train,test
105,86,"What is a common requirement before undergoing weight loss surgery according to some members' experiences?
A. Maintaining weight for a significant time
B. Immediate surgery without prep
C. Following a high-carb diet
D. Avoiding any exercise
Select only one answer that best aligns with your opinions, by stating either A, B, C, or D. Do not provide any additional explanation or rationale for your choice.",A,A,A,211,train,test
106,143,"What do you find most effective in dealing with period cravings?
A. Eating high-protein foods
B. Fasting intermittently
C. Drinking more water
D. Eating small amounts of desired foods
Select only one answer that best aligns with your opinions, by stating either A, B, C, or D. Do not provide any additional explanation or rationale for your choice.",B,D,D,212,train,train
106,143,"How do you feel about eating at maintenance calories during your period?
A. It helps manage cravings and hunger.
B. It’s not necessary; just stick to the usual diet.
C. It feels like giving up on goals.
D. It makes me feel out of control.
Select only one answer that best aligns with your opinions, by stating either A, B, C, or D. Do not provide any additional explanation or rationale for your choice.",A,A,D,213,train,train
107,174,"What is a common recommendation for daily water intake based on body weight?
A. Half body weight in ounces
B. 8 glasses a day
C. 1 liter per 20 kg
D. As much as possible
Select only one answer that best aligns with your opinions, by stating either A, B, C, or D. Do not provide any additional explanation or rationale for your choice.",A,A,A,214,train,train
107,174,"What is a sign that you are drinking enough water?
A. Dark yellow urine
B. Clear urine
C. Pale yellow urine
D. Not feeling thirsty
Select only one answer that best aligns with your opinions, by stating either A, B, C, or D. Do not provide any additional explanation or rationale for your choice.",C,C,C,215,train,train
108,44,"What is the healthy BMI range?
A. 15-20
B. 18.5-24.9
C. 20-25
D. 25-30
Select only one answer that best aligns with your opinions, by stating either A, B, C, or D. Do not provide any additional explanation or rationale for your choice.",B,B,B,216,train,train
108,44,"What should be prioritized when focusing on weight management?
A. Achieving a specific BMI
B. Building muscle and reducing fat
C. Ignoring all metrics and just eating less
D. Listening to family and friends' opinions
Select only one answer that best aligns with your opinions, by stating either A, B, C, or D. Do not provide any additional explanation or rationale for your choice.",B,B,B,217,train,train
109,31,"Which artificial sweetener is commonly mentioned as being used in diet sodas?
A. Sucralose
B. Aspartame
C. Stevia
D. Saccharin
Select only one answer that best aligns with your opinions, by stating either A, B, C, or D. Do not provide any additional explanation or rationale for your choice.",C,C,D,218,train,train
109,31,"What is a common reason for choosing diet soda over regular soda according to these communities?
A. Fewer calories
B. Better taste
C. Less sugar
D. More carbonation
Select only one answer that best aligns with your opinions, by stating either A, B, C, or D. Do not provide any additional explanation or rationale for your choice.",D,B,D,219,train,train
110,9,"Which of the following is suggested for adding flavor to tea without adding calories?
A. Sugar.
B. Honey.
C. Fresh or frozen fruit.
D. Whole milk.
Select only one answer that best aligns with your opinions, by stating either A, B, C, or D. Do not provide any additional explanation or rationale for your choice.",C,C,C,220,train,train
110,9,"What do members suggest for making yogurt more enjoyable while keeping it low in sugar?
A. Adding granola.
B. Mixing in sweetened fruit.
C. Adding a bit of honey or sweetener.
D. Mixing in frozen fruit or nuts.
Select only one answer that best aligns with your opinions, by stating either A, B, C, or D. Do not provide any additional explanation or rationale for your choice.",D,D,D,221,train,train
111,56,"What is a common issue people face when trying to lose weight with thyroid problems?
A. Medication not working
B. Doctors not adjusting doses
C. Eating too few calories
D. All of the above
Select only one answer that best aligns with your opinions, by stating either A, B, C, or D. Do not provide any additional explanation or rationale for your choice.",D,D,D,222,train,test
111,56,"What should you do if your thyroid medication does not seem effective?
A. Increase your dose on your own
B. Consult a different doctor
C. Stop taking the medication
D. Switch to a natural thyroid medication
Select only one answer that best aligns with your opinions, by stating either A, B, C, or D. Do not provide any additional explanation or rationale for your choice.",B,B,B,223,train,test
112,27,"Which factor is most commonly mentioned as influencing loose skin after weight loss?
A. Speed of weight loss
B. Type of diet
C. Amount of exercise
D. Skin care routine
Select only one answer that best aligns with your opinions, by stating either A, B, C, or D. Do not provide any additional explanation or rationale for your choice.",A,A,A,224,train,train
112,27,"What is a suggested method to help with loose skin that involves eating patterns?
A. High-carb diet
B. Extended fasting
C. Low-fat diet
D. Frequent snacking
Select only one answer that best aligns with your opinions, by stating either A, B, C, or D. Do not provide any additional explanation or rationale for your choice.",B,B,B,225,train,train
113,10,"What strategy do you use to determine your current clothing size?
A. Using a tape measure and size charts
B. Trying on clothes in-store
C. Guessing based on past sizes
D. Buying larger sizes just in case
Select only one answer that best aligns with your opinions, by stating either A, B, C, or D. Do not provide any additional explanation or rationale for your choice.",B,A,D,226,train,test
113,10,"Where do you prefer to shop for new clothes during your weight loss journey?
A. Thrift stores
B. Discount stores
C. Online stores
D. High-end retail
Select only one answer that best aligns with your opinions, by stating either A, B, C, or D. Do not provide any additional explanation or rationale for your choice.",A,B,C,227,train,test
114,34,"Which brand of protein powder is commonly recommended across different preferences?
A. Vega
B. Isopure
C. Premier Protein
D. Optimum Nutrition
Select only one answer that best aligns with your opinions, by stating either A, B, C, or D. Do not provide any additional explanation or rationale for your choice.",B,C,C,228,train,train
114,34,"What is a common reason for using protein shakes among members of these subreddits?
A. Convenience for quick meals
B. Taste preference
C. Nutritional completeness
D. Weight gain
Select only one answer that best aligns with your opinions, by stating either A, B, C, or D. Do not provide any additional explanation or rationale for your choice.",A,A,A,229,train,train
115,15,"What is a common reaction from family when you decline food they offer?
A. Respect your choice
B. Feel offended
C. Ignore your refusal and insist
D. Support you
Select only one answer that best aligns with your opinions, by stating either A, B, C, or D. Do not provide any additional explanation or rationale for your choice.",C,D,D,230,test,train
115,15,"Which of the following is a reason coworkers might comment on your food?
A. Genuine concern for your health
B. Jealousy or insecurity about their own habits
C. Wanting to share their own diet tips
D. Curiosity about your food choices
Select only one answer that best aligns with your opinions, by stating either A, B, C, or D. Do not provide any additional explanation or rationale for your choice.",B,B,B,231,test,train
116,59,"What was the primary motivation for your weight loss journey?
A. Health reasons
B. Desire to reduce breast size
C. General appearance
D. Overcoming self-doubt
Select only one answer that best aligns with your opinions, by stating either A, B, C, or D. Do not provide any additional explanation or rationale for your choice.",B,C,D,232,train,train
116,59,"How did your breast size change relative to your weight loss?
A. Decreased significantly
B. Decreased slightly
C. Remained the same
D. Increased
Select only one answer that best aligns with your opinions, by stating either A, B, C, or D. Do not provide any additional explanation or rationale for your choice.",B,B,A,233,train,train
117,35,"What feature is most appreciated in Cronometer by users in your subreddit?
A. User-friendly interface
B. Verified data entries
C. Barcode scanning
D. Integration with fitness trackers
Select only one answer that best aligns with your opinions, by stating either A, B, C, or D. Do not provide any additional explanation or rationale for your choice.",C,D,A,234,train,train
117,35,"Which app do users in your subreddit complain about due to inaccuracies and ads?
A. Lose It
B. MyFitnessPal
C. MyNetDiary
D. Cronometer
Select only one answer that best aligns with your opinions, by stating either A, B, C, or D. Do not provide any additional explanation or rationale for your choice.",A,C,A,235,train,train
118,36,"What is a common side effect of drastic weight changes on your menstrual cycle?
A. Heavier periods
B. Spotting
C. Complete loss of period
D. Shorter cycles
Select only one answer that best aligns with your opinions, by stating either A, B, C, or D. Do not provide any additional explanation or rationale for your choice.",B,C,C,236,train,train
118,36,"Which birth control method was mentioned as causing weight gain in some individuals?
A. Mirena IUD
B. Depo shot
C. Copper IUD
D. Progesterone-only pill
Select only one answer that best aligns with your opinions, by stating either A, B, C, or D. Do not provide any additional explanation or rationale for your choice.",B,B,B,237,train,train
119,48,"What is a safe daily calorie deficit to follow?
A. 200 calories
B. 500 calories
C. 800 calories
D. 1000 calories
Select only one answer that best aligns with your opinions, by stating either A, B, C, or D. Do not provide any additional explanation or rationale for your choice.",B,B,B,238,train,train
119,48,"What factor should you consider when adjusting your calorie intake for weight loss?
A. Only BMR
B. TDEE and activity level
C. Only exercise calories
D. Daily fluctuations in weight
Select only one answer that best aligns with your opinions, by stating either A, B, C, or D. Do not provide any additional explanation or rationale for your choice.",B,B,B,239,train,train
120,2,"When you're feeling down, what is one action you take to improve your mental state?
A. Engage in a hobby or activity you love
B. Talk to someone in the community
C. Read motivational stories or quotes
D. Seek professional help
Select only one answer that best aligns with your opinions, by stating either A, B, C, or D. Do not provide any additional explanation or rationale for your choice.",C,A,B,240,train,train
120,2,"How important is professional therapy in your journey to recovery or achieving your goals?
A. Not important, self-help and community are enough
B. Somewhat important, but not always accessible
C. Very important, it's a crucial part of the process
D. Important, but not the only solution
Select only one answer that best aligns with your opinions, by stating either A, B, C, or D. Do not provide any additional explanation or rationale for your choice.",D,B,C,241,train,train
121,32,"What’s the best method to quit smoking, according to the comments?
A. Cold turkey
B. Vaping with reduced nicotine
C. Nicotine gum
D. Gradual reduction of cigarettes
Select only one answer that best aligns with your opinions, by stating either A, B, C, or D. Do not provide any additional explanation or rationale for your choice.",B,B,B,242,train,test
121,32,"What is a common issue faced when smoking weed, as mentioned in the comments?
A. Anxiety
B. Increased appetite
C. Increased focus
D. Better sleep
Select only one answer that best aligns with your opinions, by stating either A, B, C, or D. Do not provide any additional explanation or rationale for your choice.",B,B,B,243,train,test
122,10,"When is the best time to buy new clothes during weight loss?
A. Immediately after weight change
B. When close to goal weight
C. Whenever you feel like it
D. Never, just keep altering old clothes
Select only one answer that best aligns with your opinions, by stating either A, B, C, or D. Do not provide any additional explanation or rationale for your choice.",B,B,B,244,train,test
122,10,"What is a common place suggested for buying affordable in-between clothes?
A. High-end retail stores
B. Online boutiques
C. Thrift shops
D. Mall stores
Select only one answer that best aligns with your opinions, by stating either A, B, C, or D. Do not provide any additional explanation or rationale for your choice.",C,C,C,245,train,test
123,58,"What activity is suggested in r/keto to help produce melatonin naturally?
A. Drinking warm milk
B. Taking magnesium supplements
C. Walking an hour or two before bed
D. Reading a book
Select only one answer that best aligns with your opinions, by stating either A, B, C, or D. Do not provide any additional explanation or rationale for your choice.",C,C,C,246,train,test
123,58,"How long do some users from r/EDAnonymous report sleeping each night when they are restricting?
A. 8-9 hours
B. 6-7 hours
C. 4-5 hours
D. 2-3 hours
Select only one answer that best aligns with your opinions, by stating either A, B, C, or D. Do not provide any additional explanation or rationale for your choice.",B,D,D,247,train,test
124,122,"Which product is commonly mentioned as helpful for stretch marks?
A. Aloe Vera
B. Bio-Oil
C. Vitamin D Supplements
D. Retinol Cream
Select only one answer that best aligns with your opinions, by stating either A, B, C, or D. Do not provide any additional explanation or rationale for your choice.",B,B,B,248,train,train
124,122,"What do members suggest about the permanence of stretch marks?
A. They completely disappear with time.
B. They fade but remain visible.
C. They worsen over time with no fading.
D. They spread to other areas of the body.
Select only one answer that best aligns with your opinions, by stating either A, B, C, or D. Do not provide any additional explanation or rationale for your choice.",B,B,B,249,train,train
125,83,"What is one strategy you used to avoid gaining weight during quarantine?
A. Intermittent fasting
B. Increased exercise
C. Meal prepping
D. Avoiding snacks
Select only one answer that best aligns with your opinions, by stating either A, B, C, or D. Do not provide any additional explanation or rationale for your choice.",C,A,B,250,train,train
125,83,"During quarantine, how much weight did you gain or lose?
A. Lost weight
B. Gained weight
C. Stayed the same
D. Fluctuated a lot
Select only one answer that best aligns with your opinions, by stating either A, B, C, or D. Do not provide any additional explanation or rationale for your choice.",A,B,D,251,train,train
126,31,"What is a common reason for choosing diet sodas over regular sodas?
A. Better flavor
B. Lower calorie content
C. Health benefits
D. Preference for artificial sweeteners
Select only one answer that best aligns with your opinions, by stating either A, B, C, or D. Do not provide any additional explanation or rationale for your choice.",B,B,B,252,train,train
126,31,"Which of the following is a suggested method to reduce soda consumption?
A. Gradually reducing intake
B. Switching to sugary drinks
C. Consuming more regular soda
D. Avoiding any liquid intake
Select only one answer that best aligns with your opinions, by stating either A, B, C, or D. Do not provide any additional explanation or rationale for your choice.",A,A,A,253,train,train
127,27,"Which of the following is mentioned as a method to help with loose skin?
A. Regular fasting
B. High-carb diet
C. Skipping exercise
D. Drinking alcohol
Select only one answer that best aligns with your opinions, by stating either A, B, C, or D. Do not provide any additional explanation or rationale for your choice.",A,A,A,254,train,train
127,27,"What role do genetics play in developing loose skin according to comments?
A. No role at all
B. A minor role
C. A significant role
D. Only affects the face
Select only one answer that best aligns with your opinions, by stating either A, B, C, or D. Do not provide any additional explanation or rationale for your choice.",C,C,C,255,train,train
128,25,"What type of exercise is recommended to strengthen the core while losing overall body fat?
A. Running
B. Swimming
C. Weight lifting
D. Yoga
Select only one answer that best aligns with your opinions, by stating either A, B, C, or D. Do not provide any additional explanation or rationale for your choice.",A,B,D,256,test,train
128,25,"Which of the following is a common misconception about belly fat?
A. You can spot-reduce belly fat with targeted exercises.
B. Belly fat is always the first to go when you lose weight.
C. Genetics do not play a role in fat distribution.
D. Visceral fat is more dangerous than subcutaneous fat.
Select only one answer that best aligns with your opinions, by stating either A, B, C, or D. Do not provide any additional explanation or rationale for your choice.",D,A,D,257,test,train
129,17,"What is a common duration for an intermittent fasting window?
A. 12 hours fasting, 12 hours eating
B. 16 hours fasting, 8 hours eating
C. 20 hours fasting, 4 hours eating
D. 24 hours fasting, 0 hours eating
Select only one answer that best aligns with your opinions, by stating either A, B, C, or D. Do not provide any additional explanation or rationale for your choice.",B,B,B,258,train,test
129,17,"Why might someone avoid fasting?
A. It can lead to muscle loss
B. It disrupts social events
C. It can cause low energy levels
D. All of the above
Select only one answer that best aligns with your opinions, by stating either A, B, C, or D. Do not provide any additional explanation or rationale for your choice.",D,D,D,259,train,test
130,15,"Which of the following best describes your approach when someone insists you eat something you don’t want?
A. Politely refuse and explain your reasons.
B. Accept it and dispose of it secretly.
C. Lie and say you already ate.
D. Confront them and set boundaries directly.
Select only one answer that best aligns with your opinions, by stating either A, B, C, or D. Do not provide any additional explanation or rationale for your choice.",D,A,C,260,train,train
130,15,"What is your response when a friend or family member makes a disparaging comment about your diet?
A. Ignore it and continue as usual.
B. Explain your dietary choices.
C. Make a sarcastic remark back.
D. Change the subject to avoid confrontation.
Select only one answer that best aligns with your opinions, by stating either A, B, C, or D. Do not provide any additional explanation or rationale for your choice.",B,A,D,261,train,train
131,9,"Which milk alternative has the lowest calories per serving?
A. Oat milk
B. Soy milk
C. Unsweetened almond milk
D. Cashew milk
Select only one answer that best aligns with your opinions, by stating either A, B, C, or D. Do not provide any additional explanation or rationale for your choice.",C,C,C,262,train,train
131,9,"Which flavor of Halo Top ice cream is mentioned as popular?
A. Vanilla
B. Chocolate chip cookie dough
C. Birthday cake
D. Peanut butter cup
Select only one answer that best aligns with your opinions, by stating either A, B, C, or D. Do not provide any additional explanation or rationale for your choice.",D,A,D,263,train,train
132,6,"What is a common protein intake guideline for someone on a keto diet?  
A. 0.5g per kg of body weight  
B. 1g per pound of lean body mass  
C. 1.5g per kg of body weight  
D. 2g per pound of body weight  
Select only one answer that best aligns with your opinions, by stating either A, B, C, or D. Do not provide any additional explanation or rationale for your choice.",C,A,C,264,train,train
132,6,"If you're feeling bloated after eating a high-carb meal, what macro adjustment might help?  
A. Increase fat intake  
B. Decrease protein intake  
C. Decrease carb intake  
D. Increase overall calories  
Select only one answer that best aligns with your opinions, by stating either A, B, C, or D. Do not provide any additional explanation or rationale for your choice.",C,B,B,265,train,train
133,65,"How should you handle a situation where someone is accusing you of being rude in your sub?
A. Ignore them
B. Apologize and explain your side
C. Double down and defend yourself
D. Block them
Select only one answer that best aligns with your opinions, by stating either A, B, C, or D. Do not provide any additional explanation or rationale for your choice.",C,B,D,266,train,train
133,65,"When you realize you made a mistake in your post, what is the best course of action according to your sub?
A. Delete the post immediately
B. Apologize and correct the mistake
C. Ignore it and move on
D. Argue that you were right
Select only one answer that best aligns with your opinions, by stating either A, B, C, or D. Do not provide any additional explanation or rationale for your choice.",B,B,B,267,train,train
134,15,"What is a common reaction when you bring your own food to a family meal?
A. Mockery or sabotage attempts
B. Indifference or support
C. Guilt and resentment
D. Curiosity and questions
Select only one answer that best aligns with your opinions, by stating either A, B, C, or D. Do not provide any additional explanation or rationale for your choice.",A,C,B,268,train,train
134,15,"How do you handle peer pressure to eat unhealthy foods at work or social events?
A. Stand firm and explain your diet
B. Avoid such events altogether
C. Give in to avoid conflict
D. Use humor or sarcasm to deflect
Select only one answer that best aligns with your opinions, by stating either A, B, C, or D. Do not provide any additional explanation or rationale for your choice.",D,A,B,269,train,train
135,28,"What is a common reason for switching back to meat or non-vegan diets?
A. Ethical concerns
B. Health issues
C. Social convenience
D. Environmental impact
Select only one answer that best aligns with your opinions, by stating either A, B, C, or D. Do not provide any additional explanation or rationale for your choice.",B,B,B,270,test,train
135,28,"What is a frequently mentioned benefit of a vegan diet in these subreddits?
A. Improved digestion
B. Better environmental impact
C. Increased social acceptance
D. Cost savings
Select only one answer that best aligns with your opinions, by stating either A, B, C, or D. Do not provide any additional explanation or rationale for your choice.",B,B,B,271,test,train
136,9,"Which milk alternative do you prefer in your coffee for fewer calories?
A. Almond milk
B. Coconut milk
C. Soy milk
D. Oat milk
Select only one answer that best aligns with your opinions, by stating either A, B, C, or D. Do not provide any additional explanation or rationale for your choice.",A,D,A,272,test,train
136,9,"Which of the following flavor options do you think enhances coffee the best?
A. Vanilla
B. Chocolate
C. Caramel
D. Cinnamon
Select only one answer that best aligns with your opinions, by stating either A, B, C, or D. Do not provide any additional explanation or rationale for your choice.",B,B,A,273,test,train
137,58,"What is a common bedtime routine that helps you fall asleep?
A. Journaling and muscle relaxation
B. Drinking herbal tea and reading
C. Using melatonin and magnesium supplements
D. Taking an epsom salt foot soak
Select only one answer that best aligns with your opinions, by stating either A, B, C, or D. Do not provide any additional explanation or rationale for your choice.",A,B,C,274,train,test
137,58,"How do you usually feel after waking up from a night of poor sleep?
A. Groggy and unfocused
B. Surprisingly energetic
C. Hungry and irritable
D. Depressed and anxious
Select only one answer that best aligns with your opinions, by stating either A, B, C, or D. Do not provide any additional explanation or rationale for your choice.",A,C,D,275,train,test
138,58,"Which type of exercise is recommended to improve sleep quality?
A. Yoga
B. Dancing
C. Cardio
D. Weightlifting
Select only one answer that best aligns with your opinions, by stating either A, B, C, or D. Do not provide any additional explanation or rationale for your choice.",B,C,A,276,train,test
138,58,"What time do you typically take melatonin if you use it?
A. 30 minutes before bed
B. 1 hour before bed
C. 2 hours before bed
D. At the first sign of tiredness
Select only one answer that best aligns with your opinions, by stating either A, B, C, or D. Do not provide any additional explanation or rationale for your choice.",B,C,A,277,train,test
139,47,"What is a common reason given for avoiding peanut butter?
A. High calorie density
B. Poor nutrient absorption
C. High sugar content
D. Allergies and intolerances
Select only one answer that best aligns with your opinions, by stating either A, B, C, or D. Do not provide any additional explanation or rationale for your choice.",B,A,A,278,train,train
139,47,"Which nut is mentioned as being particularly high in calories and thus potentially problematic?
A. Almonds
B. Cashews
C. Walnuts
D. Macadamia nuts
Select only one answer that best aligns with your opinions, by stating either A, B, C, or D. Do not provide any additional explanation or rationale for your choice.",D,D,D,279,train,train
140,5,"What is a common low-carb mixer for spirits mentioned in the comments?
A. Fruit juice
B. Soda water
C. Regular soda
D. Tonic water
Select only one answer that best aligns with your opinions, by stating either A, B, C, or D. Do not provide any additional explanation or rationale for your choice.",B,B,B,280,train,test
140,5,"Which type of alcohol is often recommended for fewer calories?
A. Beer
B. Wine
C. Vodka
D. Rum
Select only one answer that best aligns with your opinions, by stating either A, B, C, or D. Do not provide any additional explanation or rationale for your choice.",C,C,C,281,train,test
141,88,"What is the perception of ""nutritionists"" among the commenters?
A. Highly respected professionals
B. Often unqualified and not regulated
C. Better than dietitians
D. Essential for medical advice
Select only one answer that best aligns with your opinions, by stating either A, B, C, or D. Do not provide any additional explanation or rationale for your choice.",B,B,B,282,test,test
141,88,"According to the comments, what is a major flaw in medical school education regarding nutrition?
A. Too focused on emergency medicine
B. Lack of practical applications
C. Minimal to no training on nutrition
D. Overemphasis on pharmaceuticals
Select only one answer that best aligns with your opinions, by stating either A, B, C, or D. Do not provide any additional explanation or rationale for your choice.",C,C,C,283,test,test
142,3,"What is a common reason for initial rapid weight loss when starting a diet?
A. Fat loss
B. Water weight loss
C. Muscle loss
D. Bone density loss
Select only one answer that best aligns with your opinions, by stating either A, B, C, or D. Do not provide any additional explanation or rationale for your choice.",C,C,C,284,test,test
142,3,"What should you focus on more than the scale to track weight loss?
A. Daily calorie intake
B. Exercise routine
C. Body measurements
D. Supplement intake
Select only one answer that best aligns with your opinions, by stating either A, B, C, or D. Do not provide any additional explanation or rationale for your choice.",D,B,C,285,test,test
143,189,"What time do you usually have your last meal of the day?
A. Before 6pm
B. Between 6pm and 8pm
C. Between 8pm and 10pm
D. After 10pm
Select only one answer that best aligns with your opinions, by stating either A, B, C, or D. Do not provide any additional explanation or rationale for your choice.",B,C,D,286,train,train
143,189,"How do you cope with hunger if you wake up during the night?
A. Have a light snack
B. Drink water
C. Ignore it
D. Brush your teeth
Select only one answer that best aligns with your opinions, by stating either A, B, C, or D. Do not provide any additional explanation or rationale for your choice.",B,D,A,287,train,train
144,89,"Which factor is NOT commonly discussed as affecting weight loss for women in these subreddits?
A. Hormonal fluctuations
B. Muscle gain from strength training
C. Macros adjustment
D. Genetic predisposition
Select only one answer that best aligns with your opinions, by stating either A, B, C, or D. Do not provide any additional explanation or rationale for your choice.",D,D,D,288,train,train
144,89,"What is one suggested approach to overcoming a weight loss plateau?
A. Increasing calorie intake temporarily
B. Adding more cardio exercises
C. Reducing protein intake
D. Drinking diet sodas
Select only one answer that best aligns with your opinions, by stating either A, B, C, or D. Do not provide any additional explanation or rationale for your choice.",C,B,A,289,train,train
145,61,"Which of the following methods do you find most effective for staying warm? 
A. Using space heaters
B. Drinking hot beverages
C. Wearing multiple layers 
D. Taking hot showers
Select only one answer that best aligns with your opinions, by stating either A, B, C, or D. Do not provide any additional explanation or rationale for your choice.",A,C,B,290,train,train
145,61,"How do you manage feeling cold while at work or school?
A. Wear thermal clothing
B. Use a heating pad
C. Drink hot coffee/tea
D. Keep a warm blanket
Select only one answer that best aligns with your opinions, by stating either A, B, C, or D. Do not provide any additional explanation or rationale for your choice.",A,B,D,291,train,train
146,25,"What role do genetics play in where you store and lose fat first?
A. No role
B. Minor role
C. Major role
D. Complete control
Select only one answer that best aligns with your opinions, by stating either A, B, C, or D. Do not provide any additional explanation or rationale for your choice.",A,A,C,292,train,train
146,25,"Which activity is suggested to improve the appearance of belly fat?
A. Only cardio
B. Only ab exercises
C. Combination of cardio and ab exercises
D. Targeted fat reduction
Select only one answer that best aligns with your opinions, by stating either A, B, C, or D. Do not provide any additional explanation or rationale for your choice.",D,B,A,293,train,train
147,7,"What is a common reason people might binge eat?
A. Emotional stress
B. Social pressure
C. Physical activity
D. Lack of sleep
Select only one answer that best aligns with your opinions, by stating either A, B, C, or D. Do not provide any additional explanation or rationale for your choice.",A,A,A,294,test,train
147,7,"How do people typically feel after a binge eating episode?
A. Satisfied
B. Guilty
C. Energized
D. Indifferent
Select only one answer that best aligns with your opinions, by stating either A, B, C, or D. Do not provide any additional explanation or rationale for your choice.",B,B,B,295,test,train
148,42,"What is a common issue faced by people starting OMAD?
A. Trouble eating enough calories
B. Increased hunger throughout the day
C. Difficulty sticking to a schedule
D. Lack of energy for workouts
Select only one answer that best aligns with your opinions, by stating either A, B, C, or D. Do not provide any additional explanation or rationale for your choice.",A,B,B,296,train,train
148,42,"What is a suggested way to manage hunger pangs while on OMAD?
A. Drink plenty of water and coffee
B. Eat more protein-dense foods
C. Allow small snacks throughout the day
D. Exercise to distract yourself
Select only one answer that best aligns with your opinions, by stating either A, B, C, or D. Do not provide any additional explanation or rationale for your choice.",A,A,A,297,train,train
149,3,"What time of day is most recommended for weighing yourself to get the most consistent reading?
A. After breakfast
B. Before bedtime
C. In the morning, after using the bathroom
D. After lunch
Select only one answer that best aligns with your opinions, by stating either A, B, C, or D. Do not provide any additional explanation or rationale for your choice.",C,C,C,298,train,test
149,3,"What method can help reduce the impact of daily weight fluctuations when tracking progress?
A. Only weighing yourself once a month
B. Taking an average weight over several days
C. Weighing yourself multiple times a day
D. Ignoring the scale completely
Select only one answer that best aligns with your opinions, by stating either A, B, C, or D. Do not provide any additional explanation or rationale for your choice.",B,B,B,299,train,test
150,133,"Which sweetener is often recommended as a safer alternative by members?
A. Aspartame
B. Sucralose
C. Stevia
D. Saccharin
Select only one answer that best aligns with your opinions, by stating either A, B, C, or D. Do not provide any additional explanation or rationale for your choice.",C,C,C,300,train,train
150,133,"What is a common belief about artificial sweeteners and insulin response?
A. They have no effect on insulin.
B. They decrease insulin levels.
C. They can cause an insulin spike.
D. They stabilize insulin levels.
Select only one answer that best aligns with your opinions, by stating either A, B, C, or D. Do not provide any additional explanation or rationale for your choice.",C,C,C,301,train,train
151,69,"After gallbladder removal, which supplement is commonly taken to aid fat digestion?
A. Fish oil
B. Probiotics
C. Ox bile
D. Multivitamins
Select only one answer that best aligns with your opinions, by stating either A, B, C, or D. Do not provide any additional explanation or rationale for your choice.",C,C,C,302,train,train
151,69,"Which diet is often recommended to avoid gallstones due to rapid weight loss?
A. High-fat keto
B. Low-fat diet
C. High-carb diet
D. Intermittent fasting
Select only one answer that best aligns with your opinions, by stating either A, B, C, or D. Do not provide any additional explanation or rationale for your choice.",B,B,B,303,train,train
152,111,"When do you typically notice your weight returning to normal after a menstrual cycle?
A. Immediately after the period starts
B. A few days after the period ends
C. During ovulation
D. It varies, but usually within a week after the period ends
Select only one answer that best aligns with your opinions, by stating either A, B, C, or D. Do not provide any additional explanation or rationale for your choice.",B,B,D,304,train,train
152,111,"How do you manage weight fluctuations during your menstrual cycle?
A. Ignore the scale entirely
B. Track weight but ignore fluctuations
C. Increase water intake and reduce sodium
D. Adjust diet to account for fluctuations
Select only one answer that best aligns with your opinions, by stating either A, B, C, or D. Do not provide any additional explanation or rationale for your choice.",A,A,B,305,train,train
153,1,"What do you do when you feel insecure about your body despite weight loss?
A. Take pictures to track progress.
B. Avoid mirrors and scales.
C. Talk to supportive friends or family.
D. Engage in self-care activities.
Select only one answer that best aligns with your opinions, by stating either A, B, C, or D. Do not provide any additional explanation or rationale for your choice.",A,C,B,306,test,train
153,1,"What kind of comments about weight do you find most upsetting?
A. People saying I look sick or unhealthy.
B. Backhanded compliments about looking better.
C. Comments assuming I have an eating disorder.
D. Remarks about having loose skin.
Select only one answer that best aligns with your opinions, by stating either A, B, C, or D. Do not provide any additional explanation or rationale for your choice.",A,B,C,307,test,train
154,116,"What action do you take if someone cites a source that you find unreliable?
A. Ignore the source and move on
B. Ask for more credible sources
C. Research the source yourself
D. Accept it if it aligns with your beliefs
Select only one answer that best aligns with your opinions, by stating either A, B, C, or D. Do not provide any additional explanation or rationale for your choice.",B,B,B,308,test,test
154,116,"How do you verify the credibility of a health article you read online?
A. Check the author's credentials
B. Look for peer-reviewed references
C. Verify the funding sources
D. All of the above
Select only one answer that best aligns with your opinions, by stating either A, B, C, or D. Do not provide any additional explanation or rationale for your choice.",D,D,D,309,test,test
155,2,"What should you do if you feel like you're not making any progress?
A. Give up and try something new.
B. Seek advice and make adjustments.
C. Keep doing the same thing.
D. Ignore the issue and continue.
Select only one answer that best aligns with your opinions, by stating either A, B, C, or D. Do not provide any additional explanation or rationale for your choice.",B,B,B,310,train,train
155,2,"What is one way to find the right therapist for you?
A. Choose the first one available.
B. Look for someone you feel comfortable with.
C. Ignore your feelings and stick with any therapist.
D. Avoid therapy altogether.
Select only one answer that best aligns with your opinions, by stating either A, B, C, or D. Do not provide any additional explanation or rationale for your choice.",B,B,B,311,train,train
156,36,"How long did it take for your period to normalize after major diet changes?  
A. 1-2 months  
B. 3-4 months  
C. 5-6 months  
D. Still irregular  
Select only one answer that best aligns with your opinions, by stating either A, B, C, or D. Do not provide any additional explanation or rationale for your choice.",A,D,A,312,train,train
156,36,"What was the primary reason you lost your period?  
A. Diet changes  
B. Stress  
C. Birth control  
D. Exercise  
Select only one answer that best aligns with your opinions, by stating either A, B, C, or D. Do not provide any additional explanation or rationale for your choice.",C,B,A,313,train,train
157,26,"What is a common suggestion for someone who thinks they might have an eating disorder?
A. Start a new diet
B. Seek professional help
C. Ignore the symptoms
D. Increase exercise
Select only one answer that best aligns with your opinions, by stating either A, B, C, or D. Do not provide any additional explanation or rationale for your choice.",B,B,B,314,train,test
157,26,"What emotion is often linked to the development of eating disorders?
A. Anger
B. Joy
C. Shame
D. Excitement
Select only one answer that best aligns with your opinions, by stating either A, B, C, or D. Do not provide any additional explanation or rationale for your choice.",C,C,C,315,train,test
158,1,"What sorts of comments do you receive when you lose a lot of weight quickly?
A. Compliments about collar bones
B. Worries about health issues
C. Encouragement to stop losing more weight
D. No comments at all
Select only one answer that best aligns with your opinions, by stating either A, B, C, or D. Do not provide any additional explanation or rationale for your choice.",B,C,A,316,train,train
158,1,"What feelings do you experience when looking at old photos of yourself after significant weight loss?
A. Satisfaction with the progress
B. Sadness about societal shallowness
C. Confusion about your appearance
D. Anger for not recognizing changes
Select only one answer that best aligns with your opinions, by stating either A, B, C, or D. Do not provide any additional explanation or rationale for your choice.",B,A,C,317,train,train
159,37,"What is a common side effect of taking Lexapro according to the comments?
A. Insomnia
B. Weight gain
C. Increased appetite
D. Headaches
Select only one answer that best aligns with your opinions, by stating either A, B, C, or D. Do not provide any additional explanation or rationale for your choice.",B,B,B,318,train,train
159,37,"How did members manage weight gain from antidepressants?
A. Increasing exercise
B. Switching medications
C. Trying keto diet
D. All of the above
Select only one answer that best aligns with your opinions, by stating either A, B, C, or D. Do not provide any additional explanation or rationale for your choice.",D,D,D,319,train,train
160,3,"What is a common recommendation for tracking weight trends instead of daily fluctuations?
A. Taking weekly averages
B. Weighing multiple times a day
C. Ignoring fluctuations completely
D. Weighing only after meals
Select only one answer that best aligns with your opinions, by stating either A, B, C, or D. Do not provide any additional explanation or rationale for your choice.",A,A,A,320,test,test
160,3,"According to your experience, what is the best time to weigh yourself for the most consistent results?
A. After eating breakfast
B. In the afternoon
C. Before going to bed
D. In the morning after using the bathroom
Select only one answer that best aligns with your opinions, by stating either A, B, C, or D. Do not provide any additional explanation or rationale for your choice.",D,D,D,321,test,test
161,7,"What is a common activity people engage in to avoid binge eating out of boredom?  
A. Knitting or cross-stitching  
B. Writing in a journal  
C. Taking a nap  
D. Playing video games  
Select only one answer that best aligns with your opinions, by stating either A, B, C, or D. Do not provide any additional explanation or rationale for your choice.",C,B,B,322,train,train
161,7,"How do people often feel after a binge eating episode?  
A. Motivated to exercise  
B. Guilty and anxious  
C. Content and satisfied  
D. Indifferent and unaffected  
Select only one answer that best aligns with your opinions, by stating either A, B, C, or D. Do not provide any additional explanation or rationale for your choice.",A,D,A,323,train,train
162,34,"What additional nutrient do you often add to protein shakes to increase their caloric content without adding too many carbs?
A. Fruit
B. Heavy Cream
C. Honey
D. Oats
Select only one answer that best aligns with your opinions, by stating either A, B, C, or D. Do not provide any additional explanation or rationale for your choice.",C,D,B,324,train,train
162,34,"What is a downside of relying heavily on protein shakes for your diet?
A. They are too expensive.
B. They can cause digestive issues.
C. They are not as filling as solid food.
D. They may contain hidden sugars.
Select only one answer that best aligns with your opinions, by stating either A, B, C, or D. Do not provide any additional explanation or rationale for your choice.",B,A,A,325,train,train
163,10,"What is a common reason for choosing thrift stores for clothes shopping during weight loss?
A. They have a wide variety of sizes.
B. They offer unique fashion trends.
C. They are cost-effective.
D. They have better quality clothes.
Select only one answer that best aligns with your opinions, by stating either A, B, C, or D. Do not provide any additional explanation or rationale for your choice.",C,C,C,326,train,test
163,10,"How often do you typically update your wardrobe when losing weight?
A. Every few pounds lost.
B. Every month.
C. Every 20-30 pounds lost.
D. Only at the final goal weight.
Select only one answer that best aligns with your opinions, by stating either A, B, C, or D. Do not provide any additional explanation or rationale for your choice.",C,C,D,327,train,test
164,35,"Which app is recommended for its ability to handle barcode scanning effectively?
A. MyFitnessPal
B. LoseIt
C. Cronometer
D. Carb Manager
Select only one answer that best aligns with your opinions, by stating either A, B, C, or D. Do not provide any additional explanation or rationale for your choice.",D,A,B,328,train,train
164,35,"Which app is considered most reliable for accurate nutritional information?
A. MyFitnessPal
B. LoseIt
C. Cronometer
D. Lifesum
Select only one answer that best aligns with your opinions, by stating either A, B, C, or D. Do not provide any additional explanation or rationale for your choice.",C,C,C,329,train,train
165,54,"How long does it typically take for sugar cravings to decrease substantially?
A. A few days
B. One to two weeks
C. Three to four weeks
D. Over a month
Select only one answer that best aligns with your opinions, by stating either A, B, C, or D. Do not provide any additional explanation or rationale for your choice.",B,B,B,330,train,train
165,54,"What do you find most effective for managing intense sugar cravings?
A. Drinking water
B. Eating high-fat foods
C. Eating fruits
D. Using artificial sweeteners
Select only one answer that best aligns with your opinions, by stating either A, B, C, or D. Do not provide any additional explanation or rationale for your choice.",B,C,D,331,train,train
166,66,"What's a common approach to handling birthday celebrations mentioned in r/WeightLossAdvice?
A. Strictly avoid all treats
B. Have a cheat day and enjoy it
C. Skip the celebration
D. Only eat low-calorie foods
Select only one answer that best aligns with your opinions, by stating either A, B, C, or D. Do not provide any additional explanation or rationale for your choice.",D,B,B,332,train,train
166,66,"How do members of r/EDAnonymous often feel about their birthdays?
A. Excited and carefree
B. Anxious and guilty
C. Indifferent
D. Overly critical of themselves
Select only one answer that best aligns with your opinions, by stating either A, B, C, or D. Do not provide any additional explanation or rationale for your choice.",B,D,B,333,train,train
167,96,"Which method is commonly used on r/keto to maintain a calorie deficit without strict calorie counting?
A. Strict meal planning
B. Tracking only carb intake
C. Using a calorie diary
D. Weighing all food
Select only one answer that best aligns with your opinions, by stating either A, B, C, or D. Do not provide any additional explanation or rationale for your choice.",B,D,C,334,train,train
167,96,"What is a common reason given on r/WeightLossAdvice for stopping calorie counting?
A. It leads to obsessive behavior
B. It is unnecessary for weight loss
C. It takes too much time
D. It causes weight gain
Select only one answer that best aligns with your opinions, by stating either A, B, C, or D. Do not provide any additional explanation or rationale for your choice.",A,A,A,335,train,train
168,111,"What is the primary reason for weight gain during your period?
A. Increased calorie intake
B. Hormonal changes and water retention
C. Lack of exercise
D. Change in metabolism
Select only one answer that best aligns with your opinions, by stating either A, B, C, or D. Do not provide any additional explanation or rationale for your choice.",B,B,B,336,train,train
168,111,"When do you usually experience the most significant weight gain during your cycle?
A. During ovulation
B. Immediately after your period ends
C. The week before your period starts
D. The first day of your period
Select only one answer that best aligns with your opinions, by stating either A, B, C, or D. Do not provide any additional explanation or rationale for your choice.",C,C,C,337,train,train
169,20,"Which of the following has been suggested as a potential solution for managing keto rash?
A. Increasing carb intake
B. Using an anti-fungal cream
C. Drinking more water
D. Applying sunscreen
Select only one answer that best aligns with your opinions, by stating either A, B, C, or D. Do not provide any additional explanation or rationale for your choice.",A,B,C,338,train,train
169,20,"What is a common trigger for acne mentioned by members across the subreddits?
A. High carb intake
B. Dairy products
C. Lack of sleep
D. Overhydration
Select only one answer that best aligns with your opinions, by stating either A, B, C, or D. Do not provide any additional explanation or rationale for your choice.",B,B,B,339,train,train
170,9,"What is a good low-carb chocolate option mentioned?
A. Hershey's chocolate bars
B. Lily's chocolate bars
C. Dove dark chocolate
D. Ghirardelli chocolate squares
Select only one answer that best aligns with your opinions, by stating either A, B, C, or D. Do not provide any additional explanation or rationale for your choice.",B,B,B,340,train,train
170,9,"Which milk alternative is often preferred for its creamy texture?
A. Soy milk
B. Almond milk
C. Oat milk
D. Cashew milk
Select only one answer that best aligns with your opinions, by stating either A, B, C, or D. Do not provide any additional explanation or rationale for your choice.",B,C,C,341,train,train
171,5,"Which type of alcoholic drink is often recommended for those on a keto diet to minimize carb intake?
A. Beer
B. Wine
C. Vodka soda
D. Whiskey
Select only one answer that best aligns with your opinions, by stating either A, B, C, or D. Do not provide any additional explanation or rationale for your choice.",C,C,C,342,test,test
171,5,"What is a common side effect mentioned by people who drink alcohol while on a keto diet?
A. Increased weight loss
B. Higher alcohol tolerance
C. Stronger hangovers
D. Reduced appetite
Select only one answer that best aligns with your opinions, by stating either A, B, C, or D. Do not provide any additional explanation or rationale for your choice.",C,B,C,343,test,test
172,35,"Which feature do you find most useful in a tracking app?
A. Barcode scanner
B. Recipe creation
C. Net carb calculation
D. Nutrient breakdown
Select only one answer that best aligns with your opinions, by stating either A, B, C, or D. Do not provide any additional explanation or rationale for your choice.",C,A,D,344,train,train
172,35,"Which app is least likely to trigger disordered eating habits?
A. MyFitnessPal
B. Lose It
C. Cronometer
D. Lifesum
Select only one answer that best aligns with your opinions, by stating either A, B, C, or D. Do not provide any additional explanation or rationale for your choice.",C,B,C,345,train,train
173,61,"What dietary change is often recommended to help with feeling warmer?
A. Eat more fat
B. Eat more carbs
C. Increase water intake
D. Eat more fiber
Select only one answer that best aligns with your opinions, by stating either A, B, C, or D. Do not provide any additional explanation or rationale for your choice.",D,D,B,346,train,train
173,61,"What additional item do some members use to keep their hands warm?
A. Heated gloves
B. Hand warmers
C. Wool mittens
D. Fingerless gloves
Select only one answer that best aligns with your opinions, by stating either A, B, C, or D. Do not provide any additional explanation or rationale for your choice.",B,C,C,347,train,train
174,32,"Which of the following was mentioned as a potential downside of vaping?
A. Increased appetite
B. Excessive sweating
C. Dehydration
D. Lack of focus
Select only one answer that best aligns with your opinions, by stating either A, B, C, or D. Do not provide any additional explanation or rationale for your choice.",C,B,B,348,train,test
174,32,"What is a common reason people start smoking weed according to the comments?
A. To enhance workouts
B. To avoid using alcohol
C. To help with their appetite
D. To cope with stress
Select only one answer that best aligns with your opinions, by stating either A, B, C, or D. Do not provide any additional explanation or rationale for your choice.",A,D,C,349,train,test
175,5,"Which alcoholic beverage is generally considered carb-free on a keto diet?
A. Beer
B. Vodka
C. Rum with spices
D. Wine
Select only one answer that best aligns with your opinions, by stating either A, B, C, or D. Do not provide any additional explanation or rationale for your choice.",C,D,A,350,train,test
175,5,"Why might someone choose to eliminate alcohol completely from their diet?
A. To reduce calorie intake
B. To improve sleep quality
C. To prevent liver damage
D. All of the above
Select only one answer that best aligns with your opinions, by stating either A, B, C, or D. Do not provide any additional explanation or rationale for your choice.",D,D,C,351,train,test
176,46,"Which body part do you find the hardest to lose fat from?
A. Stomach
B. Thighs
C. Arms
D. Butt
Select only one answer that best aligns with your opinions, by stating either A, B, C, or D. Do not provide any additional explanation or rationale for your choice.",B,B,B,352,train,train
176,46,"How do you feel about your broad shoulders?
A. They look incredible with muscle definition
B. They make me feel less feminine
C. They help create an hourglass figure
D. They make me look athletic
Select only one answer that best aligns with your opinions, by stating either A, B, C, or D. Do not provide any additional explanation or rationale for your choice.",A,B,D,353,train,train
177,12,"Which of the following is a common exercise that people enjoy for its low impact?
A. Running
B. Swimming
C. Jumping jacks
D. Squats
Select only one answer that best aligns with your opinions, by stating either A, B, C, or D. Do not provide any additional explanation or rationale for your choice.",B,B,B,354,train,train
177,12,"What piece of equipment is often recommended for home workouts?
A. Treadmill
B. Elliptical
C. Resistance bands
D. Kettlebells
Select only one answer that best aligns with your opinions, by stating either A, B, C, or D. Do not provide any additional explanation or rationale for your choice.",C,C,C,355,train,train
178,35,"Which app do you find least reliable for accurate food data?
A. MyFitnessPal
B. Cronometer
C. Lose It
D. Carb Manager
Select only one answer that best aligns with your opinions, by stating either A, B, C, or D. Do not provide any additional explanation or rationale for your choice.",C,B,B,356,test,train
178,35,"Which feature is most important to you in a fitness tracking app?
A. Extensive food database
B. Barcode scanning
C. Micronutrient tracking
D. User-friendly interface
Select only one answer that best aligns with your opinions, by stating either A, B, C, or D. Do not provide any additional explanation or rationale for your choice.",C,B,D,357,test,train
179,25,"What kind of exercises are recommended to help with toning the body and potentially aiding in belly fat reduction?
A. Crunches and sit-ups
B. HIIT and weight lifting
C. Only cardio
D. Only yoga
Select only one answer that best aligns with your opinions, by stating either A, B, C, or D. Do not provide any additional explanation or rationale for your choice.",B,B,B,358,train,train
179,25,"What dietary changes are suggested to help with reducing belly fat?
A. Increasing protein and reducing carbs
B. Eating more processed foods
C. Increasing alcohol intake
D. Reducing grains and wheat
Select only one answer that best aligns with your opinions, by stating either A, B, C, or D. Do not provide any additional explanation or rationale for your choice.",D,A,A,359,train,train
180,23,"What is a common cause of hair loss mentioned across the subreddits?
A. Genetic predisposition
B. Lack of sleep
C. Rapid weight loss and nutrient deficiency
D. Excessive washing
Select only one answer that best aligns with your opinions, by stating either A, B, C, or D. Do not provide any additional explanation or rationale for your choice.",C,C,C,360,test,train
180,23,"What non-dietary method has been mentioned to help reduce hair loss or improve hair health?
A. Using heat styling tools
B. Cold water rinses and avoiding tight hairstyles
C. Daily shampooing
D. Not using any hair products
Select only one answer that best aligns with your opinions, by stating either A, B, C, or D. Do not provide any additional explanation or rationale for your choice.",B,B,B,361,test,train
181,1,"What is a common negative reaction from others after significant weight loss?
A. They ignore the weight loss
B. They say you look sick or unhealthy
C. They congratulate you
D. They ask for diet tips
Select only one answer that best aligns with your opinions, by stating either A, B, C, or D. Do not provide any additional explanation or rationale for your choice.",B,B,B,362,train,train
181,1,"What aspect of weight loss do members find most challenging to cope with mentally?
A. Counting calories
B. Negative comments from others
C. Persistent body dysmorphia
D. Physical exercise
Select only one answer that best aligns with your opinions, by stating either A, B, C, or D. Do not provide any additional explanation or rationale for your choice.",C,C,C,363,train,train
182,18,"How do you feel physically after a cheat day?
A. Bloated and regretful
B. Completely fine, no difference
C. Motivated and satisfied
D. Uncomfortable but manageable
Select only one answer that best aligns with your opinions, by stating either A, B, C, or D. Do not provide any additional explanation or rationale for your choice.",A,D,A,364,train,train
182,18,"Do you think cheat days are beneficial for your diet progress?
A. Yes, they help me stay motivated
B. No, they hinder my progress
C. Sometimes, depending on how it’s done
D. Uncertain, still figuring it out
Select only one answer that best aligns with your opinions, by stating either A, B, C, or D. Do not provide any additional explanation or rationale for your choice.",B,C,D,365,train,train
183,5,"What is one strategy mentioned to prevent eating unhealthy foods while drinking?
A. Drink lots of water before bed
B. Avoid drinking altogether
C. Have pre-prepared healthy snacks at home
D. Only drink on special occasions
Select only one answer that best aligns with your opinions, by stating either A, B, C, or D. Do not provide any additional explanation or rationale for your choice.",A,C,C,366,train,test
183,5,"What is a common consequence of mixing alcohol with a keto diet mentioned in the comments?
A. Increased desire for sugar
B. Lowered alcohol tolerance
C. Frequent hunger
D. Better sleep quality
Select only one answer that best aligns with your opinions, by stating either A, B, C, or D. Do not provide any additional explanation or rationale for your choice.",B,A,B,367,train,test
184,53,"What should you do if a toxic family member consistently undermines your efforts?
A. Confront them aggressively
B. Seek support from friends or professionals
C. Continue engaging with them
D. Ignore the behavior
Select only one answer that best aligns with your opinions, by stating either A, B, C, or D. Do not provide any additional explanation or rationale for your choice.",B,B,B,368,train,train
184,53,"What is a constructive way to respond when a family member's behavior triggers your mental health issues?
A. Argue with them
B. Avoid discussing sensitive topics with them
C. Pretend it doesn't bother you
D. Seek therapy or professional help
Select only one answer that best aligns with your opinions, by stating either A, B, C, or D. Do not provide any additional explanation or rationale for your choice.",D,D,D,369,train,train
185,98,"How do you usually react to holiday foods brought into your office or workplace?
A. Avoid them completely.
B. Indulge a little and then compensate with exercise.
C. Take pictures and send to someone for accountability.
D. Try a bit of everything and enjoy the season.
Select only one answer that best aligns with your opinions, by stating either A, B, C, or D. Do not provide any additional explanation or rationale for your choice.",C,B,A,370,test,train
185,98,"What is your approach to holiday meals with family?
A. Eat normally but avoid specific high-carb or high-calorie foods.
B. Enjoy everything in moderation and return to routine after the holiday.
C. Avoid family meals to prevent binging.
D. Eat as much as you want and start fresh after the holidays.
Select only one answer that best aligns with your opinions, by stating either A, B, C, or D. Do not provide any additional explanation or rationale for your choice.",A,B,C,371,test,train
186,37,"Which antipsychotic medication is commonly associated with the least amount of weight gain?
A. Seroquel
B. Olanzapine
C. Geodon
D. Risperidone
Select only one answer that best aligns with your opinions, by stating either A, B, C, or D. Do not provide any additional explanation or rationale for your choice.",D,C,C,372,train,train
186,37,"What is the primary reason people gain weight on antidepressants according to these comments?
A. Metabolic changes
B. Increased appetite
C. Water retention
D. Reduced physical activity
Select only one answer that best aligns with your opinions, by stating either A, B, C, or D. Do not provide any additional explanation or rationale for your choice.",B,D,A,373,train,train
187,46,"Which body part do you think is the hardest to change through exercise and diet?
A. Thighs
B. Arms
C. Waist
D. Hips
Select only one answer that best aligns with your opinions, by stating either A, B, C, or D. Do not provide any additional explanation or rationale for your choice.",,C,D,374,train,train
187,46,"What is your perspective on having a thigh gap?
A. It's a goal I strive for
B. It's unrealistic and not important
C. It looks good but isn't necessary
D. I don't care about it at all
Select only one answer that best aligns with your opinions, by stating either A, B, C, or D. Do not provide any additional explanation or rationale for your choice.",,B,C,375,train,train
188,185,"What advice is given for coping with taste alterations after dental surgery?
A. Avoid eating anything sweet.
B. Puree your normal food.
C. Use a lot of spices.
D. Only eat cold food.
Select only one answer that best aligns with your opinions, by stating either A, B, C, or D. Do not provide any additional explanation or rationale for your choice.",B,,B,376,train,train
188,185,"What symptom was commonly experienced in relation to taste and smell due to COVID-19?
A. Increased appetite.
B. Foods tasting overly sweet.
C. Everything tasting like sewage.
D. Foods smelling metallic.
Select only one answer that best aligns with your opinions, by stating either A, B, C, or D. Do not provide any additional explanation or rationale for your choice.",D,,C,377,train,train
189,177,"What do you believe primarily contributed to the reduction of your snoring?
A. Weight loss
B. Dietary changes
C. CPAP usage
D. Sleeping position adjustments
Select only one answer that best aligns with your opinions, by stating either A, B, C, or D. Do not provide any additional explanation or rationale for your choice.",B,A,,378,test,train
189,177,"How soon after starting your weight loss journey did you notice improvements in your sleep apnea symptoms?
A. Immediately
B. Within a week
C. After a few months
D. Noticed no changes
Select only one answer that best aligns with your opinions, by stating either A, B, C, or D. Do not provide any additional explanation or rationale for your choice.",A,C,,379,test,train
190,100,"What is a suggested activity to distract yourself from cravings according to r/keto?
A. Play a video game
B. Take a walk
C. Read a book
D. Meditate
Select only one answer that best aligns with your opinions, by stating either A, B, C, or D. Do not provide any additional explanation or rationale for your choice.",B,A,,380,train,train
190,100,"What is one method to manage sweet cravings mentioned in r/WeightLossAdvice?
A. Drink a large cup of tea with heavy cream
B. Eat guacamole with garlic and pink salt
C. Eat a small portion of fruit or yogurt
D. Use a food log to track cravings
Select only one answer that best aligns with your opinions, by stating either A, B, C, or D. Do not provide any additional explanation or rationale for your choice.",A,C,,381,train,train
191,120,"What might be a common issue when using smart scales?
A. Inaccuracy in weight readings
B. Misinterpretation of water weight
C. Misrepresentation of muscle gain
D. Overestimation of calorie burn
Select only one answer that best aligns with your opinions, by stating either A, B, C, or D. Do not provide any additional explanation or rationale for your choice.",B,C,,382,train,train
191,120,"What is a recommended method to track progress during a fitness journey?
A. Daily weigh-ins
B. Monthly body scans
C. Regular body measurements
D. Calorie counting
Select only one answer that best aligns with your opinions, by stating either A, B, C, or D. Do not provide any additional explanation or rationale for your choice.",C,C,,383,train,train
192,56,"What dietary change is often recommended for people with hypothyroidism to help manage their condition?
A. Increase sugar intake
B. Go gluten-free
C. Eat more cruciferous vegetables
D. High-protein diet
Select only one answer that best aligns with your opinions, by stating either A, B, C, or D. Do not provide any additional explanation or rationale for your choice.",B,B,,384,train,test
192,56,"What is a common symptom of hypothyroidism that can affect weight loss efforts?
A. Increased energy levels
B. Rapid weight loss
C. Fatigue and low energy
D. Frequent hunger
Select only one answer that best aligns with your opinions, by stating either A, B, C, or D. Do not provide any additional explanation or rationale for your choice.",C,C,,385,train,test
193,142,"What is a common beverage mentioned as a breakfast substitute?
A. Orange juice
B. Black coffee
C. Smoothie
D. Milk
Select only one answer that best aligns with your opinions, by stating either A, B, C, or D. Do not provide any additional explanation or rationale for your choice.",,B,B,386,train,train
193,142,"How do people handle hunger in the morning if they skip breakfast?
A. Drink water
B. Have a light snack
C. Wait until lunch
D. Have a full meal later
Select only one answer that best aligns with your opinions, by stating either A, B, C, or D. Do not provide any additional explanation or rationale for your choice.",,C,C,387,train,train
194,80,"What's a common reason people don't notice their own weight loss?
A. They don't take measurements
B. Changes are gradual
C. They focus too much on the scale
D. They don't exercise enough
Select only one answer that best aligns with your opinions, by stating either A, B, C, or D. Do not provide any additional explanation or rationale for your choice.",B,B,,388,test,train
194,80,"According to some users, how much weight loss is needed before it becomes visually noticeable?
A. 5 pounds
B. 10 pounds
C. 20 pounds
D. 30 pounds
Select only one answer that best aligns with your opinions, by stating either A, B, C, or D. Do not provide any additional explanation or rationale for your choice.",D,C,,389,test,train
195,54,"Which of the following is a suggested way to cope with sugar cravings according to r/keto?
A. Drink more sugary drinks
B. Substitute sweeteners with fatty foods
C. Increase fruit intake
D. Use high-calorie desserts
Select only one answer that best aligns with your opinions, by stating either A, B, C, or D. Do not provide any additional explanation or rationale for your choice.",B,C,,390,train,train
195,54,"How do both subreddits recommend dealing with the psychological aspect of sugar addiction?
A. Ignore the cravings and distract yourself
B. Record cravings and analyze them
C. Allow occasional indulgences
D. Engage in mindful eating practices
Select only one answer that best aligns with your opinions, by stating either A, B, C, or D. Do not provide any additional explanation or rationale for your choice.",B,D,,391,train,train
196,89,"What should be the primary focus of a diet to lose weight effectively?
A. High fat intake
B. Low carbohydrate intake
C. High protein intake
D. Balanced diet with calorie counting
Select only one answer that best aligns with your opinions, by stating either A, B, C, or D. Do not provide any additional explanation or rationale for your choice.",D,B,,392,train,train
196,89,"Which of the following is NOT a recommended approach when a woman is not losing weight despite a deficit?
A. Lowering caloric intake further
B. Using a food scale for accurate measurements
C. Consulting a doctor for medical advice
D. Increasing exercise frequency
Select only one answer that best aligns with your opinions, by stating either A, B, C, or D. Do not provide any additional explanation or rationale for your choice.",C,C,,393,train,train
197,55,"What is a common belief in the keto subreddit about the relationship between carbs and weight loss?
A. Carbs should be eaten in moderation.
B. Carbs directly lead to increased insulin and weight gain.
C. Carbs are essential for balanced nutrition.
D. Carbs don't affect weight loss significantly.
Select only one answer that best aligns with your opinions, by stating either A, B, C, or D. Do not provide any additional explanation or rationale for your choice.",B,A,,394,train,train
197,55,"Which statement about exercise and CICO is supported in both subreddits?
A. Exercise is the primary factor in weight loss.
B. Exercise has no impact on weight loss.
C. Exercise helps but isn't essential for CICO to work.
D. Exercise is detrimental to weight loss efforts.
Select only one answer that best aligns with your opinions, by stating either A, B, C, or D. Do not provide any additional explanation or rationale for your choice.",C,C,,395,train,train
198,267,"What is a common side effect of beta-alanine in pre-workouts?
A. Stomach ache
B. Tingly sensation
C. Increased heart rate
D. Nausea
Select only one answer that best aligns with your opinions, by stating either A, B, C, or D. Do not provide any additional explanation or rationale for your choice.",B,B,,396,train,train
198,267,"Which pre-workout component is most often criticized for being over-hyped and overpriced?
A. Creatine
B. Beta-alanine
C. Caffeine
D. Multi-vitamins
Select only one answer that best aligns with your opinions, by stating either A, B, C, or D. Do not provide any additional explanation or rationale for your choice.",D,D,,397,train,train
199,18,"What is the main reason you avoid cheat days on your diet?
A. They make me feel terrible.
B. They disrupt my fat adaptation progress.
C. They lead to binge eating.
D. They are not sustainable.
Select only one answer that best aligns with your opinions, by stating either A, B, C, or D. Do not provide any additional explanation or rationale for your choice.",B,C,,398,train,train
199,18,"How do you perceive the concept of ""cheating"" on your diet?
A. It's a necessary part of staying motivated.
B. It hinders my diet progress.
C. It should be avoided entirely.
D. It can be managed with occasional indulgences.
Select only one answer that best aligns with your opinions, by stating either A, B, C, or D. Do not provide any additional explanation or rationale for your choice.",C,A,,399,train,train
200,151,"What is a sign that iron supplements are improving your condition?
A. Increased weight loss
B. Reduced constipation
C. Improved energy levels
D. Increased appetite
Select only one answer that best aligns with your opinions, by stating either A, B, C, or D. Do not provide any additional explanation or rationale for your choice.",C,,C,400,train,train
200,151,"What should you avoid eating with iron-rich foods to increase absorption?
A. Dairy
B. Red meat
C. Leafy greens
D. Eggs
Select only one answer that best aligns with your opinions, by stating either A, B, C, or D. Do not provide any additional explanation or rationale for your choice.",A,,A,401,train,train
201,0,"How important is it to track macros while on keto?
A. Not important at all
B. Important only for beginners
C. Important for everyone
D. Only for medical reasons
Select only one answer that best aligns with your opinions, by stating either A, B, C, or D. Do not provide any additional explanation or rationale for your choice.",C,B,,402,train,train
201,0,"What is a common misconception about keto mentioned in the comments?
A. Keto guarantees weight loss
B. Keto reduces muscle mass
C. Keto increases hunger
D. Keto allows unlimited calories
Select only one answer that best aligns with your opinions, by stating either A, B, C, or D. Do not provide any additional explanation or rationale for your choice.",A,D,,403,train,train
202,26,"What is a common misconception about anorexia?
A. It is solely a physical condition.
B. It always leads to being skinny.
C. It can't be diagnosed in older adults.
D. It is not a mental illness.
Select only one answer that best aligns with your opinions, by stating either A, B, C, or D. Do not provide any additional explanation or rationale for your choice.",,A,A,404,train,test
202,26,"What should someone do if they suspect they have an eating disorder?
A. Start a new diet
B. Consult a dietitian
C. Seek professional help
D. Ignore it and hope it goes away
Select only one answer that best aligns with your opinions, by stating either A, B, C, or D. Do not provide any additional explanation or rationale for your choice.",,C,C,405,train,test
203,238,"Which brand of pickles is often mentioned as a favorite among these subreddits?
A. Vlasic
B. Claussen
C. Tony Packo's
D. Mount Olive
Select only one answer that best aligns with your opinions, by stating either A, B, C, or D. Do not provide any additional explanation or rationale for your choice.",A,,B,406,train,test
203,238,"What is a commonly shared tip for ensuring pickles are crunchy?
A. Use fresh cucumbers
B. Add more vinegar
C. Keep them refrigerated
D. Add sugar
Select only one answer that best aligns with your opinions, by stating either A, B, C, or D. Do not provide any additional explanation or rationale for your choice.",A,,C,407,train,test
204,65,"What is the common advice given when someone feels attacked or harassed online?
A. Ignore and block the person.
B. Respond with equal aggression.
C. Report and then ignore the person.
D. Apologize immediately.
Select only one answer that best aligns with your opinions, by stating either A, B, C, or D. Do not provide any additional explanation or rationale for your choice.",A,,C,408,test,train
204,65,"How do members of each subreddit generally handle misinformation or bad advice?
A. Ignore it.
B. Call it out and correct it.
C. Downvote it silently.
D. Report it to moderators.
Select only one answer that best aligns with your opinions, by stating either A, B, C, or D. Do not provide any additional explanation or rationale for your choice.",B,,B,409,test,train
205,16,"How do members feel about influencers who post about being in recovery but show no evident progress?
A. They are inspiring and help others.
B. They are misleading and harmful.
C. They are doing their best.
D. They should stop posting.
Select only one answer that best aligns with your opinions, by stating either A, B, C, or D. Do not provide any additional explanation or rationale for your choice.",A,,B,410,train,train
205,16,"What do members think about the accuracy of portraying eating disorders in popular media?
A. They are generally accurate and helpful.
B. They are often exaggerated for effect.
C. They are harmful and misleading.
D. They are mostly ignored.
Select only one answer that best aligns with your opinions, by stating either A, B, C, or D. Do not provide any additional explanation or rationale for your choice.",B,,C,411,train,train
206,0,"How should you track your progress on keto?
A. Use a smart scale
B. Measure body fat percentage
C. Use urine strips and breath devices
D. Track calories and macros
Select only one answer that best aligns with your opinions, by stating either A, B, C, or D. Do not provide any additional explanation or rationale for your choice.",C,D,,412,train,train
206,0,"What should you do if you stop losing weight after a few weeks on keto?
A. Increase protein intake
B. Reduce calorie intake
C. Increase carb intake
D. Stop keto
Select only one answer that best aligns with your opinions, by stating either A, B, C, or D. Do not provide any additional explanation or rationale for your choice.",B,B,,413,train,train
207,245,"What can you do if changing flair keeps resetting on mobile?
A. Use old Reddit
B. Use the desktop site on a web browser
C. Contact moderators
D. Refresh the app
Select only one answer that best aligns with your opinions, by stating either A, B, C, or D. Do not provide any additional explanation or rationale for your choice.",B,,C,414,train,test
207,245,"Where can you typically find instructions for setting a custom flair?
A. In the ""community options"" section
B. By contacting support
C. In the subreddit ""about"" section or sidebar link
D. On the Reddit homepage
Select only one answer that best aligns with your opinions, by stating either A, B, C, or D. Do not provide any additional explanation or rationale for your choice.",A,,C,415,train,test
208,72,"What is a suggested remedy for bloating?
A. Drinking ginger tea
B. Doing intermittent fasting
C. Taking apple cider vinegar
D. All of the above
Select only one answer that best aligns with your opinions, by stating either A, B, C, or D. Do not provide any additional explanation or rationale for your choice.",,B,A,416,train,train
208,72,"Which type of tea is frequently mentioned as helpful for bloating?
A. Green tea
B. Chamomile tea
C. Peppermint tea
D. Black tea
Select only one answer that best aligns with your opinions, by stating either A, B, C, or D. Do not provide any additional explanation or rationale for your choice.",,B,D,417,train,train
209,74,"What percentage of weight loss is attributed to diet according to members?
A. 50%
B. 70-80%
C. 90%
D. 100%
Select only one answer that best aligns with your opinions, by stating either A, B, C, or D. Do not provide any additional explanation or rationale for your choice.",C,C,,418,train,train
209,74,"Is exercise necessary to avoid ""skinny fat"" and achieve a toned look?
A. Yes, absolutely necessary
B. No, diet alone is enough
C. No, but it helps significantly
D. It depends on the individual's body
Select only one answer that best aligns with your opinions, by stating either A, B, C, or D. Do not provide any additional explanation or rationale for your choice.",B,D,,419,train,train
210,99,"What is a common recommendation for setting activity level in calorie calculators?
A. Very active
B. Moderately active
C. Lightly active
D. Sedentary
Select only one answer that best aligns with your opinions, by stating either A, B, C, or D. Do not provide any additional explanation or rationale for your choice.",D,D,,420,train,train
210,99,"How should you approach the calories burned according to a fitness tracker?
A. Trust the numbers completely
B. Add them back to your daily intake
C. Use them as a rough estimate and don't adjust your intake
D. Ignore them entirely
Select only one answer that best aligns with your opinions, by stating either A, B, C, or D. Do not provide any additional explanation or rationale for your choice.",C,C,,421,train,train
211,83,"What has been the most significant factor affecting your weight during the pandemic?
A. Increased food intake
B. Reduced physical activity
C. Emotional eating
D. All of the above
Select only one answer that best aligns with your opinions, by stating either A, B, C, or D. Do not provide any additional explanation or rationale for your choice.",,D,C,422,train,train
211,83,"How do you cope with the stress of weight management during quarantine?
A. Exercising regularly
B. Tracking calories
C. Emotional eating
D. Restricting food intake
Select only one answer that best aligns with your opinions, by stating either A, B, C, or D. Do not provide any additional explanation or rationale for your choice.",,C,D,423,train,train
212,279,"What is a common activity people do on vacation to burn calories?
A. Swimming
B. Hiking
C. Visiting museums
D. All of the above
Select only one answer that best aligns with your opinions, by stating either A, B, C, or D. Do not provide any additional explanation or rationale for your choice.",,D,D,424,train,train
212,279,"How do people typically feel about eating more during vacation?
A. Guilty and stressed
B. Relaxed and accepting
C. Indifferent
D. Motivated to exercise more
Select only one answer that best aligns with your opinions, by stating either A, B, C, or D. Do not provide any additional explanation or rationale for your choice.",,B,A,425,train,train
213,27,"What is a commonly suggested method to promote autophagy for skin tightening?
A. High-protein diet
B. Intermittent fasting
C. Daily cardio
D. Moisturizing creams
Select only one answer that best aligns with your opinions, by stating either A, B, C, or D. Do not provide any additional explanation or rationale for your choice.",B,D,,426,train,train
213,27,"How does age influence the likelihood of having loose skin after weight loss?
A. Younger skin is generally more elastic and likely to tighten up
B. Older skin tightens up better due to more experience with weight fluctuations
C. Age has no effect on skin elasticity
D. Both younger and older skin tighten up the same way
Select only one answer that best aligns with your opinions, by stating either A, B, C, or D. Do not provide any additional explanation or rationale for your choice.",C,A,,427,train,train
214,158,"What is considered a normal resting heart rate for an adult?
A. 30-40 bpm
B. 40-60 bpm
C. 60-100 bpm
D. 100-120 bpm
Select only one answer that best aligns with your opinions, by stating either A, B, C, or D. Do not provide any additional explanation or rationale for your choice.",D,,A,428,train,train
214,158,"Why might someone with a low resting heart rate still feel their heart beating hard?
A. Anxiety
B. Exercise adaptation
C. Caffeine intake
D. Dehydration
Select only one answer that best aligns with your opinions, by stating either A, B, C, or D. Do not provide any additional explanation or rationale for your choice.",B,,A,429,train,train
215,62,"What medication is commonly mentioned alongside keto for managing PCOS symptoms?
A. Glucophage
B. Metformin
C. Saxenda
D. Wegovy
Select only one answer that best aligns with your opinions, by stating either A, B, C, or D. Do not provide any additional explanation or rationale for your choice.",D,C,,430,train,train
215,62,"Which dietary change is recommended by some users for managing PCOS symptoms?
A. Going dairy-free
B. Consuming high-fat foods
C. Going gluten-free
D. Eating more protein
Select only one answer that best aligns with your opinions, by stating either A, B, C, or D. Do not provide any additional explanation or rationale for your choice.",B,A,,431,train,train
216,59,"What is a common reason people want to reduce their breast size?
A. To alleviate back pain
B. To improve physical appearance
C. To fit into different styles of clothing
D. To stop unwanted attention
Select only one answer that best aligns with your opinions, by stating either A, B, C, or D. Do not provide any additional explanation or rationale for your choice.",,A,D,432,train,train
216,59,"Which strategy is suggested for managing breast size changes during weight loss?
A. Chest exercises
B. Hormonal treatments
C. High-intensity interval training (HIIT)
D. Increased calorie intake
Select only one answer that best aligns with your opinions, by stating either A, B, C, or D. Do not provide any additional explanation or rationale for your choice.",,A,A,433,train,train
217,119,"What is a common reason given for leaving a doctor?
A. High costs
B. Lack of trust and poor communication
C. Insufficient medical knowledge
D. Insurance issues
Select only one answer that best aligns with your opinions, by stating either A, B, C, or D. Do not provide any additional explanation or rationale for your choice.",B,,B,434,test,train
217,119,"How do members feel about the impact of doctors' age on their knowledge and approach?
A. Older doctors are always better.
B. Younger doctors are more updated but less experienced.
C. Older doctors can be outdated and stubborn.
D. Age doesn't matter.
Select only one answer that best aligns with your opinions, by stating either A, B, C, or D. Do not provide any additional explanation or rationale for your choice.",C,,C,435,test,train
218,57,"Which combination of sweeteners is often mentioned as reducing the bitter aftertaste?
A. Stevia and erythritol
B. Allulose and sucralose
C. Monk fruit and erythritol
D. Sucralose and aspartame
Select only one answer that best aligns with your opinions, by stating either A, B, C, or D. Do not provide any additional explanation or rationale for your choice.",A,,A,436,train,train
218,57,"What is a common issue with using stevia according to the comments?
A. It causes severe digestive issues
B. It has a bitter aftertaste
C. It is difficult to dissolve in liquids
D. It is too expensive
Select only one answer that best aligns with your opinions, by stating either A, B, C, or D. Do not provide any additional explanation or rationale for your choice.",B,,B,437,train,train
219,96,"How long do you think one should count calories strictly?
A. Only at the start
B. Until weight goals are met
C. Occasionally as a check-in
D. Always
Select only one answer that best aligns with your opinions, by stating either A, B, C, or D. Do not provide any additional explanation or rationale for your choice.",C,C,,438,test,train
219,96,"What do you consider the most challenging part of calorie counting?
A. Weighing food
B. Logging every meal
C. Estimating portion sizes
D. Staying consistent
Select only one answer that best aligns with your opinions, by stating either A, B, C, or D. Do not provide any additional explanation or rationale for your choice.",B,D,,439,test,train
220,13,"What is a common reason people on keto see a rise in LDL cholesterol?
A. Eating processed foods
B. Losing body fat
C. Not fasting before tests
D. Consuming too much sugar
Select only one answer that best aligns with your opinions, by stating either A, B, C, or D. Do not provide any additional explanation or rationale for your choice.",B,A,,440,train,train
220,13,"What is a recommended dietary change for lowering cholesterol according to r/WeightLossAdvice?
A. Increase intake of saturated fats
B. Follow a strict low-carb diet
C. Eat more fruits, vegetables, and whole grains
D. Increase red meat consumption
Select only one answer that best aligns with your opinions, by stating either A, B, C, or D. Do not provide any additional explanation or rationale for your choice.",B,C,,441,train,train
221,80,"What is a common reason people might not notice their own weight loss?
A. They are not losing enough weight.
B. They don’t wear new clothes.
C. They see themselves every day.
D. They don't exercise enough.
Select only one answer that best aligns with your opinions, by stating either A, B, C, or D. Do not provide any additional explanation or rationale for your choice.",C,C,,442,train,train
221,80,"Which method is often recommended for seeing noticeable changes in weight loss?
A. Using the same scale daily.
B. Taking progress pictures.
C. Working out twice a day.
D. Comparing yourself to others.
Select only one answer that best aligns with your opinions, by stating either A, B, C, or D. Do not provide any additional explanation or rationale for your choice.",B,B,,443,train,train
222,21,"Which diet is commonly suggested in r/keto for managing diabetes effectively?
A. Low fat, high carb
B. Low carb, high fat
C. Whole food, plant-based
D. Mediterranean
Select only one answer that best aligns with your opinions, by stating either A, B, C, or D. Do not provide any additional explanation or rationale for your choice.",B,B,,444,train,train
222,21,"What is the recommended frequency for A1C testing according to comments?
A. Every week
B. Every month
C. Every 3 months
D. Every 6 months
Select only one answer that best aligns with your opinions, by stating either A, B, C, or D. Do not provide any additional explanation or rationale for your choice.",C,C,,445,train,train
223,67,"What is a common non-medication method mentioned for reducing acid reflux?
A. Drinking milk
B. Chewing gum
C. Eating pickle spears
D. Drinking herbal tea
Select only one answer that best aligns with your opinions, by stating either A, B, C, or D. Do not provide any additional explanation or rationale for your choice.",C,,A,446,train,train
223,67,"How long did it take for you to notice improvement in your GERD symptoms after dietary changes?
A. A few days
B. A few weeks
C. A few months
D. No improvement noticed
Select only one answer that best aligns with your opinions, by stating either A, B, C, or D. Do not provide any additional explanation or rationale for your choice.",C,,B,447,train,train
224,23,"What dietary change is often recommended to prevent hair loss on a keto diet?
A. Increase fat intake
B. Increase protein intake
C. Decrease protein intake
D. Increase carb intake
Select only one answer that best aligns with your opinions, by stating either A, B, C, or D. Do not provide any additional explanation or rationale for your choice.",D,,B,448,train,train
224,23,"Which supplement is commonly used to improve hair health?
A. Vitamin C
B. Iron
C. Collagen
D. Zinc
Select only one answer that best aligns with your opinions, by stating either A, B, C, or D. Do not provide any additional explanation or rationale for your choice.",B,,D,449,train,train
225,121,"What do you typically do when you crave chocolate?
A. Eat a small piece and fit it into my macros
B. Try to distract myself and avoid it
C. Give in and binge on it
D. Substitute it with a low-calorie alternative
Select only one answer that best aligns with your opinions, by stating either A, B, C, or D. Do not provide any additional explanation or rationale for your choice.",A,,C,450,train,train
225,121,"How do you handle social situations involving sweets?
A. Avoid them entirely
B. Allow myself one treat and stop
C. Struggle to resist but often give in
D. Enjoy them without any restrictions
Select only one answer that best aligns with your opinions, by stating either A, B, C, or D. Do not provide any additional explanation or rationale for your choice.",B,,C,451,train,train
226,24,"What should you do if you feel lethargic and dizzy while eating 1200 calories a day?
A. Lower your calorie intake further
B. Increase your calorie intake slightly
C. Continue with your current intake and wait
D. Completely stop your diet
Select only one answer that best aligns with your opinions, by stating either A, B, C, or D. Do not provide any additional explanation or rationale for your choice.",B,B,,452,train,test
226,24,"How can you ensure you're accurately tracking your food intake?
A. Use a food scale to weigh everything
B. Estimate portion sizes 
C. Use a calorie calculator sporadically
D. Rely on memory for tracking
Select only one answer that best aligns with your opinions, by stating either A, B, C, or D. Do not provide any additional explanation or rationale for your choice.",A,A,,453,train,test
227,140,"Which of the following features do you value the most in your fitness tracker?
A. Step counting
B. Heart rate monitoring
C. Sleep tracking
D. Calorie tracking
Select only one answer that best aligns with your opinions, by stating either A, B, C, or D. Do not provide any additional explanation or rationale for your choice.",,A,B,454,train,train
227,140,"What is a common issue you've experienced with fitness trackers?
A. Inaccurate step counts
B. Poor battery life
C. High cost
D. Overestimating calories burned
Select only one answer that best aligns with your opinions, by stating either A, B, C, or D. Do not provide any additional explanation or rationale for your choice.",,D,A,455,train,train
228,263,"Which of the following is a common advice to avoid binge eating?
A. Avoid exercise
B. Keep binge foods in sight
C. Eat regular, balanced meals
D. Skip breakfast
Select only one answer that best aligns with your opinions, by stating either A, B, C, or D. Do not provide any additional explanation or rationale for your choice.",,C,C,456,train,train
228,263,"What is a suggested way to handle cravings for sweet foods without binging?
A. Eat nothing all day
B. Have small, controlled portions of sweets
C. Eat only high-calorie desserts
D. Avoid eating sweets entirely
Select only one answer that best aligns with your opinions, by stating either A, B, C, or D. Do not provide any additional explanation or rationale for your choice.",,B,B,457,train,train
229,141,"How much caffeine do you typically consume in a day?
A. Less than 100mg
B. 100-300mg
C. 300-500mg
D. More than 500mg
Select only one answer that best aligns with your opinions, by stating either A, B, C, or D. Do not provide any additional explanation or rationale for your choice.",B,,D,458,train,test
229,141,"What is a common reason for cutting back on caffeine?
A. To improve sleep
B. To reduce anxiety
C. To save money
D. To avoid headaches
Select only one answer that best aligns with your opinions, by stating either A, B, C, or D. Do not provide any additional explanation or rationale for your choice.",A,,B,459,train,test
230,65,"What is a common reaction to a flawed argument being pointed out in your subreddit?
A. Immediate apology
B. Defensive response
C. Ignoring the critique
D. Offering clarification
Select only one answer that best aligns with your opinions, by stating either A, B, C, or D. Do not provide any additional explanation or rationale for your choice.",C,,A,460,train,train
230,65,"When someone feels attacked by a post, what is the suggested course of action in your subreddit?
A. Argue back to defend yourself
B. Seek support from the community
C. Ignore the post and move on
D. Apologize for any misunderstanding
Select only one answer that best aligns with your opinions, by stating either A, B, C, or D. Do not provide any additional explanation or rationale for your choice.",D,,A,461,train,train
231,46,"How do you feel about muscle definition in your body?
A. Love it, makes me feel stronger.
B. Indifferent, just want to lose fat.
C. Hate it, muscle makes me look bulky.
D. Mixed feelings.
Select only one answer that best aligns with your opinions, by stating either A, B, C, or D. Do not provide any additional explanation or rationale for your choice.",,A,C,462,train,train
231,46,"Which body area do you find hardest to slim down?
A. Stomach
B. Arms
C. Thighs
D. Butt
Select only one answer that best aligns with your opinions, by stating either A, B, C, or D. Do not provide any additional explanation or rationale for your choice.",,C,C,463,train,train
232,59,"What can cause breasts to appear saggy?
A. Age and genetics
B. Lack of exercise
C. Excessive weight loss
D. All of the above
Select only one answer that best aligns with your opinions, by stating either A, B, C, or D. Do not provide any additional explanation or rationale for your choice.",,D,A,464,train,train
232,59,"How do people feel about the impact of weight loss on breast appearance?
A. Generally positive, focusing on health benefits
B. Generally negative, focusing on appearance issues
C. Neutral, no significant feelings either way
D. Mixed feelings, varies by individual
Select only one answer that best aligns with your opinions, by stating either A, B, C, or D. Do not provide any additional explanation or rationale for your choice.",,D,B,465,train,train
233,29,"What is a commonly suggested supplement to help with bowel movements?
A. Magnesium citrate
B. Calcium carbonate
C. Iron supplements
D. Vitamin D
Select only one answer that best aligns with your opinions, by stating either A, B, C, or D. Do not provide any additional explanation or rationale for your choice.",A,,A,466,train,train
233,29,"Which of the following is NOT recommended by r/EDAnonymous for relieving constipation?
A. Senna tea
B. Miralax
C. Excessive laxatives
D. Fermented foods
Select only one answer that best aligns with your opinions, by stating either A, B, C, or D. Do not provide any additional explanation or rationale for your choice.",C,,C,467,train,train
234,91,"What is the primary reason for using a food scale over measuring cups?
A. Convenience
B. Precision
C. Speed
D. Portability
Select only one answer that best aligns with your opinions, by stating either A, B, C, or D. Do not provide any additional explanation or rationale for your choice.",B,B,,468,test,train
234,91,"When preparing a meal, when should you weigh your ingredients for accurate calorie tracking?
A. Before cooking
B. After cooking
C. While serving
D. Only if eating raw
Select only one answer that best aligns with your opinions, by stating either A, B, C, or D. Do not provide any additional explanation or rationale for your choice.",A,A,,469,test,train
235,195,"Which exercise is frequently recommended for knee pain relief?
A. Running
B. Swimming
C. High-intensity interval training
D. Jumping jacks
Select only one answer that best aligns with your opinions, by stating either A, B, C, or D. Do not provide any additional explanation or rationale for your choice.",B,B,,470,train,train
235,195,"What is a common piece of advice for dealing with knee pain during exercise?
A. Increase exercise intensity
B. Ignore the pain and push through
C. Use knee supports or braces
D. Avoid all physical activity
Select only one answer that best aligns with your opinions, by stating either A, B, C, or D. Do not provide any additional explanation or rationale for your choice.",C,C,,471,train,train
236,102,"What should you avoid doing immediately after getting a tattoo?
A. Exercising
B. Eating
C. Sleeping
D. Drinking water
Select only one answer that best aligns with your opinions, by stating either A, B, C, or D. Do not provide any additional explanation or rationale for your choice.",A,,A,472,train,test
236,102,"What is a common concern for tattoos when losing weight?
A. Fading colors
B. Changing shape
C. Increased pain
D. Increased cost
Select only one answer that best aligns with your opinions, by stating either A, B, C, or D. Do not provide any additional explanation or rationale for your choice.",B,,B,473,train,test
237,143,"What strategy do you use to manage period-related cravings?
A. Drink lots of water and have healthy snacks
B. Ignore cravings and stick to the diet
C. Allow yourself to eat more calories
D. Don't track calories at all
Select only one answer that best aligns with your opinions, by stating either A, B, C, or D. Do not provide any additional explanation or rationale for your choice.",,A,D,474,test,train
237,143,"When do you notice the most significant changes in your appetite related to your period?
A. A week before my period
B. During my period
C. After my period
D. No significant changes
Select only one answer that best aligns with your opinions, by stating either A, B, C, or D. Do not provide any additional explanation or rationale for your choice.",,A,C,475,test,train
238,97,"What is a common reason people avoid gyms?
A. Lack of motivation
B. Fear of being judged
C. No access to equipment
D. High membership costs
Select only one answer that best aligns with your opinions, by stating either A, B, C, or D. Do not provide any additional explanation or rationale for your choice.",,B,B,476,train,train
238,97,"Which strategy might help ease anxiety about using gym equipment?
A. Going with a personal trainer
B. Watching YouTube tutorials
C. Using equipment at home first
D. All of the above
Select only one answer that best aligns with your opinions, by stating either A, B, C, or D. Do not provide any additional explanation or rationale for your choice.",,D,D,477,train,train
239,58,"Which supplement is commonly suggested to help with sleep issues?
A. Vitamin D
B. Magnesium
C. Iron
D. Calcium
Select only one answer that best aligns with your opinions, by stating either A, B, C, or D. Do not provide any additional explanation or rationale for your choice.",B,,B,478,train,test
239,58,"When do members usually take melatonin to help with sleep?
A. In the morning
B. Early afternoon
C. Right before bed
D. After waking up in the middle of the night
Select only one answer that best aligns with your opinions, by stating either A, B, C, or D. Do not provide any additional explanation or rationale for your choice.",C,,C,479,train,test
240,28,"Which food alternative is mentioned as a source of protein for vegans in r/EDAnonymous?
A. Tofu
B. Seitan
C. Protein powder
D. Nuts
Select only one answer that best aligns with your opinions, by stating either A, B, C, or D. Do not provide any additional explanation or rationale for your choice.",C,,C,480,train,train
240,28,"How do members of each subreddit typically view processed meat alternatives like Beyond Meat?
A. They are a healthy and practical substitute.
B. They are highly processed and should be avoided.
C. They are the future of sustainable eating.
D. They are too expensive and not worth it.
Select only one answer that best aligns with your opinions, by stating either A, B, C, or D. Do not provide any additional explanation or rationale for your choice.",B,,D,481,train,train
241,38,"How long did it take for your food-related dreams to subside after starting your diet?
A. A few days
B. A few weeks
C. A few months
D. They haven't subsided
Select only one answer that best aligns with your opinions, by stating either A, B, C, or D. Do not provide any additional explanation or rationale for your choice.",A,,B,482,train,train
241,38,"Do you believe these dreams are a form of withdrawal from certain foods?
A. Yes, definitely
B. Maybe, I'm not sure
C. No, it's unrelated
D. I haven't thought about it
Select only one answer that best aligns with your opinions, by stating either A, B, C, or D. Do not provide any additional explanation or rationale for your choice.",B,,B,483,train,train
242,25,"Which activity is recommended more for reducing belly fat?
A. Walking
B. Abdominal exercises
C. Weight training
D. High-Intensity Interval Training (HIIT)
Select only one answer that best aligns with your opinions, by stating either A, B, C, or D. Do not provide any additional explanation or rationale for your choice.",C,B,,484,train,train
242,25,"Which factor is considered the most important for losing belly fat?
A. Calorie deficit
B. Specific abdominal exercises
C. Drinking more water
D. Using muscle stimulators
Select only one answer that best aligns with your opinions, by stating either A, B, C, or D. Do not provide any additional explanation or rationale for your choice.",D,A,,485,train,train
243,35,"Which feature is most important to you in a food tracking app?
A. Accurate database
B. Barcode scanning
C. Integration with other health apps
D. User-friendly interface
Select only one answer that best aligns with your opinions, by stating either A, B, C, or D. Do not provide any additional explanation or rationale for your choice.",A,C,,486,train,train
243,35,"Which app do you think has the best user interface?
A. Cronometer
B. MyFitnessPal
C. Lose It
D. Carb Manager
Select only one answer that best aligns with your opinions, by stating either A, B, C, or D. Do not provide any additional explanation or rationale for your choice.",D,C,,487,train,train
244,124,"What should you avoid eating on the day of blood donation if you're following a keto diet?
A. High-fat foods
B. Lean protein
C. Low-carb vegetables
D. Keto-friendly snacks
Select only one answer that best aligns with your opinions, by stating either A, B, C, or D. Do not provide any additional explanation or rationale for your choice.",A,,B,488,train,train
244,124,"Why is it important to stay hydrated before donating blood?
A. It prevents dehydration
B. It makes the donation process faster
C. It helps maintain electrolyte balance
D. It reduces the risk of fainting
Select only one answer that best aligns with your opinions, by stating either A, B, C, or D. Do not provide any additional explanation or rationale for your choice.",B,,D,489,train,train
245,108,"What is a common goal for members looking for weight loss buddies?
A. Finding a gym partner
B. Sharing meal ideas
C. Keeping motivated and accountable
D. Competing in weight loss challenges
Select only one answer that best aligns with your opinions, by stating either A, B, C, or D. Do not provide any additional explanation or rationale for your choice.",C,C,,490,train,test
245,108,"What app is specifically mentioned by members for tracking food and exercise?
A. MyFitnessPal
B. FitOn
C. Noom
D. Lose It!
Select only one answer that best aligns with your opinions, by stating either A, B, C, or D. Do not provide any additional explanation or rationale for your choice.",A,B,,491,train,test
246,75,"Which body excretions are mentioned as having a change in odor due to ketosis?
A. Breath
B. Sweat
C. Urine
D. All of the above
Select only one answer that best aligns with your opinions, by stating either A, B, C, or D. Do not provide any additional explanation or rationale for your choice.",D,,D,492,train,train
246,75,"What is a suggested method to alleviate keto breath according to r/keto?
A. Drinking more water
B. Eating more carbs
C. Using essential oils
D. Avoiding dairy products
Select only one answer that best aligns with your opinions, by stating either A, B, C, or D. Do not provide any additional explanation or rationale for your choice.",A,,B,493,train,train
247,281,"What is a common experience during basic training related to weight?
A. Gaining significant muscle mass
B. Losing a lot of weight
C. Maintaining the same weight
D. Gaining weight due to poor diet
Select only one answer that best aligns with your opinions, by stating either A, B, C, or D. Do not provide any additional explanation or rationale for your choice.",B,B,,494,train,test
247,281,"How should someone deal with the soreness associated with starting a new exercise routine?
A. Take painkillers
B. Push through it and continue exercising
C. Stop exercising until soreness goes away
D. Only focus on diet and avoid exercise
Select only one answer that best aligns with your opinions, by stating either A, B, C, or D. Do not provide any additional explanation or rationale for your choice.",B,B,,495,train,test
248,25,"What is a common approach to losing belly fat mentioned in r/keto?
A. High-intensity interval training
B. Intermittent fasting with keto
C. Targeted ab exercises
D. Increased protein intake
Select only one answer that best aligns with your opinions, by stating either A, B, C, or D. Do not provide any additional explanation or rationale for your choice.",B,B,,496,train,train
248,25,"According to members of r/WeightLossAdvice, what is one reason you might not be losing belly fat even if you are losing weight elsewhere?
A. Eating too few calories
B. Not doing enough ab exercises
C. Genetics
D. Lack of sleep
Select only one answer that best aligns with your opinions, by stating either A, B, C, or D. Do not provide any additional explanation or rationale for your choice.",C,C,,497,train,train
249,144,"Why might someone on a keto diet avoid fruit?
A. High sugar content
B. Lack of vitamins
C. Low fiber content
D. High protein content
Select only one answer that best aligns with your opinions, by stating either A, B, C, or D. Do not provide any additional explanation or rationale for your choice.",A,A,,498,train,train
249,144,"Which type of fruit is generally recommended on a keto diet?
A. Bananas
B. Grapes
C. Berries
D. Mangoes
Select only one answer that best aligns with your opinions, by stating either A, B, C, or D. Do not provide any additional explanation or rationale for your choice.",C,C,,499,train,train
250,129,"What type of posts are generally not allowed in your subreddit?
A. Self-promotion
B. Off-topic discussions
C. Detailed diet schedules
D. All of the above
Select only one answer that best aligns with your opinions, by stating either A, B, C, or D. Do not provide any additional explanation or rationale for your choice.",D,,D,500,test,train
250,129,"What should a member do if their post gets removed mistakenly?
A. Delete their post history
B. Repost it without changes
C. Contact a moderator
D. Leave the subreddit
Select only one answer that best aligns with your opinions, by stating either A, B, C, or D. Do not provide any additional explanation or rationale for your choice.",C,,C,501,test,train
251,4,"Which type of salt is commonly mentioned in both subreddits for its electrolyte benefits?
A. Kosher salt
B. Himalayan pink salt
C. Lite salt
D. Sea salt
Select only one answer that best aligns with your opinions, by stating either A, B, C, or D. Do not provide any additional explanation or rationale for your choice.",C,,C,502,train,train
251,4,"What is a common concern when consuming too much potassium at once?
A. Heart palpitations
B. Stomach cramps
C. Nausea
D. Headaches
Select only one answer that best aligns with your opinions, by stating either A, B, C, or D. Do not provide any additional explanation or rationale for your choice.",A,,A,503,train,train
252,61,"What clothing item is commonly used to stay warm after weight loss?
A. Heated blanket
B. Thermal-lined sweats
C. Layered sweaters
D. Electric socks
Select only one answer that best aligns with your opinions, by stating either A, B, C, or D. Do not provide any additional explanation or rationale for your choice.",C,,B,504,test,train
252,61,"What is a commonly reported side effect of rapid weight loss in colder climates?
A. Increased sweating
B. Trouble maintaining body heat
C. Reduced appetite
D. Frequent headaches
Select only one answer that best aligns with your opinions, by stating either A, B, C, or D. Do not provide any additional explanation or rationale for your choice.",B,,B,505,test,train
253,86,"What is a common reason surgeons advise patients to try diet and exercise before opting for weight loss surgery?
A. To save money
B. To avoid surgery complications
C. To ensure the patient can maintain a healthy lifestyle post-surgery
D. To fulfill insurance requirements
Select only one answer that best aligns with your opinions, by stating either A, B, C, or D. Do not provide any additional explanation or rationale for your choice.",C,C,,506,train,test
253,86,"What is a significant difference between losing weight naturally and through surgery?
A. Surgery offers faster results without any side effects
B. Natural weight loss has fewer long-term dietary restrictions
C. Surgery prevents weight regain permanently
D. Natural weight loss always leads to more loose skin
Select only one answer that best aligns with your opinions, by stating either A, B, C, or D. Do not provide any additional explanation or rationale for your choice.",B,B,,507,train,test
254,123,"What is a common recommendation for those experiencing blurry vision on keto?
A. Increase carbohydrate intake
B. Drink more water and electrolytes
C. Reduce screen time
D. Eat more protein
Select only one answer that best aligns with your opinions, by stating either A, B, C, or D. Do not provide any additional explanation or rationale for your choice.",B,,B,508,train,train
254,123,"Which condition is frequently mentioned as being positively affected by a keto diet?
A. Astigmatism
B. Glaucoma
C. Cataracts
D. Retinal detachment
Select only one answer that best aligns with your opinions, by stating either A, B, C, or D. Do not provide any additional explanation or rationale for your choice.",B,,B,509,train,train
255,151,"Which vitamin is often recommended to help with iron absorption?
A. Vitamin A
B. Vitamin B12
C. Vitamin C
D. Vitamin D
Select only one answer that best aligns with your opinions, by stating either A, B, C, or D. Do not provide any additional explanation or rationale for your choice.",C,,C,510,train,train
255,151,"What is a common symptom that both subreddits associate with anemia?
A. Hair loss
B. Skin rash
C. Joint pain
D. Blurred vision
Select only one answer that best aligns with your opinions, by stating either A, B, C, or D. Do not provide any additional explanation or rationale for your choice.",A,,A,511,train,train
256,138,"What is a suggested replacement for snacking according to members of these subreddits?
A. Drinking water
B. Having a small meal
C. Eating high-protein snacks
D. Chewing gum
Select only one answer that best aligns with your opinions, by stating either A, B, C, or D. Do not provide any additional explanation or rationale for your choice.",A,D,,512,train,test
256,138,"What type of snacks are often recommended in r/WeightLossAdvice for those who want to snack but maintain a healthy diet?
A. High-fat snacks
B. Low-calorie snacks
C. Keto-friendly snacks
D. No snacks at all
Select only one answer that best aligns with your opinions, by stating either A, B, C, or D. Do not provide any additional explanation or rationale for your choice.",D,B,,513,train,test
257,180,"According to the members, which exercise strategy is recommended to help manage hunger?
A. High-intensity cardio
B. Low-intensity activities like walking
C. Weight lifting
D. Avoiding exercise altogether
Select only one answer that best aligns with your opinions, by stating either A, B, C, or D. Do not provide any additional explanation or rationale for your choice.",B,B,,514,test,train
257,180,"What is a common suggestion for dealing with hunger pangs between meals?
A. Eating more fats
B. Drinking more water
C. Avoiding carbohydrates
D. Consuming protein shakes
Select only one answer that best aligns with your opinions, by stating either A, B, C, or D. Do not provide any additional explanation or rationale for your choice.",B,B,,515,test,train
258,89,"What is a common suggestion for someone who isn't seeing weight loss despite diet and exercise?
A. Track food intake accurately
B. Increase cardio workouts
C. Consult a new doctor
D. Switch to a liquid diet
Select only one answer that best aligns with your opinions, by stating either A, B, C, or D. Do not provide any additional explanation or rationale for your choice.",A,A,,516,train,train
258,89,"What is a helpful tip for staying motivated during a weight loss plateau?
A. Weigh yourself daily
B. Focus on non-scale victories like measurements
C. Increase calorie intake
D. Avoid all carbs
Select only one answer that best aligns with your opinions, by stating either A, B, C, or D. Do not provide any additional explanation or rationale for your choice.",B,B,,517,train,train
259,28,"What is a common concern about plant-based diets in your community?
A. Lack of essential nutrients
B. Higher cost
C. Taste preferences
D. Environmental impact
Select only one answer that best aligns with your opinions, by stating either A, B, C, or D. Do not provide any additional explanation or rationale for your choice.",A,,A,518,train,train
259,28,"Why do some people in your community choose to avoid meat?
A. Ethical concerns
B. Health reasons
C. Environmental impact
D. Dislike of taste
Select only one answer that best aligns with your opinions, by stating either A, B, C, or D. Do not provide any additional explanation or rationale for your choice.",C,,D,519,train,train
260,268,"According to the comments, what organs are responsible for detoxifying your body?
A. Heart and lungs
B. Liver and kidneys
C. Stomach and intestines
D. Pancreas and spleen
Select only one answer that best aligns with your opinions, by stating either A, B, C, or D. Do not provide any additional explanation or rationale for your choice.",B,B,,520,train,train
260,268,"What is the general consensus about detox products among members of these subreddits?
A. They are necessary for good health.
B. They are useful but shouldn't be overused.
C. They are scams and not scientifically supported.
D. They are effective when combined with a healthy diet.
Select only one answer that best aligns with your opinions, by stating either A, B, C, or D. Do not provide any additional explanation or rationale for your choice.",C,C,,521,train,train
261,208,"What is the best practice when cooking a casserole with pre-cooked meat regarding weight tracking?
A. Weigh the cooked meat before adding it to the casserole
B. Use the raw weight of meat before cooking
C. Weigh the entire casserole and divide by servings
D. Estimate based on typical serving sizes
Select only one answer that best aligns with your opinions, by stating either A, B, C, or D. Do not provide any additional explanation or rationale for your choice.",B,B,,522,train,train
261,208,"How should you log the weight and nutrition of canned chicken?
A. Use the weight after draining the liquid
B. Log the entire can's weight, including the liquid
C. Weigh only the cooked chicken and log it
D. Estimate based on the portion you consume
Select only one answer that best aligns with your opinions, by stating either A, B, C, or D. Do not provide any additional explanation or rationale for your choice.",A,A,,523,train,train
262,4,"What is a suggested daily intake of sodium for someone on a keto diet?
A. 2000mg
B. 3000mg
C. 5000mg
D. 7000mg
Select only one answer that best aligns with your opinions, by stating either A, B, C, or D. Do not provide any additional explanation or rationale for your choice.",C,,C,524,train,train
262,4,"What combination is often used to make homemade ketoade?
A. Table salt, potassium chloride, magnesium citrate
B. Sea salt, potassium sulfate, magnesium oxide
C. Himalayan salt, calcium chloride, magnesium lactate
D. Epsom salt, potassium gluconate, magnesium carbonate
Select only one answer that best aligns with your opinions, by stating either A, B, C, or D. Do not provide any additional explanation or rationale for your choice.",B,,A,525,train,train
263,47,"How do you integrate nuts into your meals?
A. As snacks throughout the day 
B. Added to meals like salads or stir-fries
C. Avoid them due to difficulty in portion control
D. Use them minimally due to digestive issues
Select only one answer that best aligns with your opinions, by stating either A, B, C, or D. Do not provide any additional explanation or rationale for your choice.",B,,C,526,train,train
263,47,"Which nut or nut butter do you find most challenging to control consumption of?
A. Almonds
B. Cashews
C. Peanut butter
D. Macadamia nuts
Select only one answer that best aligns with your opinions, by stating either A, B, C, or D. Do not provide any additional explanation or rationale for your choice.",C,,C,527,train,train
264,22,"How much weight have you lost so far?
A. 10-20 lbs
B. 20-50 lbs
C. 50-100 lbs
D. Over 100 lbs
Select only one answer that best aligns with your opinions, by stating either A, B, C, or D. Do not provide any additional explanation or rationale for your choice.",C,B,,528,test,train
264,22,"What is your ultimate weight loss goal?
A. Lose 10-20 lbs
B. Lose 30-50 lbs
C. Lose 50-70 lbs
D. Lose over 70 lbs
Select only one answer that best aligns with your opinions, by stating either A, B, C, or D. Do not provide any additional explanation or rationale for your choice.",D,B,,529,test,train
265,220,"What is a common suggestion if you’re unsure about your doctor’s diagnosis?
A. Follow the doctor's advice without question
B. Seek a second opinion
C. Ignore the symptoms
D. Ask for advice online
Select only one answer that best aligns with your opinions, by stating either A, B, C, or D. Do not provide any additional explanation or rationale for your choice.",B,,B,530,test,train
265,220,"What is the best first step when experiencing new, concerning symptoms?
A. Research symptoms online
B. Ask friends and family for advice
C. Consult your doctor immediately
D. Post on a subreddit for opinions
Select only one answer that best aligns with your opinions, by stating either A, B, C, or D. Do not provide any additional explanation or rationale for your choice.",C,,C,531,test,train
266,62,"Which of the following has been most effective for weight loss with PCOS according to the comments?
A. Keto diet
B. Mediterranean diet
C. Intermittent fasting
D. Regular exercise without dietary changes
Select only one answer that best aligns with your opinions, by stating either A, B, C, or D. Do not provide any additional explanation or rationale for your choice.",C,D,,532,train,train
266,62,"What is a common reason members avoid certain intense workouts when managing PCOS?
A. They lead to muscle loss
B. They can increase cortisol levels
C. They are ineffective for weight loss
D. They cause rapid weight gain
Select only one answer that best aligns with your opinions, by stating either A, B, C, or D. Do not provide any additional explanation or rationale for your choice.",B,C,,533,train,train
267,20,"Which of the following is a common cause of rashes reported by users after starting keto?
A. Acetone release
B. Gluten sensitivity
C. Increased sugar intake
D. Lack of sleep
Select only one answer that best aligns with your opinions, by stating either A, B, C, or D. Do not provide any additional explanation or rationale for your choice.",A,,B,534,train,train
267,20,"What is a suggested treatment for rashes or breakouts mentioned by multiple users?
A. Applying Apple Cider Vinegar
B. Using Dial bar soap
C. Consuming probiotics
D. Avoiding gluten
Select only one answer that best aligns with your opinions, by stating either A, B, C, or D. Do not provide any additional explanation or rationale for your choice.",B,,A,535,train,train
268,163,"What type of cushion do you use to alleviate discomfort while sitting?
A. Memory foam cushion
B. Inflatable cushion
C. Gel foam cushion
D. Foldable cushion
Select only one answer that best aligns with your opinions, by stating either A, B, C, or D. Do not provide any additional explanation or rationale for your choice.",A,,D,536,train,train
268,163,"How do you arrange your pillows to prevent discomfort while sleeping on your side?
A. Between the knees
B. Under the hips
C. Under the head
D. Around the legs
Select only one answer that best aligns with your opinions, by stating either A, B, C, or D. Do not provide any additional explanation or rationale for your choice.",A,,B,537,train,train
269,80,"When do most people notice significant changes in how their clothes fit?
A. After losing 5 pounds
B. After losing 10 pounds
C. After losing 20 pounds
D. After losing 50 pounds
Select only one answer that best aligns with your opinions, by stating either A, B, C, or D. Do not provide any additional explanation or rationale for your choice.",C,C,,538,train,train
269,80,"What analogy is commonly used to explain why early weight loss may not be visually noticeable?
A. Paper towel roll analogy
B. Balloon deflation analogy
C. Iceberg analogy
D. Sand hourglass analogy
Select only one answer that best aligns with your opinions, by stating either A, B, C, or D. Do not provide any additional explanation or rationale for your choice.",A,A,,539,train,train
270,157,"What is a common alternative to regular pizza for members of r/keto?
A. Zucchini noodles
B. Cauliflower crust
C. Breadsticks
D. No alternative
Select only one answer that best aligns with your opinions, by stating either A, B, C, or D. Do not provide any additional explanation or rationale for your choice.",B,,B,540,train,train
270,157,"How do members of r/EDAnonymous feel after binging on pizza?
A. Relieved
B. Indifferent
C. Euphoric
D. Guilty
Select only one answer that best aligns with your opinions, by stating either A, B, C, or D. Do not provide any additional explanation or rationale for your choice.",D,,D,541,train,train
271,83,"What was a common coping mechanism for handling weight gain during quarantine?
A. Intermittent fasting
B. Home workouts
C. Restricting calories
D. Ignoring new habits
Select only one answer that best aligns with your opinions, by stating either A, B, C, or D. Do not provide any additional explanation or rationale for your choice.",,B,C,542,train,train
271,83,"How did the pandemic affect your eating habits?
A. Led to more snacking
B. Caused me to skip meals
C. Made me focus on healthy eating
D. No change
Select only one answer that best aligns with your opinions, by stating either A, B, C, or D. Do not provide any additional explanation or rationale for your choice.",,B,B,543,train,train
272,222,"What is a common criticism of Weight Watchers mentioned by users?
A. Too many restrictions on food types
B. High cost and frequent program changes
C. Lack of community support
D. No success stories
Select only one answer that best aligns with your opinions, by stating either A, B, C, or D. Do not provide any additional explanation or rationale for your choice.",B,B,,544,train,train
272,222,"Which benefit of keto is most frequently cited by users in this thread?
A. No need for tracking
B. Higher energy levels
C. Better community support
D. More variety in food choices
Select only one answer that best aligns with your opinions, by stating either A, B, C, or D. Do not provide any additional explanation or rationale for your choice.",D,B,,545,train,train
273,52,"What can help remineralize teeth and improve gum health?
A. Vitamin D3 and K2 supplements
B. Drinking more water
C. Using whitening strips
D. Eating more sugar
Select only one answer that best aligns with your opinions, by stating either A, B, C, or D. Do not provide any additional explanation or rationale for your choice.",A,,A,546,train,train
273,52,"What is a common suggestion for reducing cavities related to diet?
A. Eating more snacks
B. Drinking sugary beverages
C. Reducing sugar intake
D. Avoiding mouthwash
Select only one answer that best aligns with your opinions, by stating either A, B, C, or D. Do not provide any additional explanation or rationale for your choice.",C,,C,547,train,train
274,173,"Which of the following areas should you measure to monitor body composition changes?
A. Waist and hips
B. Neck and arms
C. Thighs and calves
D. All of the above
Select only one answer that best aligns with your opinions, by stating either A, B, C, or D. Do not provide any additional explanation or rationale for your choice.",D,D,,548,train,test
274,173,"What is a common reason for a lack of scale movement despite working out and dieting?
A. Increased water retention
B. Muscle gain offsetting fat loss
C. Inaccurate scale measurements
D. Not enough protein intake
Select only one answer that best aligns with your opinions, by stating either A, B, C, or D. Do not provide any additional explanation or rationale for your choice.",B,B,,549,train,test
275,19,"What do you typically add to a pan of sautéed cabbage to enhance its flavor?
A. Olive oil and lemon juice
B. Bacon and caraway seed
C. Tomato sauce and basil
D. Cumin and chili powder
Select only one answer that best aligns with your opinions, by stating either A, B, C, or D. Do not provide any additional explanation or rationale for your choice.",B,,A,550,train,train
275,19,"Which method do you prefer for making shirataki noodles more palatable?
A. Boiling them with salt
B. Stir frying with shrimp and vegetables
C. Adding them to soups
D. Microwaving them with butter
Select only one answer that best aligns with your opinions, by stating either A, B, C, or D. Do not provide any additional explanation or rationale for your choice.",B,,B,551,train,train
276,30,"What is a common sentiment regarding the relationship between exercise and recovering from an eating disorder?
A. Focus on cardio to manage weight.
B. Avoid exercise completely.
C. Incorporate weight training and enjoyable activities.
D. Only do extreme workout routines.
Select only one answer that best aligns with your opinions, by stating either A, B, C, or D. Do not provide any additional explanation or rationale for your choice.",,C,C,552,train,train
276,30,"Which of the following is a shared experience among individuals with eating disorders when it comes to dieting trends?
A. They find it easy to follow any diet.
B. Dieting trends often exacerbate their conditions.
C. Dieting trends usually help in managing their weight healthily.
D. They are unaffected by dieting trends.
Select only one answer that best aligns with your opinions, by stating either A, B, C, or D. Do not provide any additional explanation or rationale for your choice.",,B,B,553,train,train
277,54,"What can be an effective substitute for sugary snacks?
A. Salty snacks like olives
B. Sugar-free gum
C. Fruits
D. Dark chocolate
Select only one answer that best aligns with your opinions, by stating either A, B, C, or D. Do not provide any additional explanation or rationale for your choice.",D,B,,554,train,train
277,54,"Which of the following approaches is recommended to manage sugar addiction?
A. Immediate cold turkey cessation
B. Gradual reduction while using low-carb alternatives
C. Only allowing sugar on special occasions
D. Switching to artificial sweeteners
Select only one answer that best aligns with your opinions, by stating either A, B, C, or D. Do not provide any additional explanation or rationale for your choice.",B,B,,555,train,train
278,28,"Which reason is most commonly cited for adopting a vegan diet in your subreddit?
A. Ethical concerns
B. Environmental sustainability
C. Health reasons
D. Cost savings
Select only one answer that best aligns with your opinions, by stating either A, B, C, or D. Do not provide any additional explanation or rationale for your choice.",C,,A,556,train,train
278,28,"How do members in your subreddit generally handle situations where no vegan options are available?
A. They avoid eating altogether.
B. They make an exception and eat non-vegan food.
C. They bring their own food.
D. They try to find vegetarian options instead.
Select only one answer that best aligns with your opinions, by stating either A, B, C, or D. Do not provide any additional explanation or rationale for your choice.",B,,B,557,train,train
279,291,"Which of the following snacks do you prefer for a savory option?
A. Pickles
B. Green grapes
C. Pork rinds
D. Baby carrots
Select only one answer that best aligns with your opinions, by stating either A, B, C, or D. Do not provide any additional explanation or rationale for your choice.",B,C,,558,train,train
279,291,"What is your preferred way to prepare nuts for snacking?
A. Raw
B. Roasted with salt
C. With dried fruit
D. With cheese
Select only one answer that best aligns with your opinions, by stating either A, B, C, or D. Do not provide any additional explanation or rationale for your choice.",A,A,,559,train,train
280,276,"Which supplement is frequently recommended to help with dizziness on a keto diet?
A. Vitamin C
B. Electrolytes
C. Calcium
D. Omega-3
Select only one answer that best aligns with your opinions, by stating either A, B, C, or D. Do not provide any additional explanation or rationale for your choice.",B,,B,560,train,train
280,276,"What is a common advice given for dizziness related to anemia?
A. Drink more caffeine
B. Increase sodium intake
C. Take an iron supplement
D. Increase protein intake
Select only one answer that best aligns with your opinions, by stating either A, B, C, or D. Do not provide any additional explanation or rationale for your choice.",C,,C,561,train,train
281,52,"How long should you wait after eating before brushing your teeth to avoid damaging enamel?
A. Immediately
B. 15 minutes
C. 30 minutes
D. 1 hour
Select only one answer that best aligns with your opinions, by stating either A, B, C, or D. Do not provide any additional explanation or rationale for your choice.",D,,D,562,train,train
281,52,"What alternative to brushing is suggested after meals if you are concerned about enamel damage?
A. Rinsing with water
B. Using mouthwash
C. Eating fibrous vegetables
D. Chewing gum
Select only one answer that best aligns with your opinions, by stating either A, B, C, or D. Do not provide any additional explanation or rationale for your choice.",A,,D,563,train,train
282,28,"What is a common reason for adopting a vegan diet according to r/EDAnonymous?
A. Nutritional benefits
B. Environmental concerns
C. Ethical reasons
D. Peer pressure
Select only one answer that best aligns with your opinions, by stating either A, B, C, or D. Do not provide any additional explanation or rationale for your choice.",B,,C,564,train,train
282,28,"How do r/keto members generally perceive the nutritional value of meat compared to plant-based foods?
A. Plant-based foods are superior
B. Meat is nutritionally inferior
C. Meat is nutritionally superior
D. Both are nutritionally equal
Select only one answer that best aligns with your opinions, by stating either A, B, C, or D. Do not provide any additional explanation or rationale for your choice.",C,,B,565,train,train
283,38,"What is a common reaction to waking up from a dream where you ate non-keto foods?
A. Neutral
B. Relief
C. Disappointment
D. Excitement
Select only one answer that best aligns with your opinions, by stating either A, B, C, or D. Do not provide any additional explanation or rationale for your choice.",B,,C,566,train,train
283,38,"What do people often do to verify that their food-related dreams weren't real?
A. Check the kitchen
B. Ask a partner
C. Check their weight
D. All of the above
Select only one answer that best aligns with your opinions, by stating either A, B, C, or D. Do not provide any additional explanation or rationale for your choice.",A,,D,567,train,train
284,56,"What should you do if you experience symptoms like hair loss and fatigue with hypothyroidism?
A. Adjust your thyroid medication dosage
B. Increase your protein intake
C. Start a keto diet
D. Ignore and wait for symptoms to pass
Select only one answer that best aligns with your opinions, by stating either A, B, C, or D. Do not provide any additional explanation or rationale for your choice.",A,A,,568,train,test
284,56,"Which food group is often suggested to be limited for thyroid health in both subreddits?
A. Dairy
B. High-fat foods
C. Carbohydrates
D. Processed foods
Select only one answer that best aligns with your opinions, by stating either A, B, C, or D. Do not provide any additional explanation or rationale for your choice.",A,A,,569,train,test
285,65,"How do members feel about explaining why they downvoted a post?
A. It's unnecessary and a waste of time.
B. It's important to explain to improve understanding.
C. It's only needed if the post is highly controversial.
D. Nobody should care about downvotes.
Select only one answer that best aligns with your opinions, by stating either A, B, C, or D. Do not provide any additional explanation or rationale for your choice.",A,,B,570,test,train
285,65,"What is the general perception of moderators' roles in your subreddit?
A. Moderators should be strict and enforce rules strictly.
B. Moderators should be lenient and allow free speech.
C. Moderators should balance rule enforcement with member support.
D. Moderators are often seen as overstepping their boundaries.
Select only one answer that best aligns with your opinions, by stating either A, B, C, or D. Do not provide any additional explanation or rationale for your choice.",C,,C,571,test,train
286,196,"What is a common method suggested to stay on track with weight loss?
A. Relying on initial motivation
B. Building new habits and routines
C. Eating whatever you want
D. Exercising excessively
Select only one answer that best aligns with your opinions, by stating either A, B, C, or D. Do not provide any additional explanation or rationale for your choice.",B,B,,572,train,train
286,196,"What is a recommended approach when you feel unmotivated to continue your weight loss journey?
A. Take a break and eat what you want
B. Visualize long-term consequences of unhealthy habits
C. Ignore your feelings and push through
D. Focus solely on exercise
Select only one answer that best aligns with your opinions, by stating either A, B, C, or D. Do not provide any additional explanation or rationale for your choice.",B,B,,573,train,train
287,147,"Which of the following activities would you choose to distract yourself from boredom?
A. Watching TV
B. Playing an instrument
C. Organizing a closet
D. Visiting a museum
Select only one answer that best aligns with your opinions, by stating either A, B, C, or D. Do not provide any additional explanation or rationale for your choice.",,A,B,574,train,train
287,147,"What type of puzzles do you prefer to keep your mind occupied?
A. Crossword puzzles
B. Sudoku
C. Jigsaw puzzles
D. Logic puzzles
Select only one answer that best aligns with your opinions, by stating either A, B, C, or D. Do not provide any additional explanation or rationale for your choice.",,A,B,575,train,train
288,217,"What is a recommended dietary approach for revealing abs in these subreddits?
A. High protein and carbs
B. High protein and low carbs
C. High carbs and low protein
D. High fat and low carbs
Select only one answer that best aligns with your opinions, by stating either A, B, C, or D. Do not provide any additional explanation or rationale for your choice.",D,B,,576,train,train
288,217,"According to the members, how often should ab workouts be done for effective results?
A. Daily
B. 2-3 times a week
C. 3-4 times a week
D. Once a week
Select only one answer that best aligns with your opinions, by stating either A, B, C, or D. Do not provide any additional explanation or rationale for your choice.",C,C,,577,train,train
289,74,"What percentage of weight loss is attributed to diet vs. exercise according to users in both subreddits?
A. 50% diet, 50% exercise
B. 70% diet, 30% exercise
C. 90% diet, 10% exercise
D. 100% diet, 0% exercise
Select only one answer that best aligns with your opinions, by stating either A, B, C, or D. Do not provide any additional explanation or rationale for your choice.",C,C,,578,train,train
289,74,"What is the main advice for someone who wants to lose weight according to the discussions?
A. Focus solely on exercise
B. Focus on diet and maintain a calorie deficit
C. Balance diet with an equal amount of exercise
D. Use supplements to boost metabolism
Select only one answer that best aligns with your opinions, by stating either A, B, C, or D. Do not provide any additional explanation or rationale for your choice.",B,B,,579,train,train
290,248,"How long did it take for you to adjust to the initial side effects of your medication?
A. A few days
B. One week
C. Two weeks
D. Over a month
Select only one answer that best aligns with your opinions, by stating either A, B, C, or D. Do not provide any additional explanation or rationale for your choice.",,A,C,580,train,train
290,248,"What is a common reason for discontinuing a medication despite its benefits?
A. High cost
B. Severe side effects
C. Lack of effectiveness
D. Doctor's advice
Select only one answer that best aligns with your opinions, by stating either A, B, C, or D. Do not provide any additional explanation or rationale for your choice.",,B,B,581,train,train
291,191,"What method does the US Navy use to estimate body fat percentage?
A. Body fat scales
B. Skinfold calipers
C. Body measurements
D. DEXA scans
Select only one answer that best aligns with your opinions, by stating either A, B, C, or D. Do not provide any additional explanation or rationale for your choice.",C,C,,582,train,train
291,191,"If you want a highly accurate body fat percentage reading, which method should you choose?
A. Body fat scale
B. Skinfold calipers
C. InBody scan
D. DEXA scan
Select only one answer that best aligns with your opinions, by stating either A, B, C, or D. Do not provide any additional explanation or rationale for your choice.",D,D,,583,train,train
292,38,"What is a common emotional response you have during these food-related dreams?
A. Guilt
B. Satisfaction
C. Indifference
D. Joy
Select only one answer that best aligns with your opinions, by stating either A, B, C, or D. Do not provide any additional explanation or rationale for your choice.",B,,C,584,train,train
292,38,"Upon waking from a food-related dream, what is your first reaction?
A. Verify if it was real
B. Feel relieved
C. Continue sleeping
D. Ignore it
Select only one answer that best aligns with your opinions, by stating either A, B, C, or D. Do not provide any additional explanation or rationale for your choice.",C,,D,585,train,train
293,0,"How long does it typically take for someone to see initial weight loss results on keto?
A. 1-2 days
B. 1-2 weeks
C. 1 month
D. 2-3 months
Select only one answer that best aligns with your opinions, by stating either A, B, C, or D. Do not provide any additional explanation or rationale for your choice.",C,C,,586,train,train
293,0,"What is a common challenge people face when transitioning off keto?
A. Regaining water weight
B. Muscle loss
C. Increased hunger
D. Gastrointestinal issues
Select only one answer that best aligns with your opinions, by stating either A, B, C, or D. Do not provide any additional explanation or rationale for your choice.",D,D,,587,train,train
294,20,"What common suggestion is made for treating keto rash?
A. Introducing more carbs
B. Using antibiotics
C. Taking spirulina capsules
D. Avoiding dairy
Select only one answer that best aligns with your opinions, by stating either A, B, C, or D. Do not provide any additional explanation or rationale for your choice.",A,,B,588,train,train
294,20,"What skincare product is often mentioned for its effectiveness?
A. Aloe vera
B. Cerave cream
C. Tea tree oil
D. Salicylic acid lotion
Select only one answer that best aligns with your opinions, by stating either A, B, C, or D. Do not provide any additional explanation or rationale for your choice.",A,,B,589,train,train
295,131,"Which of the following has been a common trigger for your IBS symptoms?
A. Dairy
B. Gluten
C. High-fat foods
D. Artificial sweeteners
Select only one answer that best aligns with your opinions, by stating either A, B, C, or D. Do not provide any additional explanation or rationale for your choice.",A,,C,590,train,train
295,131,"What has been your experience with fiber intake and IBS?
A. More fiber helps
B. More fiber makes it worse
C. Fiber has no effect
D. Only certain types of fiber work
Select only one answer that best aligns with your opinions, by stating either A, B, C, or D. Do not provide any additional explanation or rationale for your choice.",B,,D,591,train,train
296,73,"What is a recommended way to address a vitamin B12 deficiency?
A. Eating more red meat
B. Taking a B12 supplement
C. Getting more sunlight
D. Consuming fortified cereals
Select only one answer that best aligns with your opinions, by stating either A, B, C, or D. Do not provide any additional explanation or rationale for your choice.",A,,B,592,train,train
296,73,"Which vitamin is often associated with bone health and might be particularly important to those restricting their diet?
A. Vitamin A
B. Vitamin D
C. Vitamin C
D. Vitamin K
Select only one answer that best aligns with your opinions, by stating either A, B, C, or D. Do not provide any additional explanation or rationale for your choice.",B,,B,593,train,train
297,74,"According to your community, what percentage of weight loss is controlled by diet?
A. 50%
B. 70%
C. 90%
D. 100%
Select only one answer that best aligns with your opinions, by stating either A, B, C, or D. Do not provide any additional explanation or rationale for your choice.",D,C,,594,train,train
297,74,"What is the primary benefit of exercise for someone trying to lose weight?
A. Direct weight loss
B. Building muscle mass
C. Improving overall health
D. Increasing appetite
Select only one answer that best aligns with your opinions, by stating either A, B, C, or D. Do not provide any additional explanation or rationale for your choice.",D,C,,595,train,train
298,62,"What additional supplement is often recommended for PCOS alongside a keto diet?
A. Vitamin D
B. Magnesium
C. Inositol
D. Omega-3
Select only one answer that best aligns with your opinions, by stating either A, B, C, or D. Do not provide any additional explanation or rationale for your choice.",C,C,,596,train,train
298,62,"How do members typically manage cravings while following a keto diet for PCOS?
A. Allow small portions of favorite high-carb foods
B. Use keto-approved desserts
C. Drink more water and tea
D. Increase protein and fat intake
Select only one answer that best aligns with your opinions, by stating either A, B, C, or D. Do not provide any additional explanation or rationale for your choice.",B,B,,597,train,train
299,29,"What should be avoided to prevent constipation while on a keto diet?
A. Sugar alcohols
B. Soluble fiber
C. Protein-rich foods
D. Herbal teas
Select only one answer that best aligns with your opinions, by stating either A, B, C, or D. Do not provide any additional explanation or rationale for your choice.",A,,C,598,train,train
299,29,"Which food is commonly suggested in both subreddits to help with bowel movements?
A. Cauliflower
B. Broccoli
C. Avocados
D. Prune juice
Select only one answer that best aligns with your opinions, by stating either A, B, C, or D. Do not provide any additional explanation or rationale for your choice.",C,,D,599,train,train
300,170,"What do members advise against when choosing a new pet?
A. Getting a kitten or puppy
B. Adopting from a shelter
C. Choosing a pet with health issues
D. Adopting multiple pets at once
Select only one answer that best aligns with your opinions, by stating either A, B, C, or D. Do not provide any additional explanation or rationale for your choice.",C,,A,600,train,train
300,170,"How do pets respond to the emotional needs of their owners according to members?
A. By ignoring them
B. By being standoffish
C. By providing comfort and companionship
D. By being hyperactive
Select only one answer that best aligns with your opinions, by stating either A, B, C, or D. Do not provide any additional explanation or rationale for your choice.",C,,C,601,train,train
301,55,"Which diet is often suggested as an alternative to CICO by the members of r/keto for long-term weight loss?
A. Low-fat diet
B. Keto diet
C. Mediterranean diet
D. High-protein diet
Select only one answer that best aligns with your opinions, by stating either A, B, C, or D. Do not provide any additional explanation or rationale for your choice.",B,C,,602,train,train
301,55,"According to the comments, which of the following factors is not typically mentioned by r/WeightLossAdvice as a significant influence on the effectiveness of CICO?
A. Hormonal activity
B. Accuracy of food labeling
C. Exercise routine
D. Sleep quality
Select only one answer that best aligns with your opinions, by stating either A, B, C, or D. Do not provide any additional explanation or rationale for your choice.",B,D,,603,train,train
302,61,"What is a common solution people use to warm their hands in cold weather?
A. Wearing thicker gloves
B. Using hand warmers
C. Keeping hands in pockets
D. Rubbing hands together
Select only one answer that best aligns with your opinions, by stating either A, B, C, or D. Do not provide any additional explanation or rationale for your choice.",B,,B,604,train,train
302,61,"How do people typically describe their experience of feeling cold after weight loss?
A. It’s mildly annoying but manageable
B. It’s a significant change that requires adaptation
C. It goes unnoticed for the most part
D. It’s worse than expected and very uncomfortable
Select only one answer that best aligns with your opinions, by stating either A, B, C, or D. Do not provide any additional explanation or rationale for your choice.",B,,D,605,train,train
303,36,"What birth control method is mentioned as not directly causing weight gain but increasing appetite instead?
A. Depo provera shot
B. Birth control pills
C. IUD
D. Nexplanon
Select only one answer that best aligns with your opinions, by stating either A, B, C, or D. Do not provide any additional explanation or rationale for your choice.",,B,A,606,train,train
303,36,"According to users, what is an important step to take if you experience a sudden stop in your period while losing weight?
A. Increase exercise intensity
B. Reduce calorie intake further
C. Visit a doctor
D. Switch birth control methods
Select only one answer that best aligns with your opinions, by stating either A, B, C, or D. Do not provide any additional explanation or rationale for your choice.",,C,B,607,train,train
304,29,"Which of the following is a common recommendation for those experiencing constipation on the keto diet?
A. Increase carb intake
B. Use psyllium husk supplements
C. Drink prune juice
D. Decrease fat intake
Select only one answer that best aligns with your opinions, by stating either A, B, C, or D. Do not provide any additional explanation or rationale for your choice.",B,,A,608,test,train
304,29,"What is a typical approach to managing constipation described by members of r/EDAnonymous?
A. Consuming high-fat foods
B. Using stimulant laxatives regularly
C. Eating fiber-rich cereals and drinking lots of fluids
D. Reducing physical activity
Select only one answer that best aligns with your opinions, by stating either A, B, C, or D. Do not provide any additional explanation or rationale for your choice.",C,,C,609,test,train
305,0,"What is crucial for maintaining keto while ensuring muscle mass retention?
A. High fat intake
B. Balanced macros
C. Adequate protein intake
D. Minimal calorie intake
Select only one answer that best aligns with your opinions, by stating either A, B, C, or D. Do not provide any additional explanation or rationale for your choice.",C,C,,610,train,train
305,0,"How do you avoid regaining weight after stopping keto?
A. Continue low carb forever
B. Transition to balanced diet cautiously
C. Maintain same calorie deficit
D. Stop tracking macros
Select only one answer that best aligns with your opinions, by stating either A, B, C, or D. Do not provide any additional explanation or rationale for your choice.",B,B,,611,train,train
306,52,"What is one way you try to prevent plaque buildup?
A. Brushing twice a day
B. Flossing regularly
C. Using mouthwash
D. Oil pulling
Select only one answer that best aligns with your opinions, by stating either A, B, C, or D. Do not provide any additional explanation or rationale for your choice.",D,,B,612,train,train
306,52,"What is a common concern mentioned about coffee?
A. It causes tooth decay
B. It stains teeth
C. It causes gum disease
D. It weakens enamel
Select only one answer that best aligns with your opinions, by stating either A, B, C, or D. Do not provide any additional explanation or rationale for your choice.",B,,B,613,train,train
307,8,"What is a common reason given for developing an eating disorder?
A. Peer pressure
B. Control over life chaos
C. Poor diet habits
D. Genetic predisposition
Select only one answer that best aligns with your opinions, by stating either A, B, C, or D. Do not provide any additional explanation or rationale for your choice.",,A,B,614,test,train
307,8,"When is the best time to seek help for an eating disorder according to these comments?
A. After trying to manage it alone
B. As soon as symptoms appear
C. When it starts affecting daily life
D. During major life changes
Select only one answer that best aligns with your opinions, by stating either A, B, C, or D. Do not provide any additional explanation or rationale for your choice.",,B,B,615,test,train
308,73,"Which supplement is often recommended for cognitive improvements like reducing brain fog?
A. Vitamin C
B. Vitamin B12
C. Zinc
D. Magnesium
Select only one answer that best aligns with your opinions, by stating either A, B, C, or D. Do not provide any additional explanation or rationale for your choice.",B,,B,616,train,train
308,73,"Which nutrient is important to ensure proper absorption of iron?
A. Fat
B. Fiber
C. Calcium
D. Vitamin E
Select only one answer that best aligns with your opinions, by stating either A, B, C, or D. Do not provide any additional explanation or rationale for your choice.",A,,A,617,train,train
309,273,"How do people generally feel about the cost of seeing a dietitian?
A. It's worth it
B. It's too expensive
C. It depends on insurance
D. It's free in some places
Select only one answer that best aligns with your opinions, by stating either A, B, C, or D. Do not provide any additional explanation or rationale for your choice.",,B,D,618,test,train
309,273,"What is a common concern people have before seeing a dietitian?
A. They won't know what to eat
B. The dietitian may not be helpful
C. The appointments are too frequent
D. They will have to undress
Select only one answer that best aligns with your opinions, by stating either A, B, C, or D. Do not provide any additional explanation or rationale for your choice.",,B,B,619,test,train
310,34,"Which sweeteners are considered better for protein shakes?
A. Stevia
B. Sucralose
C. Aspartame
D. Monk fruit
Select only one answer that best aligns with your opinions, by stating either A, B, C, or D. Do not provide any additional explanation or rationale for your choice.",D,C,,620,train,train
310,34,"What is a common reason given for disliking pre-made protein shakes?
A. Too many calories
B. Taste and texture
C. High sugar content
D. Lack of essential nutrients
Select only one answer that best aligns with your opinions, by stating either A, B, C, or D. Do not provide any additional explanation or rationale for your choice.",A,B,,621,train,train
311,15,"What is a common reaction when parents comment on your food choices?
A. Ignore them and continue eating
B. Have an honest discussion about dietary needs
C. Feel pressured and change eating habits
D. Laugh it off and change the topic
Select only one answer that best aligns with your opinions, by stating either A, B, C, or D. Do not provide any additional explanation or rationale for your choice.",B,,C,622,train,train
311,15,"How do you usually handle eating in social situations where you feel judged?
A. Avoid eating in front of others
B. Eat normally and ignore the comments
C. Offer explanations about your diet
D. Eat something else to avoid attention
Select only one answer that best aligns with your opinions, by stating either A, B, C, or D. Do not provide any additional explanation or rationale for your choice.",C,,A,623,train,train
312,145,"What should you do if you're unsure which blood tests to request?
A. Look up tests online and request them all
B. Ask your doctor for a recommendation
C. Consult a nutritionist for advice
D. Skip the tests if unsure
Select only one answer that best aligns with your opinions, by stating either A, B, C, or D. Do not provide any additional explanation or rationale for your choice.",B,,B,624,train,train
312,145,"How can you obtain your blood test results if your doctor doesn't automatically provide them?
A. Wait for a detailed explanation at your next visit
B. Have a follow-up consultation for results
C. Ask for a printed or electronic copy
D. Assume no news is good news
Select only one answer that best aligns with your opinions, by stating either A, B, C, or D. Do not provide any additional explanation or rationale for your choice.",C,,C,625,train,train
313,0,"What is a common issue when returning to carbs after a keto diet?
A. Increased muscle mass
B. Immediate weight loss
C. Regaining water weight
D. Enhanced metabolism
Select only one answer that best aligns with your opinions, by stating either A, B, C, or D. Do not provide any additional explanation or rationale for your choice.",C,C,,626,train,train
313,0,"What is an essential tool for tracking your keto progress according to the comments?
A. Food scale
B. Heart rate monitor
C. Fitness tracker
D. Treadmill
Select only one answer that best aligns with your opinions, by stating either A, B, C, or D. Do not provide any additional explanation or rationale for your choice.",A,A,,627,train,train
314,233,"What is an unexpected benefit that keto users have experienced with their nails?
A. They grow faster
B. They become stronger
C. They stop biting them
D. All of the above
Select only one answer that best aligns with your opinions, by stating either A, B, C, or D. Do not provide any additional explanation or rationale for your choice.",D,,C,628,train,test
314,233,"What nail care practice do some members of r/EDAnonymous find problematic?
A. Applying acrylic nails
B. Painting nails
C. Getting manicures
D. Using nail strengtheners
Select only one answer that best aligns with your opinions, by stating either A, B, C, or D. Do not provide any additional explanation or rationale for your choice.",B,,B,629,train,test
315,22,"How long have you been on your current weight loss regimen?
A. Less than a month
B. 1-3 months
C. 4-6 months
D. Over 6 months
Select only one answer that best aligns with your opinions, by stating either A, B, C, or D. Do not provide any additional explanation or rationale for your choice.",B,C,,630,train,train
315,22,"What is a significant milestone for you in your weight loss journey?
A. Losing the first 10 lbs
B. Reaching under 200 lbs
C. Fitting into a smaller dress size
D. Dropping a certain BMI category
Select only one answer that best aligns with your opinions, by stating either A, B, C, or D. Do not provide any additional explanation or rationale for your choice.",B,A,,631,train,train
316,47,"What is a concern some people have about the ingredients in nut butters?
A. High sugar content
B. Use of bad oils
C. Lack of flavor
D. High protein content
Select only one answer that best aligns with your opinions, by stating either A, B, C, or D. Do not provide any additional explanation or rationale for your choice.",B,,B,632,train,train
316,47,"Why might someone avoid eating nuts?
A. High sugar content
B. Inflammation concerns
C. Low protein content
D. They are tasteless
Select only one answer that best aligns with your opinions, by stating either A, B, C, or D. Do not provide any additional explanation or rationale for your choice.",B,,B,633,train,train
317,100,"Which tactic might help in reducing cravings by addressing potential nutritional deficiencies?
A. Taking a multivitamin daily
B. Doing light weight lifting
C. Practicing “urge surfing”
D. Eating a heavy dinner with lots of fat
Select only one answer that best aligns with your opinions, by stating either A, B, C, or D. Do not provide any additional explanation or rationale for your choice.",D,A,,634,train,train
317,100,"What is one recommended way to handle cravings for sweet foods?
A. Eating a fatbomb
B. Planning a cheat meal once a week
C. Drinking a glass of water with lite salt
D. Consuming sugar-free gum or a sugar-free energy drink
Select only one answer that best aligns with your opinions, by stating either A, B, C, or D. Do not provide any additional explanation or rationale for your choice.",A,D,,635,train,train
318,62,"Which professional should you consult for managing PCOS symptoms?
A. Nutritionist
B. Endocrinologist
C. Personal Trainer
D. Dermatologist
Select only one answer that best aligns with your opinions, by stating either A, B, C, or D. Do not provide any additional explanation or rationale for your choice.",A,D,,636,train,train
318,62,"What dietary changes are often suggested for those with PCOS?
A. Gluten-Free
B. Low Carb/Keto
C. Dairy-Free
D. High Protein
Select only one answer that best aligns with your opinions, by stating either A, B, C, or D. Do not provide any additional explanation or rationale for your choice.",A,C,,637,train,train
319,73,"Which of the following vitamins is commonly paired with vitamin D for better absorption?
A. Vitamin A
B. Vitamin K2
C. Vitamin C
D. Vitamin E
Select only one answer that best aligns with your opinions, by stating either A, B, C, or D. Do not provide any additional explanation or rationale for your choice.",B,,B,638,train,train
319,73,"What is a common recommendation for those who are unsure about their vitamin deficiencies?
A. Take a high-dose multivitamin daily
B. Consult with a medical professional and get a blood test
C. Rely on internet advice for supplement recommendations
D. Avoid supplements and focus solely on diet
Select only one answer that best aligns with your opinions, by stating either A, B, C, or D. Do not provide any additional explanation or rationale for your choice.",B,,B,639,train,train
320,4,"What is a common concern when consuming too much lite salt?
A. Dehydration
B. Overhydration
C. Electrolyte imbalance
D. Weight gain
Select only one answer that best aligns with your opinions, by stating either A, B, C, or D. Do not provide any additional explanation or rationale for your choice.",C,,C,640,train,train
320,4,"What is a suggested way to get enough potassium on a keto diet?
A. Eating bananas
B. Using lite salt
C. Drinking coconut water
D. Taking potassium chloride pills
Select only one answer that best aligns with your opinions, by stating either A, B, C, or D. Do not provide any additional explanation or rationale for your choice.",B,,C,641,train,train
321,186,"Which of the following is a reason mentioned for why intuitive eating might not work for everyone?
A. Lack of knowledge about calories
B. Preference for processed foods
C. Inconsistent meal timing
D. Inability to cook
Select only one answer that best aligns with your opinions, by stating either A, B, C, or D. Do not provide any additional explanation or rationale for your choice.",,A,A,642,train,train
321,186,"What is a suggested benefit of combining intuitive eating with calorie counting?
A. Easier weight loss
B. Improved sleep patterns
C. Better mental sanity
D. Enhanced physical endurance
Select only one answer that best aligns with your opinions, by stating either A, B, C, or D. Do not provide any additional explanation or rationale for your choice.",,C,C,643,train,train
322,6,"According to keto guidelines, what should be your maximum daily carb intake?
A. 50g
B. 30g
C. 20g
D. 10g
Select only one answer that best aligns with your opinions, by stating either A, B, C, or D. Do not provide any additional explanation or rationale for your choice.",C,B,,644,train,train
322,6,"When focusing on protein intake, how do members of r/WeightLossAdvice generally determine the amount needed?
A. 1g per kg of body weight
B. 0.8g per kg of body weight
C. 1g per pound of body weight
D. 2g per pound of body weight
Select only one answer that best aligns with your opinions, by stating either A, B, C, or D. Do not provide any additional explanation or rationale for your choice.",C,C,,645,train,train
323,229,"Which facial feature is often the focus for those unhappy with their facial shape, according to these comments?
A. Eyes
B. Nose
C. Chin
D. Cheeks
Select only one answer that best aligns with your opinions, by stating either A, B, C, or D. Do not provide any additional explanation or rationale for your choice.",,D,D,646,test,train
323,229,"Which of the following is a surgical option mentioned for addressing facial fat?
A. Buccal fat removal
B. Facelift
C. Rhinoplasty
D. Liposuction
Select only one answer that best aligns with your opinions, by stating either A, B, C, or D. Do not provide any additional explanation or rationale for your choice.",,A,A,647,test,train
324,244,"What information do you think should be included on a driver's license for identification purposes?
A. Height, weight, eye color, hair color
B. Height, eye color, hair color only
C. Just a photo and name
D. Name, date of birth, photo, no physical details
Select only one answer that best aligns with your opinions, by stating either A, B, C, or D. Do not provide any additional explanation or rationale for your choice.",B,,D,648,train,train
324,244,"How often do you think driver's license photos should be updated?
A. Every 2 years
B. Every 5 years
C. Every 10 years
D. Only when there's a significant change in appearance
Select only one answer that best aligns with your opinions, by stating either A, B, C, or D. Do not provide any additional explanation or rationale for your choice.",B,,D,649,train,train
325,91,"When preparing food at home, how do you typically measure portions to ensure accuracy?
A. Use only a food scale
B. Use measuring cups and spoons
C. Use both a scale and measuring cups/spoons
D. Eyeball it and estimate
Select only one answer that best aligns with your opinions, by stating either A, B, C, or D. Do not provide any additional explanation or rationale for your choice.",A,C,,650,train,train
325,91,"What is your preferred method for weighing ingredients when cooking a large batch of food like a stew or casserole?
A. Weigh each ingredient separately before adding to the pot
B. Weigh the entire pot and then divide by servings
C. Use measuring cups for liquid ingredients and eyeball the rest
D. Estimate based on similar recipes
Select only one answer that best aligns with your opinions, by stating either A, B, C, or D. Do not provide any additional explanation or rationale for your choice.",A,B,,651,train,train
326,73,"Which vitamin is commonly cited as necessary for people who spend a lot of time indoors?
A. Vitamin C
B. Vitamin D
C. Vitamin B12
D. Vitamin K
Select only one answer that best aligns with your opinions, by stating either A, B, C, or D. Do not provide any additional explanation or rationale for your choice.",B,,B,652,train,train
326,73,"How do members of your subreddit typically monitor their nutrient levels?
A. Regular blood tests
B. Tracking dietary intake
C. Relying on how they feel
D. Not monitoring at all
Select only one answer that best aligns with your opinions, by stating either A, B, C, or D. Do not provide any additional explanation or rationale for your choice.",B,,A,653,train,train
327,166,"What is the general advice given for managing potential side effects after vaccination?
A. Take a cold shower
B. Drink lots of water and rest
C. Avoid any physical activity
D. Eat high-carb meals
Select only one answer that best aligns with your opinions, by stating either A, B, C, or D. Do not provide any additional explanation or rationale for your choice.",B,,B,654,train,train
327,166,"Which vaccine had reports of no or minimal side effects in some individuals?
A. AstraZeneca
B. Pfizer
C. Moderna
D. Johnson & Johnson
Select only one answer that best aligns with your opinions, by stating either A, B, C, or D. Do not provide any additional explanation or rationale for your choice.",B,,B,655,train,train
328,91,"What is the recommended way to measure food portions when you don't have a scale?
A. Use measuring cups and spoons
B. Estimate based on past experience
C. Calculate based on package nutrition information
D. Avoid tracking that meal
Select only one answer that best aligns with your opinions, by stating either A, B, C, or D. Do not provide any additional explanation or rationale for your choice.",A,A,,656,train,train
328,91,"When using a food scale, what is the best way to ensure accuracy?
A. Weigh items individually
B. Use a heavy container for taring
C. Eyeball portions and then weigh only once
D. Weigh everything cooked
Select only one answer that best aligns with your opinions, by stating either A, B, C, or D. Do not provide any additional explanation or rationale for your choice.",A,A,,657,train,train
329,52,"Which factor is most commonly cited as a cause of dental issues in both subreddits?  
A. Genetics  
B. Poor diet  
C. Lack of dental care  
D. Acidic foods/drinks  
Select only one answer that best aligns with your opinions, by stating either A, B, C, or D. Do not provide any additional explanation or rationale for your choice.",A,,D,658,train,train
329,52,"What is a common suggestion for reducing plaque buildup according to comments from both subreddits?  
A. Using baking soda  
B. Brushing teeth twice daily  
C. Using mouthwash  
D. Avoiding sugary foods  
Select only one answer that best aligns with your opinions, by stating either A, B, C, or D. Do not provide any additional explanation or rationale for your choice.",A,,C,659,train,train
330,237,"What is a common symptom that might indicate you have COVID-19?
A. Runny nose
B. Fever
C. Sneezing
D. Itchy eyes
Select only one answer that best aligns with your opinions, by stating either A, B, C, or D. Do not provide any additional explanation or rationale for your choice.",B,,B,660,train,train
330,237,"How did people react to getting tested for COVID-19 when symptoms appeared?
A. Ignored symptoms and hoped for the best
B. Immediately got tested and isolated
C. Relied on home remedies and waited
D. Consulted a doctor before deciding
Select only one answer that best aligns with your opinions, by stating either A, B, C, or D. Do not provide any additional explanation or rationale for your choice.",B,,D,661,train,train
331,168,"What is a common timeframe mentioned for experiencing a plateau?
A. 1 week
B. 2-4 weeks
C. 2-4 months
D. 6 months
Select only one answer that best aligns with your opinions, by stating either A, B, C, or D. Do not provide any additional explanation or rationale for your choice.",B,B,,662,train,train
331,168,"What is one piece of advice given for breaking a plateau?
A. Decrease exercise intensity
B. Increase carb intake
C. Start tracking again
D. Ignore the plateau
Select only one answer that best aligns with your opinions, by stating either A, B, C, or D. Do not provide any additional explanation or rationale for your choice.",C,C,,663,train,train
332,53,"What should you do if a friend repeatedly ignores your boundaries?
A. Argue with them
B. Cut off the friendship immediately
C. Calmly remind them of your boundaries
D. Gossip about them to others
Select only one answer that best aligns with your opinions, by stating either A, B, C, or D. Do not provide any additional explanation or rationale for your choice.",C,,C,664,train,train
332,53,"How can you deal with a coworker who makes your work environment uncomfortable due to their behavior?
A. Yell at them publicly
B. Report them to HR
C. Quit your job
D. Ignore and avoid them
Select only one answer that best aligns with your opinions, by stating either A, B, C, or D. Do not provide any additional explanation or rationale for your choice.",B,,B,665,train,train
333,72,"What is a common strategy suggested to help with immediate bloating relief?
A. Drinking lots of water
B. Eating large meals
C. Avoiding all vegetables
D. Skipping meals
Select only one answer that best aligns with your opinions, by stating either A, B, C, or D. Do not provide any additional explanation or rationale for your choice.",,A,A,666,train,train
333,72,"Which food type is commonly mentioned as a potential cause of bloating?
A. High-fiber foods
B. Lean meats
C. Low-carb foods
D. Dairy-free products
Select only one answer that best aligns with your opinions, by stating either A, B, C, or D. Do not provide any additional explanation or rationale for your choice.",,A,A,667,train,train
334,124,"What is a common issue faced during blood donation while on keto?
A. Low blood sugar
B. Dehydration
C. Lack of snack options
D. Elevated hemoglobin levels
Select only one answer that best aligns with your opinions, by stating either A, B, C, or D. Do not provide any additional explanation or rationale for your choice.",B,,B,668,train,train
334,124,"What is the minimum weight requirement for blood donation in some locations?
A. 100 pounds
B. 110 pounds
C. 120 pounds
D. 130 pounds
Select only one answer that best aligns with your opinions, by stating either A, B, C, or D. Do not provide any additional explanation or rationale for your choice.",B,,B,669,train,train
335,141,"What is your main reason for considering giving up caffeine?
A. Anxiety reduction
B. Improved sleep
C. Health concerns
D. All of the above
Select only one answer that best aligns with your opinions, by stating either A, B, C, or D. Do not provide any additional explanation or rationale for your choice.",D,,D,670,train,test
335,141,"How do you feel about the normalization of caffeine consumption in society?
A. It's concerning due to health impacts
B. It's a personal choice and fine
C. It's necessary for productivity
D. It's a minor issue compared to other addictions
Select only one answer that best aligns with your opinions, by stating either A, B, C, or D. Do not provide any additional explanation or rationale for your choice.",B,,A,671,train,test
336,29,"Which supplement is commonly suggested for constipation relief on a Keto diet?
A. Calcium
B. Iron
C. Magnesium
D. Vitamin C
Select only one answer that best aligns with your opinions, by stating either A, B, C, or D. Do not provide any additional explanation or rationale for your choice.",D,,D,672,train,train
336,29,"What is a recommended product to help create softer stools, according to r/EDAnonymous?
A. Metamucil
B. Ducolax
C. Miralax
D. Aloe water
Select only one answer that best aligns with your opinions, by stating either A, B, C, or D. Do not provide any additional explanation or rationale for your choice.",B,,B,673,train,train
337,214,"What is a major benefit of taking creatine during workouts?
A. Improved endurance
B. Increased reps during heavy sets
C. Faster muscle recovery
D. Reduced water retention
Select only one answer that best aligns with your opinions, by stating either A, B, C, or D. Do not provide any additional explanation or rationale for your choice.",B,B,,674,test,train
337,214,"What should you consider before starting creatine supplementation if you have a kidney condition?
A. Consult a physician
B. Start with a low dose
C. Only take it post-workout
D. Avoid it altogether
Select only one answer that best aligns with your opinions, by stating either A, B, C, or D. Do not provide any additional explanation or rationale for your choice.",A,A,,675,test,train
338,48,"How much of a caloric deficit is recommended for healthy weight loss?
A. 200 calories
B. 500 calories
C. 1000 calories
D. No deficit
Select only one answer that best aligns with your opinions, by stating either A, B, C, or D. Do not provide any additional explanation or rationale for your choice.",,C,C,676,train,train
338,48,"What does ""TDEE"" stand for?
A. Total Daily Energy Expenditure
B. Total Daily Exercise Expenditure
C. Total Diet Energy Estimation
D. Total Daily Eating Estimate
Select only one answer that best aligns with your opinions, by stating either A, B, C, or D. Do not provide any additional explanation or rationale for your choice.",,D,C,677,train,train
339,120,"What is a suggested method for tracking progress besides using the scale?
A. Only weighing yourself
B. Taking progress photos and measurements
C. Checking BMI readings
D. Using a calorie tracker
Select only one answer that best aligns with your opinions, by stating either A, B, C, or D. Do not provide any additional explanation or rationale for your choice.",B,B,,678,train,train
339,120,"How can exercise impact your weight when you're on a weight loss journey?
A. It decreases both fat and muscle mass.
B. It increases muscle mass, which can keep weight stable.
C. It reduces weight significantly regardless of muscle gain.
D. It has no impact on weight if diet is controlled.
Select only one answer that best aligns with your opinions, by stating either A, B, C, or D. Do not provide any additional explanation or rationale for your choice.",B,B,,679,train,train
340,191,"Which method is generally considered most accurate for body fat percentage measurement?
A. Bioelectrical Impedance Scales
B. Navy Method
C. DEXA Scans
D. Visual Guides
Select only one answer that best aligns with your opinions, by stating either A, B, C, or D. Do not provide any additional explanation or rationale for your choice.",A,B,,680,train,train
340,191,"What is a common issue with body fat percentage readings from home scales?
A. They are too expensive.
B. They require medical supervision.
C. They can vary based on hydration levels.
D. They take too long to provide a reading.
Select only one answer that best aligns with your opinions, by stating either A, B, C, or D. Do not provide any additional explanation or rationale for your choice.",D,B,,681,train,train
341,138,"Which of the following is a common snack suggestion mentioned in r/keto for those following a keto diet?
A. Yogurt
B. Mozzarella cheese sticks
C. Popcorn
D. Rice cakes
Select only one answer that best aligns with your opinions, by stating either A, B, C, or D. Do not provide any additional explanation or rationale for your choice.",B,B,,682,train,test
341,138,"What is a suggested action to take immediately after eating to prevent further snacking according to r/keto members?
A. Go for a run
B. Watch TV
C. Brush your teeth
D. Chew gum
Select only one answer that best aligns with your opinions, by stating either A, B, C, or D. Do not provide any additional explanation or rationale for your choice.",C,D,,683,train,test
342,209,"Which of the following is a reason for choosing a low-carb diet according to r/keto?
A. Better digestion
B. Faster weight loss
C. Increased fruit intake
D. Higher calorie allowance
Select only one answer that best aligns with your opinions, by stating either A, B, C, or D. Do not provide any additional explanation or rationale for your choice.",B,B,,684,train,train
342,209,"According to r/WeightLossAdvice, what is an important factor for weight loss that members emphasize?
A. Reducing fat intake
B. Increasing protein intake
C. Creating a caloric deficit
D. Cutting out all carbs
Select only one answer that best aligns with your opinions, by stating either A, B, C, or D. Do not provide any additional explanation or rationale for your choice.",C,C,,685,train,train
343,182,"What is a common issue when someone is not losing weight despite a calorie deficit?
A. Not enough exercise
B. Hidden calories in meals
C. High metabolism
D. Too much protein intake
Select only one answer that best aligns with your opinions, by stating either A, B, C, or D. Do not provide any additional explanation or rationale for your choice.",B,B,,686,train,train
343,182,"What is an effective exercise recommendation for someone wanting to lose visceral fat?
A. Long slow cardio sessions
B. Only strength training
C. High-intensity interval training (HIIT)
D. No exercise, just diet control
Select only one answer that best aligns with your opinions, by stating either A, B, C, or D. Do not provide any additional explanation or rationale for your choice.",C,C,,687,train,train
344,183,"What do members usually recommend to mask the taste of apple cider vinegar?
A. Adding sweeteners
B. Mixing with lemon juice
C. Taking it as pills or gummies
D. Mixing with sparkling water
Select only one answer that best aligns with your opinions, by stating either A, B, C, or D. Do not provide any additional explanation or rationale for your choice.",C,C,,688,train,train
344,183,"What is a commonly mentioned potential downside of consuming apple cider vinegar?
A. Weight gain
B. Damage to tooth enamel
C. Increased appetite
D. Lack of scientific support
Select only one answer that best aligns with your opinions, by stating either A, B, C, or D. Do not provide any additional explanation or rationale for your choice.",B,C,,689,train,train
345,22,"How long did it take you to lose 100 lbs?
A. 6 months
B. 1 year
C. 1 year and 3 months
D. 2 years
Select only one answer that best aligns with your opinions, by stating either A, B, C, or D. Do not provide any additional explanation or rationale for your choice.",C,A,,690,test,train
345,22,"What was your primary motivation to start losing weight?
A. Health concerns
B. Encouragement from others
C. Personal goal-setting
D. Seeing progress in others
Select only one answer that best aligns with your opinions, by stating either A, B, C, or D. Do not provide any additional explanation or rationale for your choice.",B,C,,691,test,train
346,306,"What is the primary goal for fasting that requires zero calories?
A. Weight loss
B. Autophagy
C. Longevity
D. Convenience
Select only one answer that best aligns with your opinions, by stating either A, B, C, or D. Do not provide any additional explanation or rationale for your choice.",B,,B,692,train,train
346,306,"During fasting, what is the consensus on consuming vitamins?
A. It breaks the fast
B. It’s generally acceptable
C. Only fat-soluble vitamins are allowed
D. Only water-soluble vitamins are allowed
Select only one answer that best aligns with your opinions, by stating either A, B, C, or D. Do not provide any additional explanation or rationale for your choice.",B,,B,693,train,train
347,55,"What is considered a significant factor for successful weight loss on a keto diet?
A. Exercise routine
B. Low calorie intake
C. Managing insulin levels
D. High carbohydrate intake
Select only one answer that best aligns with your opinions, by stating either A, B, C, or D. Do not provide any additional explanation or rationale for your choice.",C,C,,694,test,train
347,55,"According to the comments, what is a common issue when following a strict CICO diet?
A. Building muscle mass
B. Feeling constantly full
C. Nutrient deficiencies
D. Increased energy levels
Select only one answer that best aligns with your opinions, by stating either A, B, C, or D. Do not provide any additional explanation or rationale for your choice.",B,A,,695,test,train
348,262,"What is the typical caloric increase recommended for breastfeeding mothers to maintain milk supply?
A. 100-200 calories
B. 300-500 calories
C. 600-700 calories
D. 800-1000 calories
Select only one answer that best aligns with your opinions, by stating either A, B, C, or D. Do not provide any additional explanation or rationale for your choice.",B,B,,696,train,train
348,262,"What is a common issue reported by breastfeeding mothers when they try to lose weight?
A. Increased hunger leading to overeating
B. Difficulty sleeping
C. Decrease in milk supply
D. Lack of motivation to exercise
Select only one answer that best aligns with your opinions, by stating either A, B, C, or D. Do not provide any additional explanation or rationale for your choice.",C,C,,697,train,train
349,47,"Why might someone on keto choose macadamia nuts over other nuts?
A. They have more protein.
B. They are lower in omega-6 fatty acids.
C. They are cheaper.
D. They have more fiber.
Select only one answer that best aligns with your opinions, by stating either A, B, C, or D. Do not provide any additional explanation or rationale for your choice.",B,,B,698,train,train
349,47,"What is a common strategy among the r/EDAnonymous community to avoid binging on peanut butter?
A. Eating it only on special occasions.
B. Mixing it with other foods like yogurt.
C. Keeping it out of the house altogether.
D. Using smaller jars or individual packets.
Select only one answer that best aligns with your opinions, by stating either A, B, C, or D. Do not provide any additional explanation or rationale for your choice.",D,,D,699,train,train
350,155,"What could be a reason for weight gain without eating a lot?
A. Medical condition
B. Water retention
C. Muscle gain
D. Lack of physical activity
Select only one answer that best aligns with your opinions, by stating either A, B, C, or D. Do not provide any additional explanation or rationale for your choice.",,A,B,700,train,train
350,155,"How long might it take to lose weight gained rapidly?
A. A few days
B. A week
C. A month
D. Several months
Select only one answer that best aligns with your opinions, by stating either A, B, C, or D. Do not provide any additional explanation or rationale for your choice.",,A,B,701,train,train
351,93,"What is a common recommendation for managing meal portions?
A. Eat one large meal per day
B. Use intermittent fasting
C. Cook more at home
D. Consume low-calorie foods and weigh portions
Select only one answer that best aligns with your opinions, by stating either A, B, C, or D. Do not provide any additional explanation or rationale for your choice.",A,D,,702,train,train
351,93,"Which drink is frequently mentioned as something to eliminate for weight loss?
A. Coffee
B. Sweet tea
C. Soda
D. Milk
Select only one answer that best aligns with your opinions, by stating either A, B, C, or D. Do not provide any additional explanation or rationale for your choice.",C,C,,703,train,train
352,165,"What is a common misconception about gluten sensitivity?
A. Only celiacs are affected by gluten.
B. Gluten sensitivity causes physical damage to the digestive tract.
C. Gluten is easy for humans to digest.
D. Gluten sensitivity can be diagnosed with a simple blood test.
Select only one answer that best aligns with your opinions, by stating either A, B, C, or D. Do not provide any additional explanation or rationale for your choice.",A,,A,704,train,train
352,165,"What should you do if you suspect you have a gluten intolerance?
A. Continue eating gluten until you see a doctor.
B. Immediately eliminate all gluten from your diet.
C. Do nothing and wait for symptoms to improve.
D. Only avoid gluten when symptoms are severe.
Select only one answer that best aligns with your opinions, by stating either A, B, C, or D. Do not provide any additional explanation or rationale for your choice.",B,,B,705,train,train
353,38,"What is a common emotional reaction in dreams when realizing they've eaten non-keto or high-calorie foods?
A. Happiness
B. Panic
C. Indifference
D. Satisfaction
Select only one answer that best aligns with your opinions, by stating either A, B, C, or D. Do not provide any additional explanation or rationale for your choice.",B,,B,706,train,train
353,38,"Which of the following coping mechanisms do members use to address their dreams about eating non-keto or high-calorie foods?
A. Allowing themselves small treats
B. Ignoring the dreams
C. Discussing dreams with a partner
D. Changing sleep habits
Select only one answer that best aligns with your opinions, by stating either A, B, C, or D. Do not provide any additional explanation or rationale for your choice.",A,,B,707,train,train
354,52,"What is a common recommendation for maintaining oral hygiene while on a diet that might affect teeth?
A. Use a soft-bristled toothbrush
B. Brush multiple times a day
C. Chew sugar-free gum with xylitol
D. Use mouthwash with fluoride
Select only one answer that best aligns with your opinions, by stating either A, B, C, or D. Do not provide any additional explanation or rationale for your choice.",C,,A,708,test,train
354,52,"How often do members suggest brushing your teeth to maintain good oral health?
A. Once a day
B. Twice a day
C. Three times a day
D. After every meal
Select only one answer that best aligns with your opinions, by stating either A, B, C, or D. Do not provide any additional explanation or rationale for your choice.",B,,B,709,test,train
355,146,"What issues do people encounter with rings made of certain materials?
A. Falling off
B. Cannot be resized
C. Discoloration
D. Losing them
Select only one answer that best aligns with your opinions, by stating either A, B, C, or D. Do not provide any additional explanation or rationale for your choice.",B,,B,710,train,train
355,146,"What do members often do when their rings no longer fit properly?
A. Resize the ring immediately
B. Wear it on a necklace
C. Stop wearing it altogether
D. Buy a new ring
Select only one answer that best aligns with your opinions, by stating either A, B, C, or D. Do not provide any additional explanation or rationale for your choice.",B,,B,711,train,train
356,54,"Which strategy is commonly suggested to combat sugar cravings in both subreddits?
A. Eating more fruits
B. Consuming artificial sweeteners
C. Increasing protein intake
D. Drinking more water
Select only one answer that best aligns with your opinions, by stating either A, B, C, or D. Do not provide any additional explanation or rationale for your choice.",C,A,,712,train,train
356,54,"What is a suggested method for dealing with sugar cravings when they happen unexpectedly?
A. Eating a healthy snack
B. Ignoring the craving
C. Drinking a diet soda
D. Going for a walk
Select only one answer that best aligns with your opinions, by stating either A, B, C, or D. Do not provide any additional explanation or rationale for your choice.",C,A,,713,train,train
357,37,"Which of the following medications is known to potentially help with weight loss?
A. Lexapro
B. Seroquel
C. Wellbutrin
D. Prozac
Select only one answer that best aligns with your opinions, by stating either A, B, C, or D. Do not provide any additional explanation or rationale for your choice.",,C,A,714,train,train
357,37,"What is a common side effect linked to SSRIs like Zoloft and Lexapro?
A. Increased energy
B. Appetite suppression
C. Weight gain
D. Hair loss
Select only one answer that best aligns with your opinions, by stating either A, B, C, or D. Do not provide any additional explanation or rationale for your choice.",,C,C,715,train,train
358,27,"What is a recommended method to help skin tighten up after weight loss?
A. Surgery
B. Collagen supplements
C. Weight training
D. All of the above
Select only one answer that best aligns with your opinions, by stating either A, B, C, or D. Do not provide any additional explanation or rationale for your choice.",D,D,,716,test,train
358,27,"How long does it typically take for loose skin to tighten naturally?
A. 6 months
B. 1 year
C. 2 years
D. It varies greatly
Select only one answer that best aligns with your opinions, by stating either A, B, C, or D. Do not provide any additional explanation or rationale for your choice.",D,D,,717,test,train
359,18,"What strategy do members suggest to handle cravings for cheat foods?
A. Allowing yourself to have the cheat food tomorrow
B. Drinking plenty of water to curb cravings
C. Finding low-carb alternatives
D. Avoiding cheat foods altogether
Select only one answer that best aligns with your opinions, by stating either A, B, C, or D. Do not provide any additional explanation or rationale for your choice.",A,B,,718,train,train
359,18,"When is it most acceptable to have a cheat meal according to members?
A. During holidays
B. For special social events
C. Whenever feeling the urge
D. Only after achieving specific goals
Select only one answer that best aligns with your opinions, by stating either A, B, C, or D. Do not provide any additional explanation or rationale for your choice.",A,B,,719,train,train
360,6,"What should you do if you start experiencing hair loss on a keto diet?
A. Increase carbs
B. Increase fat intake
C. Increase protein and take biotin
D. Reduce caloric deficit
Select only one answer that best aligns with your opinions, by stating either A, B, C, or D. Do not provide any additional explanation or rationale for your choice.",C,D,,720,train,train
360,6,"What is the importance of tracking macros compared to just tracking calories?
A. Macros are not important, only calories matter.
B. Tracking macros is crucial for muscle preservation and overall health.
C. Only protein intake matters, ignore fats and carbs.
D. Tracking macros is more important than calories.
Select only one answer that best aligns with your opinions, by stating either A, B, C, or D. Do not provide any additional explanation or rationale for your choice.",B,B,,721,train,train
361,59,"What is a common concern when losing breast fat through weight loss?
A. Maintaining breast firmness
B. Finding supportive bras
C. Achieving the desired breast size
D. All of the above
Select only one answer that best aligns with your opinions, by stating either A, B, C, or D. Do not provide any additional explanation or rationale for your choice.",,D,D,722,test,train
361,59,"What is a potential non-surgical method to help saggy breasts after weight loss?
A. Chest exercises
B. Special bras
C. Hydration and firming lotions
D. All of the above
Select only one answer that best aligns with your opinions, by stating either A, B, C, or D. Do not provide any additional explanation or rationale for your choice.",,D,D,723,test,train
362,6,"What is the primary goal when calculating macros for weight loss?
A. Hitting fat targets
B. Meeting protein goals
C. Restricting carbohydrates
D. Balancing all macros equally
Select only one answer that best aligns with your opinions, by stating either A, B, C, or D. Do not provide any additional explanation or rationale for your choice.",B,B,,724,train,train
362,6,"How often should you recalculate your macros during a weight loss journey?
A. Every week
B. Every 10 pounds lost
C. Monthly
D. Only when you hit a plateau
Select only one answer that best aligns with your opinions, by stating either A, B, C, or D. Do not provide any additional explanation or rationale for your choice.",B,B,,725,train,train
363,182,"What is a common mistake people make when starting a keto diet for weight loss?
A. Eating too many carbs
B. Not eating enough fat
C. Thinking fat is a target
D. Skipping meals
Select only one answer that best aligns with your opinions, by stating either A, B, C, or D. Do not provide any additional explanation or rationale for your choice.",C,A,,726,test,train
363,182,"Why might someone need to adjust their calorie intake as they lose weight?
A. To avoid nutritional deficiencies
B. To account for a lower metabolism
C. To keep up with exercise demands
D. To ensure enough fat intake
Select only one answer that best aligns with your opinions, by stating either A, B, C, or D. Do not provide any additional explanation or rationale for your choice.",B,B,,727,test,train
364,175,"What role do ghrelin and cortisol play in weight loss?
A. They help in muscle gain
B. They promote hunger and fat storage
C. They improve sleep quality
D. They reduce stress levels
Select only one answer that best aligns with your opinions, by stating either A, B, C, or D. Do not provide any additional explanation or rationale for your choice.",B,B,,728,test,train
364,175,"How important is a consistent sleep schedule for weight loss?
A. It has minimal impact
B. It is crucial for regulating metabolism and hormones
C. It only matters for muscle gain
D. It is only important if combined with exercise
Select only one answer that best aligns with your opinions, by stating either A, B, C, or D. Do not provide any additional explanation or rationale for your choice.",B,B,,729,test,train
365,119,"What is a common criticism patients have about their doctors?
A. They are too empathetic.
B. They are too knowledgeable.
C. They rush through appointments.
D. They are too thorough.
Select only one answer that best aligns with your opinions, by stating either A, B, C, or D. Do not provide any additional explanation or rationale for your choice.",C,,C,730,train,train
365,119,"In your opinion, what should be the primary role of a doctor?
A. Prescribing medication
B. Understanding underlying issues
C. Performing surgeries
D. Conducting medical research
Select only one answer that best aligns with your opinions, by stating either A, B, C, or D. Do not provide any additional explanation or rationale for your choice.",B,,B,731,train,train
366,66,"What is a common theme among people celebrating birthdays in these subreddits?
A. Allowing a cheat day
B. Avoiding celebrations
C. Focusing more on the occasion than the food
D. Guilt and stress over food
Select only one answer that best aligns with your opinions, by stating either A, B, C, or D. Do not provide any additional explanation or rationale for your choice.",A,,D,732,train,train
366,66,"How do people in these subreddits usually react to birthday celebrations involving food?
A. They enjoy without restrictions.
B. They avoid participating in food-related activities.
C. They struggle but try to balance enjoyment and control.
D. They ignore the celebration completely.
Select only one answer that best aligns with your opinions, by stating either A, B, C, or D. Do not provide any additional explanation or rationale for your choice.",C,,C,733,train,train
367,100,"What alternative foods or snacks do you use to combat cravings?
A. Seaweed snacks, sugar-free jello
B. Banana bread, frozen watermelon
C. Hard-boiled eggs
D. Pork rinds
Select only one answer that best aligns with your opinions, by stating either A, B, C, or D. Do not provide any additional explanation or rationale for your choice.",B,B,,734,train,train
367,100,"Which method do you find most effective to distract yourself from cravings?
A. Meditation
B. Going for a walk
C. Eating a small portion of the craved food
D. Occupying yourself with a hobby
Select only one answer that best aligns with your opinions, by stating either A, B, C, or D. Do not provide any additional explanation or rationale for your choice.",A,C,,735,train,train
368,22,"How do you handle weight loss plateaus?
A. Increase exercise intensity
B. Take a break from dieting
C. Adjust calorie intake
D. Stay patient and consistent
Select only one answer that best aligns with your opinions, by stating either A, B, C, or D. Do not provide any additional explanation or rationale for your choice.",D,A,,736,train,train
368,22,"What is your long-term weight goal?
A. Maintaining a healthy lifestyle
B. Reaching a specific target weight
C. Fitting into certain clothes
D. Improving overall fitness
Select only one answer that best aligns with your opinions, by stating either A, B, C, or D. Do not provide any additional explanation or rationale for your choice.",B,A,,737,train,train
369,58,"What technique helps you fall asleep faster at night?
A. Reading a book
B. Using a white noise machine
C. Avoiding blue light
D. Drinking warm milk
Select only one answer that best aligns with your opinions, by stating either A, B, C, or D. Do not provide any additional explanation or rationale for your choice.",C,,A,738,train,test
369,58,"How long before bedtime do you take melatonin?
A. 10-20 minutes
B. 30-60 minutes
C. 1-2 hours
D. Right before sleeping
Select only one answer that best aligns with your opinions, by stating either A, B, C, or D. Do not provide any additional explanation or rationale for your choice.",B,,A,739,train,test
370,38,"What type of foods do you most often dream about eating in your dreams?
A. Carbs like bread and pasta
B. Sweets and desserts
C. Meat and protein-rich foods
D. Healthy, low-carb options
Select only one answer that best aligns with your opinions, by stating either A, B, C, or D. Do not provide any additional explanation or rationale for your choice.",A,,B,740,train,train
370,38,"How frequently do you experience these food-related dreams?
A. Rarely
B. Occasionally
C. Frequently
D. Almost every night
Select only one answer that best aligns with your opinions, by stating either A, B, C, or D. Do not provide any additional explanation or rationale for your choice.",B,,C,741,train,train
