text_chunk_id,topic_id,question,answer_Anarcho_Capitalism,answer_Liberal,answer_NeutralPolitics,answer_Conservative,answer_AskThe_Donald,question_id,split,split_by_topic
0,6,What are the primary reasons given by users for supporting or opposing gun control laws?,"Gun control laws are seen as government overreach, infringing on self-defense rights.",Gun control laws are essential to reduce mass shootings and keep firearms away from dangerous individuals.,"The effectiveness of gun control laws is debated; some argue they reduce violence, others say they infringe on rights.",Gun control laws infringe on the Second Amendment and do not stop criminals from obtaining guns.,Gun control laws make law-abiding citizens defenseless against criminals and tyrannical governments.,0,train,test
0,6,How do community members feel about the concept of arming teachers or increasing security in schools?,"They generally oppose it, seeing it as an authoritarian measure that won't solve the root issues.",They generally oppose arming teachers but support other security measures and gun control laws.,"Opinions are mixed; some see it as a deterrent, others think it doesn't address the core problem.",They support arming teachers and increasing security to protect students from shooters.,Strongly support; believe it could stop school shootings and protect students.,1,train,test
0,6,What do users think about the effectiveness of waiting periods for gun purchases?,Waiting periods are seen as unnecessary and an infringement on the right to self-defense.,Waiting periods are necessary to conduct thorough background checks and prevent impulsive violence.,Waiting periods can be a useful deterrent for impulsive acts but are not a complete solution.,Waiting periods are often seen as bureaucratic hurdles that don't stop determined criminals.,Waiting periods are an unnecessary infringement on Second Amendment rights.,2,train,test
1,8,How do different societies treat transgender individuals?,"In places like Jordan, Nigeria, and Saudi Arabia, trans people face severe persecution.","There is often a discrepancy in acceptance, with non-Western societies generally being less accepting.","Different societies have varying levels of acceptance, with some being more progressive and others more conservative.",Many places outside the West are much harsher on transgender individuals.,Non-Western societies are generally less accommodating and more hostile toward transgender individuals.,3,train,train
1,8,Should children be allowed to undergo gender transition treatments?,Individual rights are important; let people decide for themselves.,"With proper counseling and support, children should have the option if it benefits them.",Medical treatments should be based on thorough assessments by professionals.,"No, children should not undergo such treatments; they are not mature enough.","No, it's inappropriate and harmful to make such decisions at a young age.",4,train,train
1,8,What role should schools play in teaching about gender identity?,"Schools should teach basic English, not enforce ideologies.",Schools should provide an inclusive environment and educate about different gender identities.,Schools should provide information but respect parental rights and diverse opinions.,Schools shouldn't teach gender identity; focus on traditional subjects.,Schools should avoid teaching kids about gender identity; it's up to parents.,5,train,train
2,7,Why do some people believe the FBI raid on Trump's home was politically motivated?,They think it’s because Trump plans to dismantle the FBI/CIA next term.,It's seen as part of the DOJ's ongoing criminal investigation into Trump's attempts to overturn the 2020 election results.,There's speculation that the FBI was looking for documents Trump took that should have been turned over to the National Archives.,They believe it’s a witch hunt and that similar actions against Democrats like Hillary were never taken.,It's viewed as an attempt by the deep state to prevent Trump from running in 2024.,6,train,train
2,7,What are the implications of Trump's impeachment on future political processes?,It shows how the impeachment process can be weaponized for political gain.,It highlights the need for accountability but also shows the limitations due to partisan divisions.,"It sets a precedent for how future impeachments might be conducted, especially concerning post-term actions.",It’s seen as a political stunt that damages the credibility of the impeachment process.,It’s viewed as an attempt to delegitimize Trump’s presidency and prevent his future political influence.,7,train,train
2,7,How do different factions within the political spectrum view the Mueller Report's findings?,They see it as a clown show designed to polarize the populace and increase political donations.,"It’s seen as substantial evidence of obstruction, if not outright collusion, that should have led to more severe consequences.",The report is complex and didn't conclusively charge Trump but left enough ambiguity for interpretation by Congress.,"They view it as a vindication of Trump, showing no collusion and dismissing it as a political witch hunt.","They see it as baseless and politically motivated, with Mueller himself being part of the swamp.",8,train,train
3,23,Why do people from other subreddits often get banned when they post in your subreddit?,Because mods from other subs can't handle dissenting views and prefer echo chambers.,Conservative subs ban quickly to avoid any dissenting opinions; they're echo chambers.,Bans happen due to strict moderation policies and breaking of specific subreddit rules.,To prevent brigading and trolling from leftists who don't respect conservative discussions.,"Leftist mods ban us for simply disagreeing or questioning their narrative, creating echo chambers.",9,train,train
3,23,How do mods handle differing political opinions in your subreddit?,"Mods engage with differing opinions instead of banning, promoting discussion.",We allow diverse opinions unless they're disruptive or offensive.,Mods enforce strict rules against bias and require well-supported arguments.,We restrict non-conservative opinions to maintain focus on conservative discourse.,We encourage supportive views of Trump but allow respectful discussions with differing opinions.,10,train,train
3,23,"What is the main reason for creating an ""echo chamber"" in your subreddit?",To preserve meaningful discussions without interference from opposing ideologies.,Conservatives do it to avoid scrutiny and maintain their narrative.,"It’s not intentional; it’s about maintaining high-quality, non-biased discussions.",To protect conservative voices from being drowned out by leftist brigading.,To provide a safe space for Trump supporters amidst widespread anti-Trump sentiment.,11,train,train
4,4,What are the primary reasons mentioned by users for Russia's invasion of Ukraine?,To curb NATO expansion and protect Russian interests.,To prevent Ukraine from joining NATO and to rebuild the Russian Empire.,To prevent NATO expansion and due to historical and geopolitical reasons.,To revive the USSR and keep Ukraine out of NATO.,To protect Russia's borders and counter NATO's influence.,12,train,test
4,4,How do users describe the role of the United States in the conflict between Russia and Ukraine?,The US is involved to weaken Russia without direct confrontation.,The US aids Ukraine with military support to counter Russian aggression.,The US supports Ukraine to uphold international law and counter Russian aggression.,The US should avoid direct involvement but support Ukraine indirectly.,"The US is wasting resources that should be used domestically, not policing the world.",13,train,test
4,4,What is the general consensus on whether NATO's expansion is justified according to the users?,NATO expansion is seen as antagonistic by Russia.,NATO expansion is justified to protect Eastern European countries from Russian aggression.,NATO expansion is a response to Eastern European countries' fears of Russian invasion.,NATO expansion is justified to protect member countries.,NATO expansion is unnecessary and provokes Russia.,14,train,test
5,14,What are some reasons given for the increase in college tuition costs?,Government-subsidized loans drive up the prices.,Outrageous college costs are not being addressed.,Government guarantees lead colleges to charge more.,Guaranteed loans make colleges charge whatever they want.,"Every time student loans increase, tuition increases to match.",15,train,train
5,14,Why do some people oppose student loan forgiveness?,It rewards people who made poor financial decisions.,It doesn't address the root problem of high college costs.,It could harm people who already paid off their loans.,It's unfair to those who paid off their debt or didn't go to college.,It absolves people of their responsibility to repay loans.,16,train,train
5,14,How do different types of degrees affect opinions on student loan debt?,Technical/job training majors are worth the cost.,Degrees in fields like nursing and engineering are more justified.,"Good degrees don’t waste relief, unlike bad degrees.","Many degrees, especially in the arts, are seen as worthless.",STEM degrees are valuable; humanities degrees are often useless.,17,train,train
6,12,What are the potential downsides of legalizing marijuana according to your perspective?,Legalizing could create monopolies and keep black markets alive.,Increases in mental health issues and misuse among youth.,The federal-state legality clash and potential regulatory hurdles.,"Higher taxes, increased black market activity, and societal decay.","More ER visits, mental health issues, and violent crimes.",18,train,train
6,12,How should the government handle the taxation of legalized marijuana?,Minimal or no taxes to prevent black markets.,Taxes should fund public services and health initiatives.,Balanced taxes to ensure regulation without overburdening consumers.,Avoid high taxes to prevent strengthening black markets.,Avoiding high taxes; focus on regulation for safety.,19,train,train
6,12,What impact could marijuana legalization have on existing black markets?,Black markets will persist if regulations are too strict.,Could reduce black markets but needs careful regulation.,Mixed; might decrease if well-regulated but could stay due to taxes.,Black markets may thrive due to high taxes and regulations.,Likely to remain active due to tax evasion and competition.,20,train,train
7,5,What are the primary concerns about social media companies censoring content?,"They act like monopolies and censor opposing views, which conflicts with free speech principles.","They spread misinformation and propaganda, which can mislead a segment of the population.",It limits free discussion and can unfairly restrict public forums.,They discriminate against free speech and act on behalf of partisan politicians.,"They ban users they disagree with, acting as state actors under government pressure.",21,train,train
7,5,How do members of your subreddit view Elon Musk's takeover of Twitter?,"It's seen as superficial, driven by his self-interest rather than genuine free speech advocacy.",Musk's actions will lead to more misinformation and potentially illegal content.,It raises questions on the implications for public forums and corporate responsibilities.,Musk's takeover is a necessary step to expose Twitter's biased practices.,"Musk will restore free speech by reversing bans like Trump's, which is vital.",22,train,train
7,5,What is your opinion on the collaboration between big tech companies and the government?,It’s harmful and overly transparent; big tech should not work with the state.,It’s necessary to curb misinformation and ensure public safety.,It poses a challenge to maintaining a balance between free speech and public order.,"It shows how tech companies are tools of the state, undermining free speech.","It turns tech companies into state actors, violating user rights.",23,train,train
8,1,What are the main reasons given for opposing nuclear energy?,Vulnerability to attacks and centralized nature.,Waste disposal and weapon proliferation concerns.,High costs and insurance issues.,Political fear-mongering and regulatory issues.,Potential for environmental damage and inefficiency.,24,test,train
8,1,How do different groups view the impact of human activity on climate change?,"Mixed views, some see it as significant, others doubt it.",Human activity is a major factor in climate change.,Generally accepted as significant but specifics are debated.,Skepticism about the magnitude of human impact.,Many doubt human activity is the main cause.,25,test,train
8,1,What are the proposed benefits of carbon taxes according to discussions?,They lead to state-controlled corporations and price manipulation.,Help reduce CO2 emissions and fund green technologies.,Potentially reduce emissions and encourage cleaner technology.,Seen as unnecessary and harmful to the economy.,Viewed as a form of behavior modification and taxation scam.,26,test,train
9,9,Why do some people compare the January 6th Capitol attack to the BLM protests?,"Both involved violence and property damage, but motivations and targets were different.",The comparison is often used to downplay the severity of the January 6th attack.,Comparisons are made to highlight inconsistencies in responses and rhetoric.,To point out the hypocrisy in how media and politicians react to different groups.,It’s used to show the biased treatment and double standards by the media and authorities.,27,train,train
9,9,What are some arguments used to claim that the Capitol attack was an insurrection?,They intended to stop the certification of electoral votes and used force.,The attackers aimed to overturn the election results and harm officials.,It disrupted a lawful government process and involved violent actions against the Capitol.,"Few argue it was an insurrection, more like a protest that got out of hand.",It wasn't an insurrection; the media exaggerates it to push their narrative.,28,train,train
9,9,How do people from different political perspectives view the role of media in the events of January 6th?,"Media is biased, exaggerating the Capitol attack while downplaying BLM riots.",Media exposed the truth about the attack and highlighted the dangers of misinformation.,"Media coverage varies widely, influencing public perception based on outlet leanings.",Media focused on demonizing Trump supporters while ignoring left-wing violence.,Media is complicit in false flag narratives and overblowing the event to target conservatives.,29,train,train
10,21,Why did some people feel that the U.S. should have evacuated civilians before withdrawing troops from Afghanistan?,Because leaving civilians behind was irresponsible and dangerous.,Evacuating civilians first would have prevented the chaos and ensured their safety.,It was a strategic error that left many vulnerable and unprotected.,It was a major failure of planning by Biden's administration.,Biden botched it by not following the logical sequence of evacuation.,30,train,train
10,21,What were some criticisms of Biden's handling of the Afghanistan withdrawal?,Biden left behind military equipment and caused unnecessary chaos.,The withdrawal was poorly planned and executed.,Lack of preparedness and failure to protect American assets.,Biden armed the Taliban and left Americans in danger.,Biden abandoned Americans and ignored Trump's plan.,31,train,train
10,21,How do members of different subreddits view the Taliban's takeover of Afghanistan?,It was inevitable given the circumstances.,"It was always going to happen, but the U.S. should have managed it better.","The takeover was likely unavoidable, a consequence of long-term issues.",The Taliban took advantage of Biden's weak leadership.,The takeover happened because Biden failed to follow through properly.,32,train,train
11,21,How do members view the role of the Afghan National Army (ANA) in the collapse of Afghanistan?,The ANA collapsed due to corruption and poor quality recruits.,The ANA surrendered quickly; they were poorly prepared.,The ANA lacked support and faced demoralization.,The ANA were cowards who didn't fight for their country.,The ANA folded immediately; they didn't fight at all.,33,train,train
11,21,Who do members think bears the primary responsibility for the evacuation issues in Afghanistan?,"The blame is shared among multiple parties, including the Afghan government.","The Trump administration set the stage, but Biden's execution also failed.",Both Trump and Biden's administrations share the blame.,Biden is mainly at fault for the evacuation disaster.,It's entirely Biden’s fault; he ignored warnings.,34,train,train
11,21,What are the members' views on the Taliban's control over Afghanistan post-US withdrawal?,The Taliban's control is a result of decades of failed foreign policy.,It's a disaster for Afghan women and children.,The Taliban's takeover was inevitable once the US left.,The Taliban’s control shows Biden's incompetence.,The Taliban took over because Biden didn’t follow Trump’s plan.,35,train,train
12,4,What are the reasons given by commenters to support Ukraine in its conflict with Russia?,To help stop Russia's expansion and prevent future conflicts.,To defend democracy and stand against Russian aggression.,To support a nation under unprovoked attack and maintain international order.,To counter Russian aggression and maintain geopolitical balance.,To prevent further Russian expansion and ensure regional stability.,36,train,test
12,4,How do the commenters view Ukraine's government and its actions in the conflict?,"Mixed views; some criticize its corruption, others support its defense against Russia.","Generally supportive, viewing Ukraine as a democracy under attack.",Acknowledges Ukraine's corruption but supports its right to defend itself.,Some view Ukraine as corrupt but support its fight against Russian invasion.,Critical of Ukraine's corruption but sympathetic to its fight against Russia.,37,train,test
12,4,What are the opinions on NATO's role in the Ukraine-Russia conflict?,"Mixed; some blame NATO for provoking Russia, others support NATO's involvement.",Generally supportive of NATO's efforts to counter Russian aggression.,Sees NATO as a stabilizing force but recognizes its complexities in the conflict.,"Divided; some blame NATO for escalation, others support its role in aiding Ukraine.","Critical of NATO, blaming it for provoking Russia and escalating the conflict.",38,train,test
13,3,What are some reasons given for supporting abortion in cases of rape or incest?,"Supports abortion in rape or incest, but overall it's morally wrong.",It's about compassion for victims; no one wants to force a woman to relive trauma.,Balancing the rights of the mother and the unborn; both are innocent.,Recognizes emotional trauma but views the unborn as innocent life.,"Rape and incest are extreme circumstances, but overall, it's about personal responsibility.",39,train,train
13,3,How is the relationship between bodily autonomy and abortion rights discussed?,"Bodily autonomy is crucial, but doesn't justify abortion as it's taking a life.",Bodily autonomy is essential; a woman must have the right to choose.,Discusses limits; bodily rights end where another's begin.,Bodily autonomy doesn't include the right to kill another human.,Bodily autonomy is misunderstood; responsibility starts before conception.,40,train,train
13,3,What are the implications of overturning Roe v. Wade according to the comments?,More state laws restricting freedom; supports reducing the power of the state overall.,It's a human rights issue; will result in needless deaths.,It disrupts the previous legal compromise and balance.,Supports state rights; Roe was poorly decided.,States should decide on controversial issues; Roe's overreach corrected.,41,train,train
14,7,What are the main arguments for why the Mueller investigation did or did not find sufficient evidence of collusion?,The Mueller report detailed collusion but lacked enough evidence for indictment.,Mueller found obstruction of justice and laid out evidence of collusion but couldn't indict.,"Mueller cited DOJ policy against indicting a sitting president, indicating substantial evidence.",Mueller found no collusion; it was a witch hunt and politically motivated.,Collusion wasn't a crime; the investigation was a setup to trap Trump with process crimes.,42,train,train
14,7,How do the different subreddits view Trump's handling of classified documents?,Trump broke serious laws by removing records from the White House.,Trump mishandled classified documents and lied about it.,Handling of classified documents is complex; needs thorough investigation.,"The raid was politically motivated, and Trump had authority to declassify documents.","Trump saw the documents as personal property, not for sale; the raid was unjustified.",43,train,train
14,7,What is the general opinion of each subreddit on the effectiveness of impeachment as a political tool?,Impeachment is pointless; all politicians are thieves.,"Impeachment is necessary to hold leaders accountable, even if conviction is unlikely.",Impeachment is a constitutional tool but its effectiveness varies.,Impeachment has been corrupted for political gain and is often ineffective.,Impeachment is a partisan attack to undermine Trump's presidency.,44,train,train
15,3,How do you view the role of the state in regulating abortions?,The state shouldn't regulate abortion; it's unenforceable. Let society handle it voluntarily.,The state should protect a woman's right to choose. It's a matter of autonomy and personal freedom.,The state can regulate but needs clear legal grounding and public support. It’s a complex legal issue.,The state has a duty to protect unborn lives. Regulations should reflect that.,The state should ban abortion. It's about protecting innocent lives.,45,train,train
15,3,What are your thoughts on the argument that life begins at conception?,It's a valid perspective but enforcing it through state power is authoritarian.,"Life beginning at conception is a religious view, not a scientific consensus. Personal choice matters more.",It’s a philosophical and scientific debate. Different people have different beliefs.,Life does begin at conception. Science and morality align on this.,"Absolutely, life starts at conception. Abortion is murder.",46,train,train
15,3,"Should there be any exceptions to abortion bans? If so, what are they?","Exceptions should be determined by the individuals involved, not the state.","Yes, there should be exceptions for rape, incest, and the mother’s health.","Exceptions should include rape, incest, and serious health risks to the mother.",Only if the mother’s life is in danger. Other exceptions are too often abused.,"No exceptions. Life is life, no matter the circumstances.",47,train,train
16,7,What are the main reasons some people believe Trump should be impeached according to the comments?,"Trump obstructed justice, lied, and mishandled classified documents.","Obstruction, abuse of power, and mishandling classified documents.","Obstruction of justice, abuse of power, and national security concerns.","Political motivations, not real crimes.",Political witch hunt with no real evidence.,48,train,train
16,7,How do members of each subreddit view the Mueller investigation's findings?,"It's a mixed bag; some agree with it, others see it as flawed.",It showed Trump's misconduct and obstruction attempts.,It provided evidence but no clear direction for action.,It was a witch hunt with no substantial findings.,A biased investigation aimed to discredit Trump.,49,train,train
16,7,What do members think about the FBI's actions related to Trump and the investigations?,The FBI may have mishandled or exaggerated the investigations.,The FBI was doing its job despite political interference.,The FBI's actions are complex and should be analyzed carefully.,The FBI's actions were politically motivated and untrustworthy.,The FBI is corrupt and part of a plot against Trump.,50,train,train
17,26,Why do members from your subreddit believe high taxes on the rich are ineffective or effective?,High taxes on the rich just lead to more government bloat and corruption.,High taxes on the rich can help redistribute wealth and reduce inequality.,It depends; high taxes can generate revenue but might also lead to tax avoidance.,High taxes on the rich drive them to move their wealth offshore and hurt economic growth.,High taxes are unfair because they punish success and discourage productivity.,51,train,train
17,26,How does your subreddit view the current tax burden distribution across different income brackets?,The rich already pay the vast majority of taxes and are parasited by the state.,The tax burden disproportionately falls on the middle class while the ultra-wealthy exploit loopholes.,"The top income brackets pay a significant share of taxes, but the system has complexities.","The bottom 50% pay almost no federal income tax, while the top earners shoulder the burden.",The rich pay most of the taxes; the lower income brackets need to contribute more.,52,train,train
17,26,What is your subreddit’s stance on the IRS increasing audits on wealthy individuals?,Increasing audits is just more government aggression; focus should be on less taxation overall.,The IRS should definitely increase audits on wealthy individuals to ensure they pay their fair share.,"More audits could help ensure compliance, but the process needs to be transparent.","More audits on the wealthy could be useful, but the IRS has limited resources and often targets the middle class instead.",Increasing audits on the wealthy is fine as long as it doesn't become a political weapon.,53,train,train
18,10,How do members of each subreddit view the relationship between morality and religion?,"Morality and religion do not walk hand in hand, and morality can exist independently.",Morals and ethics aren't dependent on religion; a moralistic society can be non-secular.,Morality can be independent of religion; it’s about the relationship between people and their beliefs.,Morals without God are subjective and lead to societal decay; morality is determined by God.,Morality comes from God; the Bible transcribes God's rules to humans.,54,train,train
18,10,What is the stance of each subreddit on the separation of church and state?,Political leadership is no different from a violent priesthood; separation is essential.,Religion should be kept out of government to ensure freedom for everyone.,The First Amendment mandates government neutrality between religion and nonreligion.,Separation prevents denominations from determining the law; it’s a constitutional principle.,The US is not founded on Christianity; personal religion should not dictate politics.,55,train,train
18,10,How do members of each subreddit perceive Islam compared to Christianity?,Islam does not allow doctrinal disagreements; Christianity is anarchic in ideals.,"Islam is a set of ideas that need critical thinking, similar to any other religion.",The US isn't favoring any religion; it's a secular nation with a Christian-majority population.,Islam is perceived as violent and incompatible with Western values; Christianity promotes love.,Islam's core teachings are similar to Christianity but have been altered by history and conflict.,56,train,train
19,3,What are the primary reasons given for supporting late-term abortions?,"Unhealthy, deformed, diseased fetus threatening mother's life.",To save the life of the mother or due to severe fetal defects.,Protect maternal health and address severe fetal defects.,Generally to protect the mother’s life or extreme fetal abnormalities.,Life of the mother is at risk or severe fetal abnormality.,57,train,train
19,3,How do members of your subreddit view the involvement of the government in abortion decisions?,Government should not interfere; it's a matter of personal liberty.,Government should protect a woman's right to choose.,It varies; some support state regulation while others seek federal protection.,Government has a role in protecting unborn lives.,"States should decide, not the federal government.",58,train,train
19,3,What are the key arguments against Roe v. Wade from your subreddit?,It was an unconstitutional overreach.,It was improperly grounded but should be codified into law.,It lacks constitutional backing; should be state-decided.,It was judicial activism and not a constitutional right.,It was never constitutional; states should decide.,59,train,train
20,1,What are the main criticisms of corporate behavior regarding oil prices?,Corporate greed and price manipulation.,The companies are driven by corporate greed.,High profits despite supply challenges.,Biden's policies are to blame.,Biden's decisions are increasing prices.,60,train,train
20,1,How do users view the impact of human activity on climate change?,It's mostly conjecture and faith.,Human activity significantly impacts climate change.,It's a contributing factor but needs more study.,Skeptical of the extent of human impact.,Skeptical and consider it politicized.,61,train,train
20,1,What are the suggested energy alternatives to fossil fuels?,Nuclear is gaining traction.,"Transition to renewable energy, like wind and solar.",Evaluate nuclear and other renewable sources.,Prefer nuclear and suggest modernization.,Nuclear and fossil fuels until infrastructure improves.,62,train,train
21,18,Where do members of r/Anarcho_Capitalism believe media bias originates?,Media bias originates from profit motives and pushing specific agendas.,Media bias originates mainly from corporate ownership and political affiliations.,Media bias comes from selective storytelling and narrative framing.,Media bias originates from liberal or conservative agendas driving the narrative.,"Media bias comes from political agendas and corporate control, especially left-leaning biases.",63,test,train
21,18,What types of news sources do members of r/NeutralPolitics prefer for balanced reporting?,Prefer independent and non-partisan sources like the Associated Press.,"Prefer NPR, local news, and diverse news outlets for different perspectives.","Prefer sources like NPR, Reuters, and the Wall Street Journal for balanced reporting.",Prefer sources that are straightforward like the Associated Press and local news.,"Prefer sources outside mainstream media, possibly independent or direct sources.",64,test,train
21,18,How do members of r/Liberal view the relationship between large corporations and media reporting?,Large corporations influence media to push their own interests and agendas.,Large corporations shape reporting to benefit their own interests and suppress unfavorable news.,Large corporations can bias reporting through ownership and editorial influence.,Large corporations bias media to align with liberal agendas and suppress conservative viewpoints.,Large corporations control media narratives to promote leftist ideologies and misinformation.,65,test,train
22,6,Why do some people argue that gun-free zones attract mass shootings?,Gun-free zones are seen as soft targets because criminals know people there are unarmed.,"Gun-free zones may be targets, but the focus should be on why people commit these acts.","Some believe gun-free zones are easier targets, but evidence is mixed.",Gun-free zones are vulnerable because criminals don't follow laws and know no one can shoot back.,They attract shooters because they know victims are likely unarmed and defenseless.,66,train,test
22,6,What are the potential drawbacks of having a universal background check system for all gun transactions?,It's an infringement on rights and wouldn’t effectively stop criminals.,"It might inconvenience some, but it's necessary for public safety.",Effective for reducing some crimes but difficult to enforce universally.,It imposes on freedom and doesn’t address issues like mental health.,It infringes on the Second Amendment and won’t stop determined criminals.,67,train,test
22,6,"How do different types of firearms (e.g., handguns vs. AR-15s) factor into the gun control debate?","All firearms are protected under the Second Amendment, regardless of type.",AR-15s are often targeted because they’re used in many mass shootings.,The debate often focuses on AR-15s due to their use in high-profile incidents.,"The focus should be on the misuse of any gun, not the type.",AR-15s are wrongly targeted; any gun can be dangerous if misused.,68,train,test
23,26,What is the general sentiment towards taxation among members of your subreddit?,Taxation is widely viewed as theft and coerced compliance.,Taxes are seen as necessary to fund social programs and ensure the wealthy pay their fair share.,"Opinions on taxes are mixed, focusing on fairness and economic impact.",Taxes are generally viewed as too high and harm economic growth.,High taxes are seen as a burden and unfairly distributed.,69,train,train
23,26,How do members of your subreddit perceive tax cuts for the wealthy?,"Favorable, as long as it means less government theft.","Generally negative, as it exacerbates inequality.","Varied opinions, with some seeing potential economic benefits and others focusing on fairness.","Positive, arguing it spurs economic growth and investment.","Supportive, as it aligns with reducing government overreach.",70,train,train
23,26,What are the main criticisms of the current tax system according to members of your subreddit?,"It is coercive, complex, and hinders economic freedom.",It benefits the wealthy disproportionately and underfunds essential services.,"Lack of simplicity and fairness in the tax code, with too many loopholes.",It's overly burdensome and stifles economic growth.,"The system is seen as corrupt and inefficient, benefiting the wrong groups.",71,train,train
24,1,What are the opinions on the efficiency and practicality of electric vehicles (EVs)?,"EVs are seen as disposable and less efficient, especially considering energy conversion and battery waste.","EVs are beneficial and savings on gasoline make them worthwhile, despite high initial costs.","EV efficiency is debated, but long-term benefits with innovations are promising.",EVs are impractical for long commutes and not a viable replacement for gas cars yet.,"EVs are seen as unreliable, with high hidden costs and inadequate infrastructure.",72,train,train
24,1,How do members view the impact of government policies on oil prices?,Government actions like halting pipelines and limiting drilling increase prices.,"Biden's efforts are seen as necessary to reduce prices, but more aggressive action is needed.","Government policies do influence prices, but market dynamics play a larger role.","Biden's policies are blamed for increased prices, and more drilling should be allowed.","Biden’s policies, like shutting down the pipeline, are seen as directly causing price hikes.",73,train,train
24,1,What are the views on the role of fossil fuels in energy independence?,"Fossil fuels are crucial, and we should maximize drilling and pipeline usage.",Fossil fuel subsidies and drilling should be reduced in favor of renewable energy.,"Fossil fuels are important, but the focus should be on balancing with renewables.",Energy independence relies heavily on domestic fossil fuel production.,"Fossil fuels are essential, and stopping exports would help achieve energy independence.",74,train,train
25,7,How do members of your subreddit view the FBI's role in investigating Trump?,The FBI is seen as a corrupt and politicized tool that targets political opponents.,"The FBI is fulfilling its duty to investigate potential crimes, even if it's politically sensitive.",The FBI's actions should be scrutinized while ensuring they follow legal procedures.,The FBI is part of a deep state conspiracy against Trump.,The FBI is part of the deep state and is unfairly targeting Trump.,75,train,train
25,7,What is the sentiment in your subreddit regarding Trump's alleged withholding of documents?,"Skeptical, believing the government is exaggerating or fabricating the issue.","Troubled, as it's seen as a serious threat to national security.","Cautious, waiting for more concrete evidence before forming a strong opinion.","Dismissive, viewing it as another baseless attack by Trump's enemies.","Defensive, believing the charges are politically motivated and unsubstantiated.",76,train,train
25,7,How do members of your subreddit feel about the possibility of Trump running for office again?,"Divided; some see him as a disruptor, others as another power-hungry politician.","Appalled, believing it would be disastrous for democracy.","Concerned, but open to the democratic process determining the outcome.","Supportive, seeing him as a strong leader who can drain the swamp.","Enthusiastic, eagerly supporting his potential run and believing he will bring positive change.",77,train,train
26,6,How do you believe gun laws affect the safety of minority communities?,Gun laws have always targeted minorities; they are biased and oppressive.,"Gun laws can reduce violence in minority communities, but they need to be combined with other reforms.","The impact varies; some laws may reduce firearm homicides, while others may not be effective.","Gun laws disarm law-abiding citizens and leave them vulnerable, including minorities.",Gun laws leave minorities defenseless; they should have the right to protect themselves.,78,train,test
26,6,What do you think about the idea of arming teachers to prevent school shootings?,Arming teachers can help stop shooters since cops often fail to act.,Arming teachers is dangerous; it’s better to focus on preventative measures and mental health support.,Arming teachers may not be effective; requiring comprehensive background checks and training are better solutions.,"Arming teachers could deter shooters and protect students, especially in gun-free zones.",Arming teachers can prevent shootings and make schools safer.,79,train,test
26,6,How do you view the relationship between gun ownership and government power?,Reducing government power is essential; gun ownership helps protect individual rights.,Gun ownership is less about government power and more about public safety and regulation.,The relationship is complex; historical and contextual factors play a significant role.,Gun ownership is crucial for preventing government tyranny and ensuring personal freedom.,Gun ownership is essential to protect against government overreach and ensure freedom.,80,train,test
27,2,What measures do you think should be taken to ensure the security of voting machines?,Use open-source software for transparency.,Ensure bipartisan observers and secure handling.,Implement thorough audits and checks.,Require stricter oversight and certification.,Reform the system to prevent manipulation.,81,train,train
27,2,How do you feel about mail-in voting?,It’s prone to fraud and abuse.,It increases accessibility and has been secure.,It needs proper safeguards but is generally effective.,It invites fraud and needs more regulation.,It’s easily manipulated and should be limited.,82,train,train
27,2,What is your opinion on voter ID laws?,IDs should be free and required.,They can disenfranchise voters without proper access.,They should be balanced with easy access to IDs.,They are necessary to prevent fraud.,They are crucial for election integrity.,83,train,train
28,9,How do members of your subreddit view the media's portrayal of the Capitol riot versus the BLM protests?,"Media is biased, calling Capitol protest an ""insurrection"" while downplaying BLM riots.","Media accurately portrays Capitol riot as an insurrection, BLM protests as mostly peaceful.","Media tends to sensationalize both events, but context and scale differ.","Media is hypocritical, vilifies Capitol protest while glorifying BLM riots.","Media is biased, exaggerates Capitol riot while ignoring BLM violence.",84,test,train
28,9,What are the views on whether the Capitol riot was an insurrection or not?,"Not an insurrection, more of a protest gone wrong.",It was definitely an insurrection aimed at stopping the election certification.,"Legally debatable, but it had elements of insurrection.","Overblown as an insurrection, just a protest that got out of hand.","Not an insurrection, just a misguided protest with some bad actors.",85,test,train
28,9,How do members of your subreddit compare the motivations behind the Capitol riot and BLM protests?,Capitol riot was about stopping perceived election fraud; BLM protests about police brutality.,Capitol riot was about overturning a fair election; BLM protests seek justice against systemic racism.,Capitol riot aimed to challenge election results; BLM protests focus on police reform.,Capitol riot was about genuine election concerns; BLM protests about criminal behavior.,Capitol riot was to defend democracy; BLM protests are about causing chaos.,86,test,train
29,18,What is your opinion on the objectivity of mainstream media?,Mainstream media isn’t objective; it’s heavily biased and often acts as a propaganda machine.,Mainstream media tries to be objective but often bends right to appease the GOP.,"Mainstream media has biases, but some outlets provide reliable data and sources.",Mainstream media leans left and fails to hold the government accountable.,Mainstream media is corporate propaganda and cannot be trusted to report the truth.,87,train,train
29,18,How do you verify the accuracy of the news you consume?,I compare multiple sources and look for first-hand evidence.,"I check multiple sources, including NPR and AP, and compare their reporting.",I cross-reference multiple reputable sources and look at the underlying data.,I verify news through right-leaning and neutral sources like Fox News and WSJ.,I rely on independent news sources and avoid mainstream media.,88,train,train
29,18,How do you think corporate ownership affects media reporting?,Corporate ownership turns media into mouthpieces for government and corporate interests.,Corporate ownership leads to sensationalism and a rightward shift to secure advertising revenue.,Corporate ownership introduces biases and influences the focus of reporting.,"Corporate ownership in media contributes to biased, left-leaning reporting.",Corporate ownership is deeply corrupt and skews reporting to fit agendas.,89,train,train
30,5,What are some perspectives on Elon Musk's acquisition of Twitter?,"Opinions vary; some see it as enhancing free speech, others as a power grab.",It's seen as a vanity project; many believe it won't bring positive change.,It raises questions about the balance between free speech and responsible moderation.,"Mixed feelings; admiration for Musk's bold move, but skepticism about true free speech intentions.",Supportive; many hope it will restore free speech and counteract censorship.,90,train,train
30,5,How is censorship by social media platforms perceived across subreddits?,Seen as government collusion and suppression of dissenting views.,"Necessary to prevent misinformation and hate speech, but needs balance.",Complex; balancing free speech and harmful content is a nuanced issue.,Generally viewed as biased against conservative viewpoints.,"Viewed as a significant issue, particularly against conservative voices.",91,train,train
30,5,What are the opinions on alternative social media platforms?,They are seen as necessary due to growing dissatisfaction with big tech censorship.,Skeptical; many believe they lack accountability and can become echo chambers.,They are important for diversity but must ensure responsible moderation.,Supportive; alternatives are needed to counteract biased mainstream platforms.,Strong support for platforms like Parler and Truth Social to ensure free speech.,92,train,train
31,8,Should transitioning children be considered child abuse?,"Yes, transitioning children is child abuse and should be prohibited.","No, children should have the right to transition with support from their parents and doctors.","It's a complex issue that should involve careful consideration of medical, psychological, and legal perspectives.","Absolutely, it's harmful and those who push for it should face legal consequences.","Yes, it's damaging to children and should be stopped immediately.",93,train,train
31,8,How do members feel about the use of puberty blockers for transgender children?,Puberty blockers are a medical intervention that should be used cautiously.,"Puberty blockers are a safe, reversible way to give children time to understand their gender identity.","More research is needed, but they can provide positive mental health outcomes for some children.",Puberty blockers cause lifelong damage and should be illegal for children.,They are harmful and should be banned; children aren't equipped to make such decisions.,94,train,train
31,8,What is the general opinion on changing pronouns to match gender identity?,"People should be able to choose their pronouns, but it shouldn't be enforced.",Respecting pronouns is a basic form of respect and acknowledgment of a person's identity.,"Pronouns are important for individual identity, but policies should balance personal rights and social norms.",It's unnecessary and often used for virtue signaling; biology should dictate pronouns.,It's ridiculous and confusing; pronouns shouldn't be changed based on personal preference.,95,train,train
32,0,How do members in your subreddit feel about vaccine mandates?,"Generally opposed, especially government mandates.",Strongly supported; essential for public health.,"Varied; some support, some question legality.",Opposed; seen as government overreach.,Opposed; viewed as an infringement on personal freedom.,96,train,train
32,0,What are the concerns about the mRNA COVID-19 vaccines mentioned in your subreddit?,Concerns about long-term safety and rushed development.,Minimal concerns; trust in science and efficacy.,Mixed; some mention potential allergies or side effects.,Concerns about unknown long-term effects and safety.,High concerns; belief in potential side effects and questioning of efficacy.,97,train,train
32,0,How do members in your subreddit view natural immunity in relation to COVID-19 vaccines?,Some believe natural immunity is preferable or sufficient.,"Vaccination is preferred, but acknowledge natural immunity.",Vaccination is generally recommended over relying on natural immunity.,Many view natural immunity as effective or better.,Strong belief in the effectiveness of natural immunity over vaccines.,98,train,train
33,31,What is the main concern about stacking the Supreme Court according to various viewpoints?,"It will politicize the court, making it less of a check on executive and congressional power.",It’s necessary to counterbalance years of Republicans eroding the courts.,"It risks retaliatory expansions by future administrations, undermining judicial independence.",Stacking the court undermines judicial integrity and sets a dangerous precedent.,It’s a tactic by Democrats to seize judicial power and impose leftist policies.,99,test,test
33,31,How do different subreddits perceive the legitimacy of the current Supreme Court?,The SCOTUS has been corrupted and is no longer a genuine check on government power.,The current SCOTUS is seen as illegitimate due to the handling of Garland and Ginsburg’s seats.,Legitimacy is shaky due to politicized appointments but the court still functions within its constitutional role.,"The SCOTUS is legitimate, and the problem lies with liberal judges who are activists.",The court is dominated by leftist judges and needs conservative reinforcement to be legitimate.,100,test,test
33,31,What are the suggested reforms or actions regarding the Supreme Court mentioned in these subreddits?,Disband the SCOTUS or reduce its power to enforce natural laws.,Expand the court and introduce term limits or mandatory retirement ages for justices.,Consider rotating judges or jurisdiction stripping to balance power without expanding seats.,Keep the number of justices the same and ensure judges adhere strictly to the Constitution.,Impeach liberal judges and appoint more conservative justices to ensure rulings align with constitutional principles.,101,test,test
34,4,How do members of your subreddit view NATO's involvement in the Ukraine conflict?,"Mixed feelings; some support NATO involvement, others see it as unnecessary meddling.",Generally supportive; NATO is seen as a deterrent against Russian aggression.,NATO's involvement is seen as a necessary response to Russian threats.,"Divided; some support NATO, others believe the U.S. should not be involved.",Mostly skeptical; many believe NATO's actions provoke Russia unnecessarily.,102,train,test
34,4,What are the perceived motivations behind Putin's actions in Ukraine according to your subreddit?,Putin wants to end U.S. dollar hegemony and protect Russian interests.,Putin aims to reassert Russian dominance and challenge Western influence.,To protect Russian-speaking populations and secure geopolitical interests.,Expansion of Russian territory and influence; testing Western resolve.,Distrust of Western influence and NATO expansion near Russian borders.,103,train,test
34,4,How do members of your subreddit feel about U.S. aid to Ukraine?,"Mixed; some see it as necessary, others think it's a waste of resources.",Generally supportive; seen as a moral obligation to support Ukraine.,Seen as a necessary measure to uphold international agreements and deter aggression.,"Divided; some support it, others believe it's not America's responsibility.",Skeptical; many believe the U.S. should focus on domestic issues instead.,104,train,test
35,5,What are some reasons members believe social media companies like Twitter and Facebook engage in selective censorship?,They collude with the government and don't adhere to their own rules.,"To manipulate public opinion and profits, often ignoring real policy violations.","Due to their role as digital public forums, requiring them to balance free speech and harmful content.",They have a liberal bias and aim to suppress conservative voices.,They suppress politically unacceptable content and manipulate elections.,105,train,train
35,5,How do members view Elon Musk’s involvement with Twitter?,Musk is playing politics and might improve Twitter.,"Skeptical, especially after his tweet about Paul Pelosi.","Uncertain, waiting to see if his changes will respect free speech.",Hopeful that he will restore free speech on the platform.,"Optimistic, seeing him as a hero for free speech.",106,train,train
35,5,Why do members think alternative social media platforms struggle to gain popularity?,They attract extreme users and fail to create balanced communities.,Lack of mainstream appeal and poor user experiences.,Can't compete with the interoperability and user base of giants like Facebook and Twitter.,They get canceled or shut down by big tech.,They are labeled as havens for extremists and struggle with funding and infrastructure.,107,train,train
36,5,What is your opinion on Elon Musk's acquisition of Twitter?,"Opinions are mixed, but there's skepticism and concern about potential negative outcomes.","Many are unhappy and concerned, fearing it may push Twitter towards right-wing ideologies.",It’s significant due to Twitter’s role in public discourse; opinions vary on potential impacts.,Generally positive; many see it as a chance to end bias and censorship.,Supportive; seen as a victory for free speech and a move against liberal censorship.,108,train,train
36,5,How do you view Facebook’s role in censorship and user privacy concerns?,Facebook wields too much power and manipulates governments; its censorship is a concern.,Facebook has many issues; user privacy violations and bias in censorship are major problems.,Facebook’s role is controversial; there are significant concerns about censorship and privacy.,Facebook is biased against conservatives and engages in unfair censorship.,Facebook is seen as a major player in silencing conservative voices and violating privacy.,109,train,train
36,5,Should social media platforms be held accountable for the content they host?,There's a debate; some believe they shouldn’t edit content if they want Section 230 protections.,"Yes, they should be responsible, especially to prevent misinformation and harmful content.",It's complex; platforms should balance free speech with preventing harmful content.,"Yes, they should be accountable, especially if they are acting as publishers.",Absolutely; they need to be held accountable to prevent biased censorship against conservatives.,110,train,train
37,2,What is a common concern about mail-in ballots mentioned in your subreddit?,Mail-in ballots are open to potential fraud and need audits.,Mail-in ballots can be thrown out on technicalities.,Mail-in ballots can complicate the voting process and need proper verification.,Mail-in ballots enable large-scale voter fraud and manipulation.,Mail-in ballots are susceptible to fraud and should be limited.,111,train,train
37,2,How do members in your subreddit feel about voter ID laws?,They see voter ID laws as another form of government control.,Voter ID laws disenfranchise certain groups without reducing fraud.,Voter ID laws are seen as bureaucratic but somewhat necessary.,They strongly support voter ID laws to ensure election integrity.,They support voter ID laws to prevent fraud.,112,train,train
37,2,What are the perceived motivations behind pushing for audits and recounts according to your subreddit?,Audits and recounts are needed to expose systemic fraud.,Republicans use audits to cast doubt on legitimate election results.,Audits can ensure transparency but are often politically motivated.,Audits are essential to prove widespread voter fraud.,Audits are crucial to reveal the extent of election fraud.,113,train,train
38,6,How do members of your subreddit view the idea of mandatory gun confiscation by the government?,They see it as an infringement on individual rights and expect resistance.,They generally support stricter gun laws but are skeptical about an outright ban.,"Opinions vary, but many see it as unrealistic and controversial.",They view it as unconstitutional and believe it won't be effective.,They strongly oppose it and see it as a step towards authoritarianism.,114,train,test
38,6,What are your thoughts on the effectiveness of gun-free zones in reducing gun violence?,Gun-free zones don't stop criminals and may actually make places less safe.,They believe gun-free zones can help but acknowledge they are not foolproof.,"The effectiveness is debated; some see them as a deterrent, others as ineffective.",Gun-free zones are seen as ineffective and make people targets.,They believe gun-free zones create vulnerable targets rather than safety.,115,train,test
38,6,Should teachers be armed in schools to enhance safety?,"Some support it, arguing it could deter shootings.","Many oppose it, preferring other safety measures.",Opinions are mixed; effectiveness and safety concerns are raised.,"They generally support it, emphasizing training and precautions.","They support it, seeing it as a way to protect students.",116,train,test
39,24,"What are the main reasons for high healthcare costs in the US, according to your perspective?",Excessive government regulation and lack of true market competition.,The health care insurance industry acts as an unnecessary middleman.,"High uninsured rates, lack of Medicaid expansion, and administrative costs.",Over-regulation and lack of tort reform.,Obamacare mandates and insurance companies exploiting guaranteed customers.,117,test,test
39,24,"How would a single-payer healthcare system impact the quality of healthcare, in your opinion?",It would reduce quality due to lack of competition and government inefficiency.,It would improve quality by removing profit motives and focusing on patient care.,It could streamline costs but might face challenges in maintaining high-quality service.,It would decrease quality and lead to rationing of care.,Government inefficiency would degrade healthcare quality.,118,test,test
39,24,What is your viewpoint on Medicaid and Medicare expansion?,It’s a form of socialism that distorts the market and increases taxes.,Essential for covering more people and providing necessary healthcare access.,It’s vital for increasing coverage but needs careful management to control costs.,It’s a financial burden that doesn’t address underlying healthcare cost issues.,It increases dependency on government and doesn’t solve core problems.,119,test,test
40,17,What are some arguments for and against border walls discussed in these subreddits?,Arguments against include economic inefficiency and restriction of free movement. Arguments for are rare but some support private property borders.,"Arguments against include waste of money, ecological damage, and inefficiency. Arguments for are minimal, generally not in favor.","Arguments against focus on it being a symbolic, ineffective expense. Arguments for include it being a physical symbol of immigration control.",Arguments for include cost-effectiveness and reducing illegal crossings. Arguments against are minimal but acknowledge funding issues.,"Arguments for include it being a proven physical barrier. Arguments against focus on it being a long-term, costly, and partial solution.",120,train,test
40,17,How do different subreddits view the role of the state in border security?,Generally negative; prefer private property solutions over state-managed borders.,The state should ensure humane treatment and responsible management without excessive militarization.,The state has a role but should balance effectiveness with ethical considerations and public opinion.,"The state must secure borders to protect the nation, often supporting stricter measures.",The state should enforce strict border policies and build barriers as necessary to ensure security.,121,train,test
40,17,"What solutions, aside from walls, do members of these subreddits propose for managing immigration?","Abolish state welfare, open borders, privatize property, and voluntary agreements.","Streamline legal immigration, improve visa processes, and provide humanitarian aid.","Implement technology, better border patrol, and address root causes in home countries.","Increase legal immigration controls, enforce existing laws more strictly, and punish employers hiring illegally.","Use technology, increase ICE agents, reform immigration laws to be merit-based.",122,train,test
41,17,What are some of the economic impacts of immigration mentioned by members in these subreddits?,Immigration is generally good for the economy and can solve economic shortfalls.,"There are labor shortages that immigrants can help fill, benefiting the economy.",The impact is nuanced and can depend on various factors including local economic conditions.,"Legal immigrants can contribute positively, but illegal immigrants are seen as a burden.","Illegal immigration costs the US billions, but legal immigrants can contribute positively.",123,train,test
41,17,How do members of these subreddits view the separation of children from their parents at the border?,It’s fucked; don’t arbitrarily separate kids from their parents.,It’s horrid and dehumanizing; we should reunite families.,It’s a complex issue that needs a humane solution.,"Mixed views; some support family detention, others criticize child separation.",It’s a necessary evil to prevent trafficking and ensure safety.,124,train,test
41,17,What arguments are made about the effectiveness of a physical border wall?,A physical wall won’t stop most illegal immigration and is a waste of money.,It’s idiotic and ineffective; serves more as a political symbol.,It’s not justified based on current data and may not solve the identified crisis.,A wall is necessary for security and will act as a deterrent.,It’s a long-term solution to stop illegal immigration and drug trafficking.,125,train,test
42,12,What are the potential benefits of legalizing marijuana according to the evidence mentioned?,It hasn't increased consumption and has improved health outcomes.,It reduces the number of cannabis-related arrests and prevents criminalization.,Expunging marijuana convictions can correct a great wrong by the government.,Colorado's economy has thrived since legalization.,It could end the war on drugs and reduce crime.,126,train,train
42,12,Why do some people argue that the government should not control what substances people consume?,It's too subjective; no one has the right to control another's substance consumption.,People should be free to make their own choices without government interference.,Our country is founded on opposing unjust laws; personal freedom is crucial.,It’s not the government's job to tell someone what they can do with their body.,Republicans shouldn’t tell Americans what they can do in their own homes.,127,train,train
42,12,What are some concerns related to the legalization of marijuana mentioned?,"Government might excessively tax and regulate, turning it into extortion.",Heavy THC use can trigger mental illness in young people.,Legalizing might lead to a spike in DUIs and crime rates.,Marijuana and alcohol are depressants and harmful for brain development.,It could cause lasting cognitive issues and should be restricted in critical jobs.,128,train,train
43,32,How do you feel when someone uses insults instead of making a coherent argument?,It shows they can't form a valid argument and I lose respect for their opinions.,"It's unproductive and makes them look immature. It doesn't bother me, but it's disappointing.",Insults detract from productive discourse and indicate a lack of substantial argument.,It shows they're unable to debate properly and often rely on name-calling because they lack solid points.,It's frustrating and shows they can't back up their views with facts. It's the lowest form of debate.,129,train,train
43,32,What should you do if someone keeps moving goalposts during a discussion?,Call them out and demand they stick to the original argument. Don't let them dodge.,Point it out clearly and steer the discussion back to the main point. Maintain focus on the original topic.,Highlight their changing arguments and request they address the original point consistently.,Make them aware of their tactic and insist on addressing the initial argument. Don't follow their diversions.,Confront them about their shifting arguments and keep bringing the discussion back to the original point.,130,train,train
43,32,How do you handle people who refuse to back up their claims with sources?,"Dismiss their argument as invalid. If they can't back it up, it doesn't hold weight.","Ask them politely for sources. If they refuse, acknowledge their opinion but note the lack of evidence.",Request sources explicitly and explain why it's necessary for a constructive discussion. ,"Challenge their claims and demand evidence. If they can't provide any, their argument is weak.",Tell them their argument is worthless without evidence. Move on if they persist in refusing.,131,train,train
44,4,How do different commenters view the legitimacy of the Ukrainian government?  ,"The Ukrainian government is seen as a puppet of the US, with concerns about their corruption and involvement in great power politics.  ","The Ukrainian government is seen as struggling but legitimate, fighting against Russian aggression while being backed by international support.  ","The Ukrainian government is viewed as legitimate, especially after the revolution, but still faces issues like corruption.  ","Opinions vary, but some view it as corrupt and under the influence of Western powers, while others see its efforts to improve.  ","The Ukrainian government is often seen as corrupt and influenced heavily by Western, especially American, interests.  ",132,test,test
44,4,What are some opinions on NATO's role in the Ukraine-Russia conflict?  ,NATO is seen as meddling and pushing Ukraine into a conflict that could have been avoided if Ukraine remained neutral.  ,NATO is seen as a necessary alliance to counter Russian aggression and support Ukraine's sovereignty.  ,"NATO's involvement is viewed as a defensive measure, but it complicates the geopolitical landscape with Russia.  ","NATO's role is seen as both protective and provocative, with some feeling it's pushing Ukraine into unnecessary conflict.  ",NATO is often criticized for escalating tensions and not respecting Russia’s concerns about its expansion.  ,133,test,test
44,4,How do different commenters perceive the impact of US foreign policy on the Ukraine conflict?  ,"US foreign policy is seen as opportunistic, pushing Ukraine into conflict for strategic gains.  ",US foreign policy is viewed as supportive of Ukraine's struggle for sovereignty and democracy against Russian aggression.  ,"US foreign policy has both supportive and strategic elements, helping Ukraine while also pursuing its own interests.  ","US foreign policy is criticized for being inconsistent and sometimes escalating the situation, with varying opinions on effectiveness.  ","US foreign policy is often seen as corrupt and self-serving, using Ukraine as a pawn in larger geopolitical games.  ",134,test,test
45,2,What are the main concerns about mail-in ballots?,Mail-in ballots are prone to fraud and easy manipulation.,Main concern is the baseless claims of fraud undermining democracy.,Verification issues and potential delays in counting are concerns.,They facilitate fraud and make elections less secure.,They increase the chances of illegal votes and manipulation.,135,train,train
45,2,How do voter ID laws impact different communities?,They create unnecessary hurdles and act as a form of state control.,They disproportionately disenfranchise minority and low-income voters.,"They can suppress voter turnout, especially among marginalized groups.","They ensure only eligible voters can vote, preserving election integrity.",They prevent illegal voting but are falsely labeled as racist.,136,train,train
45,2,What role do voting machines play in election integrity?,Voting machines are susceptible to hacking and manipulation.,Voting machines should have backups and audits to ensure integrity.,Proper auditing and security measures are essential for machine use.,Machines can be manipulated; we need thorough audits to trust results.,Machines were tampered with to change results in favor of Democrats.,137,train,train
46,7,What are the views on the FBI's role in the investigations related to Trump?,"The FBI is a politicized weapon aiding their masters, not seeking truth or justice.",The FBI found clear evidence of missing or mishandled documents; their work is essential.,The FBI's findings and processes raise concerns about transparency and credibility.,The FBI is being used to target political rivals of the current President.,"The FBI has become a political tool for the left, targeting Trump unfairly.",138,train,train
46,7,How do the different subreddits perceive the impeachment proceedings against Trump?,Impeachment is now just a political weapon used by parties.,There's clear evidence of crimes; impeachment is necessary for accountability.,Impeachment is a political process that should address high crimes and misdemeanors.,"It's a sham impeachment without real charges, just a political move.",It's a frivolous and unfair process by Democrats to drum up negativity.,139,train,train
46,7,What are the opinions on the Mueller Report’s findings?,The Mueller Report was spam and a conspiracy theory with no real findings.,The Mueller Report found instances of obstruction and attempted collusion with Russia.,The report clarified there was no established collusion but highlighted obstruction issues.,The report was a smear campaign with no real evidence of collusion.,Mueller found no collusion; the investigation was a hoax.,140,train,train
47,31,How do different subreddits view the legitimacy and partisanship of the Supreme Court?,The Supreme Court is seen as openly partisan and damaging to its reputation.,The Supreme Court has lost credibility due to partisan decisions and justices lying during confirmations.,The Supreme Court isn't supposed to be partisan; it should uphold the Constitution impartially.,"The Supreme Court should strictly adhere to the Constitution, and any partisanship undermines its role.",The Supreme Court's legitimacy is under threat from partisan justices and political manipulation.,141,train,test
47,31,What are some concerns expressed about judges being involved in politics and legislating from the bench?,Judges should not have business interests in the criminal justice system; it leads to corruption.,"Judges have shown bias and have politicized their rulings, which undermines their neutrality.",Judges promoting ideology through legislating from the bench is a serious threat to the republic.,Judges should interpret the law based on the Constitution and avoid political agendas.,"Judges often appear to vote along party lines, which questions their objectivity.",142,train,test
47,31,How do different subreddits perceive the process and effects of judicial appointments?,"Judicial appointments are seen as highly political, often resulting in biased and partisan judges.","Judicial appointments have become partisan events, with some judges lying during confirmation hearings.",Judicial appointments are inherently political but necessary for maintaining checks and balances.,Judicial appointments should focus on constitutional interpretation and not political affiliations.,Judicial appointments are critical for maintaining constitutional integrity and countering overreach.,143,train,test
48,24,How do members of your subreddit view the role of government in healthcare?,Government intervention complicates and raises costs; prefer free market solutions.,Government should ensure universal healthcare; it's a basic human right.,"Mixed views; some see a need for reform, others question the efficacy.",Government should limit its role; private sector innovation is key.,Government should not be trusted with healthcare; private sector does it better.,144,train,test
48,24,What are the perceived benefits of a single-payer healthcare system according to members of your subreddit?,It could reduce the profit-driven motives but introduces inefficiencies.,"It ensures everyone has access to healthcare, reducing overall costs.",It simplifies the system and could lower administrative costs.,Benefits are overshadowed by higher taxes and reduced innovation.,It’s seen as inefficient and leads to worse care due to lack of competition.,145,train,test
48,24,How do members of your subreddit feel about the current US healthcare system?,It's a mix of bad government regulations and lack of true free market.,It’s broken and needs comprehensive reform for universal coverage.,It's inefficient and too expensive; needs significant changes.,It's flawed but better than socialized systems; requires market-driven improvements.,"It has issues, largely due to government interference; prefer less regulation.",146,train,test
49,3,How do members of your community view the idea that abortion restrictions are mainly about controlling women rather than protecting fetuses?,Many see it as a property and body autonomy issue where control should not be imposed.,It's seen as primarily about controlling women and their bodies.,"There is a recognition that different people see it differently, but many acknowledge control concerns.","The focus is on protecting fetuses, not controlling women.","It's about protecting life, not controlling women; people should live as they choose but actions have consequences.",147,train,train
49,3,"Should states have the right to decide on the legality of abortion, or is it a federal issue?",Many believe it should be determined at the state level due to varying laws and beliefs.,It should be a federal issue to ensure consistent rights across the country.,"There's a mix; some argue states' rights, others argue for federal consistency.","It should be a state issue, allowing local values to dictate laws.","States should have the right to decide, emphasizing states' rights and personal choice.",148,train,train
49,3,How do you reconcile the right to bodily autonomy with the rights of an unborn fetus?,Bodily autonomy is paramount until the fetus can survive independently.,Bodily autonomy is key; a fetus is not a separate legal entity early on.,It's a complex balance between bodily autonomy and potential personhood.,The fetus’s right to life outweighs bodily autonomy concerns.,"The fetus's right to life must be protected, but bodily autonomy is recognized.",149,train,train
50,2,What is the general opinion about voter ID laws in your subreddit?,"Voter ID laws are seen as a way to control and limit voting, impacting minorities and poor people.",They are viewed as a tool for disenfranchising the poorest Americans.,Voter ID laws are debated; some argue they address non-existent problems and waste resources.,Voter ID laws are necessary to prevent fraud and ensure election integrity.,They are supported if IDs are free and easily accessible.,150,train,train
50,2,"How do members of your subreddit view the 2020 election audits, particularly in states like Arizona?",They believe the audits revealed significant fraud but are skeptical of any meaningful change through the electoral process.,The audits are seen as bogus and a continuation of the baseless claims of a stolen election.,Opinions are mixed; some see the audits as necessary while others view them as politically motivated and unsubstantiated.,The audits are crucial to address the widespread belief in election fraud.,The audits are vital and have revealed substantial evidence of fraud.,151,train,train
50,2,What is the perceived impact of mail-in voting on election integrity in your subreddit?,Mail-in voting is seen as highly susceptible to fraud and manipulation.,"Mail-in voting is necessary and generally secure, but needs better management to prevent manipulation.",Mail-in voting is seen as a practical solution but requires robust safeguards to maintain integrity.,Mail-in voting is viewed with suspicion and is believed to facilitate large-scale fraud.,Mail-in voting is seen as a primary method used for committing election fraud.,152,train,train
51,6,What are the main reasons given for opposing gun control measures?,Gun control measures oppress people and don't stop criminals.,They believe it infringes on personal freedoms and rights.,Concerns about effectiveness and potential abuse of regulations.,It violates the Second Amendment and doesn't stop crime.,It infringes on rights and doesn't address the root causes of violence.,153,test,test
51,6,How do members suggest improving safety without banning guns?,By allowing more people to be armed for self-defense.,Implement mandatory safety training and background checks.,Comprehensive safety training and secure storage laws.,Enforce existing laws and focus on mental health.,Improve mental health care and end the demonization of gun owners.,154,test,test
51,6,What role do background checks play in the gun control debate?,They're seen as ineffective and a path to more restrictions.,Essential for preventing guns from falling into the wrong hands.,They are important but need to be properly enforced and designed.,Already in place but often not properly enforced.,"Necessary, but should not infringe on Second Amendment rights.",155,test,test
52,20,How do members of your subreddit view Ron DeSantis' handling of COVID-19 lockdowns in Florida?,"DeSantis initially locked down Florida, betraying liberty principles.","He mishandled it, prioritized politics over health, and hurt many Floridians.",,"He protected freedoms, stood against lockdowns, and did a great job.","He resisted lockdowns, promoted freedom, and stood up to Fauci-ism.",156,test,train
52,20,What is your subreddit’s opinion on a potential primary battle between Trump and DeSantis in 2024?,"It will likely create a divide, possibly splitting votes.",It would be chaotic and potentially weaken the Republican party.,,It could be a tough but necessary contest to determine the best candidate.,"It’s an unnecessary distraction, Trump should lead; DeSantis can wait.",157,test,train
52,20,Do you believe DeSantis would be a better presidential candidate than Trump?,DeSantis could be better if he reduces government power significantly.,"DeSantis is worse, as he is more competent in pushing harmful policies.",,"Yes, he’s less polarizing and can attract more voters.","Yes, he has fewer baggage and could win more easily than Trump.",158,test,train
53,38,What are some reasons cited for the poor economic conditions in Cuba?,The socialist government and internal mismanagement are the main reasons.,,The US embargo and internal economic policies have both contributed.,Communism and dictatorship are the primary causes.,The Cuban government’s communist policies have led to economic failure.,159,test,train
53,38,How do different commenters view the impact of US sanctions on Venezuela?,Sanctions are not the main issue; the government’s corruption is.,,Sanctions have contributed but are not the sole cause; internal issues play a big role.,Sanctions reveal the underlying problems in a corrupt socialist regime.,"Sanctions highlight the failures of socialism, but the people elected Maduro.",160,test,train
53,38,What are the perceived benefits and drawbacks of lifting the US embargo on Cuba?,Lifting the embargo could expose socialism’s failures more clearly.,,It could improve economic conditions in Cuba but might not lead to political reforms.,"Lifting the embargo would only benefit the dictatorship, not the people.",Lifting the embargo would only strengthen the communist regime.,161,test,train
54,24,How do insurance premiums in the U.S. compare to other countries?,U.S. premiums are higher due to regulations and monopolies.,,"U.S. spends more on healthcare, while other countries spend less and live longer.",Healthcare premiums are too high because of government intervention.,"U.S. premiums are high, sometimes costing thousands per year.",162,train,test
54,24,What are the biggest issues causing high healthcare costs in the U.S.?,Government regulations and monopolistic practices.,,High wages and complicated insurance systems.,Government intervention and third-party payer laws.,Insurance companies and government regulations increase costs.,163,train,test
54,24,How do people feel about the quality of public healthcare in other countries?,Some say it's a disaster with outdated treatments.,,Public systems often make the wealthy invest in improving them.,Generally seen as inefficient with long wait times.,"Many people think it works well, even if Americans disagree.",164,train,test
55,11,What are some criticisms mentioned about a particular female politician's economic understanding?,"She isn't very smart, especially related to economics.",She perpetuates the divide between people with tribalism.,,She’s not qualified to defend her views publicly.,She sounds like a dunce and cannot speak intelligently.,165,train,train
55,11,How do different communities perceive the female politician's shift in ideology from progressive to the opposite?,She’s a champagne socialist; nobody would know her name otherwise.,She was elected as progressive and changed to the opposite.,,She’s a diversity hire who failed upwards.,She’s a professional liar without a moral bone.,166,train,train
55,11,"What are the opinions on the female politician's suitability for higher office, like vice presidency or presidency?",She’s ridiculous and worshipped by people easily swayed by rhetoric.,She has a Hillary Clinton aura; sexism plays a part.,,"She’s a diversity hire, unqualified for VP or POTUS.",She is a simpleton who only got the job because of her gender and race.,167,train,train
56,28,How do you perceive the current state of racism and its impact on society?,Racism is overemphasized and often used to manipulate people or push certain agendas.,Racism is deeply embedded in society and continuously harms minorities.,,"The focus on racism is exaggerated and divisive, causing unnecessary tension.","The left exaggerates racism for their gain, creating division and strife.",168,train,train
56,28,What role do you believe economic factors play in racial issues?,Economic issues are separate from race; the government creates these problems.,"Economic inequality and racism are intertwined, affecting minorities the most.",,Economic issues are universal but are often incorrectly linked to race.,Economic factors are used by the left to push a false narrative about racial issues.,169,train,train
56,28,How do you view the concept of white privilege in the context of racism?,White privilege is an overused concept that lacks solid evidence.,White privilege is real and contributes to systemic inequality.,,White privilege is a myth used to guilt and manipulate people.,White privilege is a tool used by the left to create division and control.,170,train,train
57,25,Do you think Joe Biden is capable of effectively leading the country?,Biden is a puppet with no real power.,"He needs to be more aggressive against GOP, but he's trying.",,"No, he's a weak and incompetent leader.","Absolutely not, he's a disaster.",171,train,train
57,25,How do you feel about the way Biden uses teleprompters in his speeches?,"Shows he’s just reading lines, not leading.",It’s necessary but he should handle unscripted questions better.,,It proves he’s not in control and can’t think on his feet.,A puppet who can’t speak without help.,172,train,train
57,25,What is your opinion on Trump's impact compared to Biden's presidency?,Both are just government stooges causing damage.,Trump was divisive; Biden is trying to heal.,,Trump was better; Biden is ruining the country.,Trump was great; Biden is a catastrophe.,173,train,train
58,10,How do you feel about atheism and its implications on society?,Atheists often don't see their own zealotry. They create their own form of religion.,Atheism is a response to religious oppression. It helps progress society by questioning outdated beliefs.,,Atheism can lead to moral decay. Our values are rooted in Judeo-Christian ethics.,Atheism is fine unless it’s being forced upon others. Freedom to believe or not is essential.,174,train,train
58,10,How do you view the relationship between religion and government?,Government should be separate from religion to avoid authoritarianism.,Religion should have no influence in government. It undermines progress and scientific reasoning.,,Our laws are based on Judeo-Christian values. Religion should guide our moral framework.,"Government and religion should be separate, but Christian values have historically guided our nation.",175,train,train
58,10,What are your thoughts on religious freedom and its limits?,People should be free to practice any religion as long as it doesn't infringe on others' rights.,"Religious freedom is essential, but it should not justify discrimination or harm.",,"Religious freedom is a fundamental right, but it should align with traditional moral values.","Religious freedom is crucial, but no religion should impose its beliefs on others.",176,train,train
59,14,What is the primary cause of rising college tuition according to the members of your community?,Government intervention through loans and grants that inflate prices.,,The highly negotiated market and federal subsidies pushing prices up.,Government-backed loans allowing colleges to raise tuition without resistance.,Federal guarantees and subsidies inflating costs.,177,test,train
59,14,How do members of your community believe student loans should be managed?,Privatize loans and remove government guarantees.,,Reduce interest rates and ensure loans are tied to inflation.,Allow loans to be discharged through bankruptcy and stop government backing.,Remove federal involvement and make loans like any other loan.,178,test,train
59,14,What is the opinion of your community on forgiving student loans?,"Generally against it, seeing it as unfair to those who didn't take loans.",,"Mixed opinions, with concerns about fairness and economic impact.","Strongly against it, viewing it as unfair and fiscally irresponsible.","Generally against it, preferring solutions like reducing interest rates.",179,test,train
60,17,What are some alternative suggestions to the wall for handling immigration?,Automated turrets and removing the welfare state.,,"Increased surveillance tools, more equipment, better staff training.",Harsher penalties for illegal immigrants and improved vetting process.,Reinforce existing barriers and stricter border security measures.,180,train,test
60,17,How do users on this subreddit view the connection between illegal immigration and the welfare state?,They believe removing the welfare state would reduce illegal immigration.,,They argue that illegal immigrants don't qualify for welfare benefits.,They think illegal immigrants exploit the welfare system.,They see illegal immigrants as a drain on welfare resources.,181,train,test
60,17,What are the opinions on family separation at the border?,"Mixed; some support asylum rights, others criticize government policies.",,"Generally opposed, citing the need for humane treatment.","Supportive, emphasizing the legality of crossing the border.","Mostly supportive, viewing it as a consequence of illegal actions.",182,train,test
61,42,Why do some people defend flying the Confederate flag?,Some see it as a symbol of rebellion against political elites and for individual liberty.,"They may see it as a symbol of southern heritage, but it’s often associated with racism and slavery.",,"It’s often viewed as a symbol of regional pride and personal liberty, not necessarily racism.",Many see it as a symbol of rebellion against big government and for states' rights.,183,train,test
61,42,How do the meanings of the American flag differ between political affiliations?,The flag should symbolize freedom and resistance against state control.,"The flag has been politicized, often seen as a Trump supporter symbol, especially after 2016.",,"It symbolizes national pride, unity, and freedom for everyone.","It's a symbol of American values, freedom, and patriotism, regardless of political affiliation.",184,train,test
61,42,What are some reasons given for removing Confederate monuments?,They represent a history of elites maintaining power through slavery.,They glorify figures who fought to preserve slavery and were often put up to intimidate African Americans.,,"They should be moved to museums to educate, not honored in public spaces.",They represent a part of history that should be remembered but not necessarily honored.,185,train,test
62,38,How do members in your subreddit perceive the impact of US sanctions on Venezuela's economic crisis?,US sanctions aren't the main cause; it's corruption and mismanagement by the Venezuelan government.,,"There are mixed opinions; some argue US sanctions worsened the crisis, while others focus on internal issues.",The US sanctions are necessary to pressure the corrupt Venezuelan government.,US sanctions are justified and necessary to combat the socialist regime in Venezuela.,186,train,train
62,38,What is your subreddit’s view on Cuba's healthcare system?,It's a three-tiered system with severe flaws and propaganda-driven metrics.,,It's complicated; Cuba has some positive health outcomes despite its limitations.,"Cuban healthcare is subpar, with outdated equipment and rationed medicine.","It's overrated and a propaganda tool, not as effective as claimed.",187,train,train
62,38,What role do you think socialism has played in the current state of Venezuela?,Socialism has led to economic ruin and widespread shortages.,,Socialism combined with poor governance and external pressures created the crisis.,Socialism is the main reason for Venezuela’s collapse.,Socialism is entirely to blame for Venezuela's dire situation.,188,train,train
63,0,Why do some people oppose vaccine mandates for COVID-19?,They see it as government overreach and a threat to personal freedom.,They believe it causes unnecessary division and authoritarianism.,,Concerns about government control and personal health decisions.,They view it as government overreach and a violation of personal choice.,189,test,train
63,0,What are some reasons given for preferring natural immunity over vaccination for COVID-19?,Belief that natural immunity provides longer-lasting protection.,Natural immunity is not as reliable or predictable as vaccination.,,Natural immunity seen as effective; distrust in new vaccines.,Preference for natural immunity due to concerns about vaccine safety and side effects.,190,test,train
63,0,How do different groups perceive the media's role in the COVID-19 pandemic?,Media is seen as spreading biased information and fearmongering.,Media's role is to provide crucial information but sometimes fails to counter misinformation.,,Media is blamed for fearmongering and manipulating public opinion.,Media is viewed as spreading fear and misinformation.,191,test,train
64,0,What is a common concern among people skeptical about the COVID-19 vaccine?,Concerns about government mandates and potential side effects.,Frustration with misinformation and the potential influence of political figures.,,Questions about its necessity and long-term effectiveness.,Fear of government overreach and concerns about vaccine safety.,192,train,train
64,0,How do different subreddits view the effectiveness of the COVID-19 vaccines?,"Skeptical, some believe the vaccines are not effective and have side effects.","Generally positive, emphasizing the reduction in severe cases and hospitalizations.",,"Mixed views, some believe in effectiveness while others doubt it.","Highly skeptical, believing the vaccines do not prevent infection or spread.",193,train,train
64,0,What do members say about the role of mandates in vaccination?,"Strongly against mandates, seeing them as coercive and authoritarian.",Support mandates to protect public health and reduce spread.,,"Generally opposed, prefer personal choice and individual risk assessment.","Vehemently opposed, equating mandates with loss of freedoms and tyranny.",194,train,train
65,26,What are the views on taxing unrealized capital gains?,Taxing unrealized gains is misguided; the money hasn't been made yet.,,It can be complicated but paying tax on gains is necessary once profit is made.,It's absurd and a precedent that will negatively affect everyone.,It's ridiculous and will eventually affect middle-class investment accounts.,195,train,train
65,26,"Should there be any form of progressive taxation, and why?","No, progressive taxes are unfair and should be eliminated.",,"Yes, it helps to reduce inequality and is fair for those with higher earnings.","No, everyone should pay the same percentage, it's about fairness.","Flat tax is better; everyone pays the same, no loopholes.",196,train,train
65,26,"How does the funding of the IRS impact tax enforcement, especially on the wealthy?",IRS funding just enables more government overreach; abolish it.,,Proper funding is essential for auditing high-income individuals effectively.,IRS shouldn't be overfunded; it leads to unnecessary harassment.,The IRS is understaffed and ineffective; more funding might just target the middle class.,197,train,train
66,22,Why do some people choose to leave California for other states?,"They are escaping high taxes, homelessness, and poor governance.",It's mostly due to high cost of living in big cities like LA and SF.,,They leave because of failed liberal policies and high taxes.,They want to escape the liberal nonsense and find freedom in red states.,198,train,train
66,22,Which states are popular destinations for people leaving California?,"Idaho, Utah, Texas, and Tennessee are popular choices.",Many are moving to places like Texas and Colorado for lower costs.,,Texas and Florida are top picks for fleeing Californians.,"Florida, Texas, and Arizona are common destinations.",199,train,train
66,22,How do people perceive the political impact of Californians moving to other states?,They fear Californians will bring progressive policies.,It's seen as a chance to potentially turn red states blue.,,They worry Californians will ruin their new states with liberal votes.,They hate that liberals could turn red states blue.,200,train,train
67,79,How would a Chinese invasion of Taiwan impact the global economy?,"It would cause massive disruption to supply chains, especially semiconductors.",,"Significant damage to supply chains, particularly in semiconductors and electronics.","It would devastate the global economy, affecting semiconductors and trade routes.","It would be catastrophic, disrupting high-tech goods and semiconductor supplies.",201,train,train
67,79,Why hasn't China invaded Taiwan yet despite its long-standing claims?,They know it would start a major war and international backlash.,,The economic and reputational costs are too high for China.,They know the invasion would be costly and provoke a strong international response.,They’re deterred by the potential military and economic repercussions.,202,train,train
67,79,Do you think the United States would militarily intervene if China invaded Taiwan?,"Uncertain, but likely given the strategic importance of Taiwan.",,"Likely, due to commitments to Taiwan's defense and global strategic interests.","Yes, the U.S. has many strategic reasons to intervene.","Absolutely, the U.S. would have to intervene to protect its interests and allies.",203,train,train
68,104,What is a significant concern about UBI funding among members of your subreddit?,"It relies too much on taxation, which is seen as theft.",,The main concern is how to pay for it without causing economic disruptions.,"It will be funded by taxing the middle class, which is unsustainable.","The top earners would be overly taxed, leading to economic imbalance.",204,train,train
68,104,How is UBI perceived in relation to existing welfare programs in your subreddit?,It's seen as potentially less damaging and more ethical than traditional welfare.,,It could potentially replace welfare programs to reduce poverty more effectively.,UBI should replace all existing handouts to avoid increasing government dependency.,It should shrink government reliance and increase individual fiscal responsibility.,205,train,train
68,104,What is the impact of UBI on work incentives according to members of your subreddit?,UBI could weaken work incentives but less so than traditional welfare.,,UBI might reduce the poverty trap seen with means-tested welfare.,UBI disincentivizes work by providing a subsistence level income.,Unconditional benefits will increase unemployment and devalue the workforce.,206,train,train
69,21,What were the two distinct wars in Afghanistan after 9/11?,The post-9/11 al-Qaeda hunt and the liberal war to remake Afghanistan into a liberal democracy.,,A war against al-Qaeda after 9/11 and a broader mission to build a democratic Afghanistan.,The war to eliminate al-Qaeda and the nation-building mission.,The war against terrorists and the attempt to establish democracy.,207,train,train
69,21,How did the Taliban manage to retake control of Afghanistan so quickly?,The Afghan military was unprepared and there was no smooth transfer of power.,,The Taliban had been preparing for the withdrawal and the Afghan forces were poorly motivated.,The Afghan army quickly folded and there was a failure in proper planning by the Biden administration.,"The Afghan forces collapsed, and Biden's chaotic withdrawal gave the Taliban an opportunity.",208,train,train
69,21,What are some criticisms about Biden's handling of the Afghanistan withdrawal?,Inept management of the exit and leaving Americans stranded in Taliban-controlled territory.,,Lack of preparedness by the administration for the evacuation during the withdrawal.,Failure to properly plan and leaving behind military equipment and American citizens.,Biden botched the withdrawal by ignoring Trump's plan and abandoning Americans.,209,train,train
70,84,What are some reasons given for the U.S. involvement in Yemen?,"To keep the Arabs in the Western sphere of influence, the U.S. agreed to help Saudi Arabia in their war in Yemen.",,U.S involvement is due to selling weapons to Saudi Arabia and providing intelligence for targeting purposes.,"The U.S. supported the Saudis in Yemen, but didn't directly bomb Saudi Arabia or Yemen.","The U.S. supports Saudi Arabia to combat their chief rival, Iran, and for economic reasons.",210,train,train
70,84,How do different subreddits perceive the Iran nuclear deal?,The deal was a waste of time; Iran won't follow it.,,"Iran stayed within the terms of the deal for nearly a year after the U.S. withdrawal, then publicly exceeded the stockpile limits.",The Iran deal was flawed; Iran broke the terms and never allowed proper inspections.,"The Iran deal was a path to nuclear weapons for Iran, and breaking it was necessary to confront them.",211,train,train
70,84,What are the views on U.S. relations with Saudi Arabia?,The U.S. supports Saudi Arabia due to the petrodollar and economic interests.,,The U.S. should reconsider its military ties with Saudi Arabia due to their war crimes in Yemen.,"U.S. should be cautious in supporting Saudi Arabia, especially after incidents like Khashoggi's murder.","Saudi Arabia is seen as a key ally against Iran, despite the issues.",212,train,train
71,30,What is a common criticism of police among r/Anarcho_Capitalism members?,"Police are seen as violent and often abusive, both professionally and personally.",They emphasize the right-wing paramilitary nature of many police forces.,,They criticize instances of corruption but generally support better training and funding.,"They believe police can quickly turn against citizens, prioritizing orders over rights.",213,test,train
71,30,How do members of r/Liberal perceive police unions?,They are seen as protective of corrupt and criminal behavior.,Police unions are viewed as defending criminal behavior and opposing necessary reforms.,,They are considered necessary for protecting officers but can be problematic.,They can contribute to corruption and protect bad cops.,214,test,train
71,30,What do members of r/Conservative suggest as a better alternative to defunding the police?,They suggest replacing public police with private security.,They emphasize reform and more accountability rather than defunding.,,They propose increasing funding for better training and community programs.,They support reallocating budgets to focus on education and mental health training.,215,test,train
72,2,What are the main issues discussed by the r/Anarcho_Capitalism subreddit regarding the use of modern technology in elections?,They discuss outdated vote tabulators and the need for more efficient technology.,They didn't focus on technology issues specifically; more on voter ID and fraud claims.,,Technology isn't the main concern; they're worried about voter fraud and ballot stuffing.,They mention issues with auditing and transparency but not much about technology improvements.,216,train,train
72,2,How do members of r/Liberal feel about voter ID laws and their impact on minority voters?,They didn't discuss it much.,Voter ID laws disproportionately impact minority voters and are seen as voter suppression.,,They don't understand why minorities would lack ID; think voter ID is necessary.,They believe voter ID is crucial and anyone against it is likely planning to cheat.,217,train,train
72,2,What are the views on mail-in voting expressed by the r/Conservative subreddit?,There's skepticism about mail-in voting's security.,Mail-in voting is necessary for those who can't physically get to polls.,,Mail-in voting is prone to fraud and should be reduced or eliminated.,They believe mail-in voting is highly susceptible to fraud and should be replaced with in-person voting.,218,train,train
73,42,How do people in your community view the Confederate flag?,Some see it as a symbol of rebellion; others see it as a symbol of racism.,It's largely seen as a symbol of racism and America's dark history of slavery.,,"It's viewed as a part of Southern heritage by some, but not suitable for government buildings.",It’s seen by some as a symbol of Southern pride and states' rights.,219,train,test
73,42,What is the general opinion on removing Confederate statues?,"Mixed feelings; some see it as erasing history, others as removing symbols of oppression.",Most believe they should be removed as they honor a racist past.,,"Generally opposed, seeing it as an attempt to erase history.","There’s a tendency to oppose it, seeing it as unnecessary revisionism.",220,train,test
73,42,How do people in your community feel about the American flag being politicized?,It's frustrating; people have different interpretations of what it represents.,"It’s concerning; feel the flag should represent unity, not division.",,It’s seen as unfortunate but inevitable given current politics.,It’s often seen as a degradation of a unifying symbol.,221,train,test
74,25,What do you think about Biden's cognitive abilities as president?,Biden shows obvious signs of losing his grip and might be slipping into dementia.,Biden has his flaws but he's doing okay; baseless criticism needs to stop.,,"Biden is barely alive, completely controlled, and has no clue what's going on.","Biden is a senile puppet, controlled by someone else, and can't handle the job.",222,train,train
74,25,How do you feel Biden compares to Trump as president?,Both have their problems and are not much different in the end.,"Biden is better than Trump, who was the worst person ever in his position.",,Biden is doing a far worse job than Trump.,"Biden is a clown compared to Trump, who was the better choice.",223,train,train
74,25,What are your thoughts on Biden's relationship with the media?,"Media indifference to Biden, unlike the hatred directed at Trump.",Right-wing criticism of Biden is baseless; media should stop lying.,,"The media is biased, coddling Biden compared to their treatment of Trump.","Media fellates Biden, gaslighting people into thinking he's successful.",224,train,train
75,28,Why do some believe that discussing race can help address societal issues?,"Discussing race can highlight disparate outcomes, which isn't necessarily racism.","Discussing race exposes historical and systemic racism, leading to understanding and change.",,"Liberals believe discussing race addresses systemic issues, but it's often exaggerated.",Liberals are obsessed with race for their agenda; most people don’t care about it.,225,train,train
75,28,"How do different people perceive the issue of ""white privilege""?",White privilege is used to unfairly target successful individuals based on superficial traits.,White privilege blinds people to the challenges faced by others and perpetuates inequality.,,White privilege is a concept used by liberals to attack white people unjustly.,White privilege is real and those immersed in it often don’t acknowledge it.,226,train,train
75,28,What is the perceived impact of progressive policies on racial issues?,Progressive policies often unintentionally harm black communities.,Progressive policies aim to address systemic racism and promote equality.,,Progressive policies create division and falsely portray America as systemically racist.,Progressive policies exaggerate racial issues for political gain and divide the country.,227,train,train
76,9,What is the main critique of BLM from r/Anarcho_Capitalism?,"They believe BLM doesn't address the largest killers of black people, like Planned Parenthood.",The critique isn't valid as BLM protests against continued violence against black people.,,BLM protests often turn violent and cause property damage.,BLM are seen as domestic terrorists causing destruction and murder.,228,train,train
76,9,How is Antifa perceived by members in r/Anarcho_Capitalism?,Antifa is seen as a destructive force similar to historical fascist groups.,Antifa is viewed as a natural response to rising fascism.,,Antifa is a violent group supported by the state and media.,Antifa members are considered violent communists causing chaos.,229,train,train
76,9,What are the views on the January 6th Capitol incident according to r/Anarcho_Capitalism?,"Mixed views; some see it as an act of patriotism, others as a misguided effort.",It was a violent insurrection and an attack on democracy.,,"It was a riot, not an insurrection, and no one died except one protestor.","It wasn't a real insurrection, mostly peaceful, with minimal violence.",230,train,train
77,26,How do you feel about the concept of progressive taxation?,Progressive taxes are immoral and discriminatory.,,Progressive taxation helps reduce wealth inequality.,Progressive taxation punishes success and discourages investment.,Progressive taxes are unfair and kill productivity.,231,train,train
77,26,What are your thoughts on closing tax loopholes used by the wealthy?,Loopholes exist because the tax system is inherently coercive.,,Closing loopholes is necessary to ensure fairness in the system.,"Closing loopholes is good, but the government should reduce overall taxes.","Loopholes should be closed, but the tax code needs to be simpler and fairer.",232,train,train
77,26,How do you think the government should spend the revenue collected from taxes?,The government shouldn't collect taxes at all; it’s theft.,,"On public services like healthcare, education, and infrastructure.",On essential services only; focus on reducing waste.,"On defense and infrastructure, but cut out unnecessary spending.",233,train,train
78,20,How do members of your community perceive Ron DeSantis' leadership?,"DeSantis is seen as another authoritarian tyrant, pandering for votes.","DeSantis is considered dangerous and hypocritical, not a true leader.",,"DeSantis is viewed as a strong leader, a preferable alternative to Trump.",DeSantis is respected for his firm stance against Democratic policies.,234,train,train
78,20,What is the general opinion of Trump within your subreddit as a candidate for 2024?,"Mixed; some see him better than DeSantis, others criticize his past actions.",Generally negative; seen as terrible for the U.S.,,"Divided; some want him back, others prefer DeSantis.",Positive; many support his return but see DeSantis as a strong option too.,235,train,train
78,20,How do you feel about the potential rivalry between Trump and DeSantis for the GOP nomination?,It’s seen as divisive and counterproductive.,Excited; it could cause the GOP to implode.,,Prefer to see DeSantis run with Trump’s support.,Hopeful for cooperation; prefer DeSantis with Trump’s endorsement.,236,train,train
79,31,What is the potential risk mentioned if the Supreme Court seats are expanded?,It will start a cycle of each party expanding seats to keep legislation from being knocked down.,It sets a dangerous precedent and could backfire when the opposing party is in power.,,Expanding the court for political gain undermines its integrity and could lead to further power grabs.,It allows the current ruling party to manipulate the court to their advantage.,237,train,test
79,31,How do members from these subreddits view the concept of judicial activism?,Judicial activism is seen as a manipulation of decisions to fit political agendas.,"Judicial activism can be problematic, but the current court's bias needs addressing.",,"Judicial activism is a major issue, especially when judges disregard the Constitution.","Judicial activism undermines the Constitution, and activist judges should be removed.",238,train,test
79,31,What is the opinion on the legitimacy of the current Supreme Court among the subreddit members?,The court is seen as politically manipulated and no longer impartial.,The current Supreme Court is considered the most illegitimate in American history.,,"The court is legitimate, but some justices fail to uphold the Constitution properly.",The court is compromised but still necessary to interpret the Constitution.,239,train,test
80,51,What is the impact of government regulations on the housing market?,Government regulations create artificial shortages and inflate housing prices.,,"Government regulations can sometimes prevent housing crises, but they also contribute to high costs.",Government regulations often add unnecessary costs and limit housing supply.,"Government regulations, especially zoning laws, create obstacles that inflate housing costs.",240,train,train
80,51,How do zoning laws affect the availability of affordable housing?,"Zoning laws limit building vertically, restricting supply and affordability.",,Zoning laws in high-density areas exacerbate housing shortages.,"Zoning laws make it difficult to build new homes, driving up prices.",Zoning laws and local politics create barriers to affordable housing.,241,train,train
80,51,What role do you think landlords play in the current housing market issues?,Landlords provide necessary housing but are often unfairly blamed for systemic issues.,,Landlords are part of the problem but also necessary for providing housing.,Landlords are critical for housing supply and often unfairly demonized.,Landlords face challenges but are often scapegoated for larger systemic issues.,242,train,train
81,17,What are the main reasons some people oppose building a wall on the US-Mexico border?,The wall infringes on property rights and doesn't solve the underlying issues created by government policies.,,A wall is expensive and ineffective compared to other methods like visa reforms and increased legal immigration.,The main opposition is from those who can't see the long-term benefits and are hindered by legal and environmental concerns.,People oppose the wall due to political biases and a lack of understanding of its necessity for national security.,243,train,test
81,17,How do different subreddits view the issue of illegal immigration affecting crime rates in the US?,"The real issue is overregulation and black markets, not the immigrants themselves.",,Evidence suggests illegal immigrants commit fewer crimes than native-born citizens; it's a politically charged topic.,Illegal immigrants do contribute to crime; enforcing existing laws would help mitigate this.,"Illegal immigrants are a significant threat to safety, contributing to drug trafficking and other crimes.",244,train,test
81,17,"What do members think about the concept of ""open borders""?","Open borders should be for individuals to move freely, but property owners can still exclude people from their land.",,Open borders are impractical; balanced immigration policies are more realistic and effective.,Open borders would lead to chaos; strict immigration control is necessary to maintain order.,Open borders are a liberal fantasy and would lead to increased crime and economic strain on the US.,245,train,test
82,105,Why do some people believe it's important for Trump to release his tax returns?,,"To check for corruption, conflicts of interest, and ensure transparency.",To identify potential conflicts of interest and unethical conduct.,"It's a tradition, but not required; only done to find dirt.",It's not necessary; it’s just to rile up his opponents.,246,train,train
82,105,What are the main arguments against forcing a president to release their tax returns?,,It can be seen as election manipulation and may set a dangerous precedent.,It could violate privacy and set a dangerous precedent.,It's a privacy issue and not legally required.,It’s unnecessary and violates privacy; only done for political gain.,247,train,train
82,105,Why do some commenters believe there might not be anything illegal in Trump's tax returns?,,IRS would have found any illegal activity by now.,IRS audits would have already identified any illegal actions.,"IRS has already reviewed them, and nothing wrong was found.",IRS audits annually and would have found any issues long ago.,248,train,train
83,37,What are the common criticisms of China's government mentioned in these comments?,"Genocide, totalitarianism, and crackdown on individual liberties.",,"Human rights violations, Xinjiang internment camps, and authoritarianism.","Genocide, suppression of freedoms, and militaristic ambitions.","Genocide, authoritarian regime, and influence through debt traps.",249,train,train
83,37,How do users in your subreddit perceive China's influence on global trade?,"China manipulates global trade and steals technology, worsening freedoms worldwide.",,"China's economic rise affects global trade, often operating through infrastructure investments like One Belt, One Road.","China leverages its economic power to create dependencies, harming jobs and industries in other countries.",China exploits its trade relationships to hurt U.S. industries and expand its power globally.,250,train,train
83,37,How do members on your subreddit feel about the Hong Kong protests?,"Generally supportive, viewing them as a fight against authoritarianism.",,Acknowledgement of the protests' significance but a focus on their political and legal implications.,"Strong support, seeing Hong Kong as resisting communist oppression.","Strong support, viewing it as a fight for freedom against the Chinese communist regime.",251,train,train
84,41,What are some reasons people might choose not to reenlist in the military?,"Toxic culture, lack of personal freedom, and dissatisfaction with military missions.",Non-honorable discharge consequences and political differences within the ranks.,,Military has started fighting for bullshit instead of freedom and poor leadership.,Wokeness driving people out and dissatisfaction with military priorities.,252,train,train
84,41,How do members of the military view their role in society according to the comments?,Many feel undervalued and trapped in their roles.,They see themselves as true patriots and defenders of democracy.,,They view their service as a duty to defend American freedom.,They believe in their role but are skeptical of current leadership and priorities.,253,train,train
84,41,What are some challenges veterans face after leaving the military?,Struggling with the transition and questioning the ethics of their service.,Difficulty obtaining benefits with anything other than an honorable discharge.,,Adjusting to civilian life and dealing with the consequences of poor military decisions.,Finding meaningful employment and dealing with PTSD.,254,train,train
85,14,What factors do you think contribute to the high cost of college tuition?,Government regulations and access to easy credit.,,State funding cuts and increased demand for higher education.,Colleges exploiting federal loan programs and offering useless degrees.,Colleges inflating prices due to federal loan guarantees.,255,train,train
85,14,How do you believe student loans affect the economy?,They burden the economy by creating unproductive debt.,,They shift the financial burden from the collective to individuals.,"They trap people in debt for useless degrees, worsening financial stability.","They keep people in debt, making them work for less and hindering economic growth.",256,train,train
85,14,What are your thoughts on student loan forgiveness programs?,It’s unfair to those who paid off their loans.,,They can help alleviate financial burdens but need careful planning.,They reward irresponsible borrowing and are unfair to taxpayers.,It punishes responsible people and encourages poor financial decisions.,257,train,train
86,17,How do you think mass immigration impacts local communities?,It unfairly drives down wages and increases competition for resources.,,It can create perceived threats but also brings diverse cultural and economic benefits.,It burdens local resources and increases crime rates.,"It increases competition and strains resources, making it harder for Americans to get jobs.",258,train,test
86,17,What are your views on the effectiveness of a border wall?,A border wall is a statist solution and violates property rights.,,Walls have some effectiveness but are costly and environmentally damaging.,A border wall is essential for stopping illegal immigration and securing the border.,A border wall is crucial for national security and to stop illegal crossings.,259,train,test
86,17,Do you believe deportation is a fair method to handle illegal immigration? Why or why not?,"No, it's an act of aggression by the state against individuals.",,It’s necessary but should be balanced with due process and humanitarian considerations.,"Yes, it enforces the law and protects national resources.","Yes, it is a necessary enforcement of our laws and protects American jobs.",260,train,test
87,0,How do members of your subreddit view the effectiveness of the COVID-19 vaccines in preventing severe illness and transmission?,"Opinions vary, but many are skeptical about the vaccine's effectiveness in stopping transmission and illness.",Vaccines are seen as highly effective in preventing severe illness and reducing transmission rates.,,"The effectiveness of vaccines is acknowledged, but concerns about long-term efficacy and freedom of choice are prevalent.",The vaccines are viewed as somewhat effective in preventing severe illness but not in stopping transmission.,261,train,train
87,0,What are the common concerns raised about mRNA vaccines in your community?,"Concerns about gene therapy, long-term effects, and the novelty of mRNA technology.",Few concerns; mostly trust in decades of mRNA research and focus on safety.,,"Worries about long-term side effects, lack of trust in big pharma, and effectiveness against variants.","Concerns about lack of long-term studies, potential health issues, and distrust in the pharmaceutical companies.",262,train,train
87,0,How do members of your subreddit generally feel about vaccine mandates and their impact on personal freedoms?,"Strongly opposed to mandates, viewing them as government overreach and an infringement on personal freedom.",Generally supportive of mandates for public health but recognize the need for personal choice.,,"Against mandates, emphasizing personal freedom and skepticism about government control.","Strongly opposed, seeing mandates as a threat to personal liberty and freedom.",263,train,train
88,13,How do members of your subreddit view monopolies in a capitalist system?,They occur due to government intervention and regulatory capture.,,Monopolies are a result of insufficient government regulation in capitalist systems.,Monopolies highlight the need for anti-trust laws but don't inherently discredit capitalism.,"Monopolies are often a result of excessive government interference, not true capitalism.",264,train,train
88,13,What is your perspective on state intervention in the economy?,State intervention distorts the market and creates inefficiencies.,,Some state intervention is necessary to correct market failures and ensure social benefits.,Government should only intervene when absolutely necessary to prevent abuses.,Minimal state intervention is best; government meddling usually exacerbates problems.,265,train,train
88,13,How would you define socialism based on the discussions in your subreddit?,"Socialism is state control over resources and means of production, leading to inefficiency and coercion.",,"Socialism involves social ownership and management of the means of production, often through government.",Socialism is a system that inevitably leads to communism and dictatorship.,Socialism is a failed ideology that restricts freedom and economic growth.,266,train,train
89,57,What is the general opinion on federal versus state power?,"Generally, they prefer state power over federal power as it allows for more individual freedom and local control.",,"The balance between federal and state power is always shifting, but states have significant authority under the 10th Amendment.",Federal power should be limited with more authority given to states and local governments.,"States should manage their own affairs with minimal federal intervention, emphasizing the 10th Amendment.",267,test,train
89,57,How do members feel about the possibility of secession?,Supportive if it means more personal freedom and less government control.,,"Skeptical, noting the economic and legal complexities involved in such actions.",Many see it as a last resort but think it might be necessary if federal overreach continues.,"Some support it as a way to escape federal overreach, but recognize the potential for conflict.",268,test,train
89,57,What are the concerns related to the federal government's growing power?,Fear of loss of individual liberties and increased government control.,,Concerns about the balance of power and the potential for the federal government to impose its will on states.,The federal government overstepping its constitutional bounds and infringing on states' rights.,The federal government becoming too powerful and undermining state sovereignty.,269,test,train
90,24,How do long wait times impact healthcare quality in different systems?,Long wait times in socialized systems lead to poor healthcare quality and corruption.,,"Long wait times affect both the NHS and the US healthcare systems similarly, indicating a shared issue.",Long wait times in single-payer systems like Canada's lead to sub-standard care and long waiting lists.,Long wait times in universal healthcare systems result in poor access to necessary treatments.,270,train,test
90,24,What are the main arguments against the current US healthcare system?,The US system is hindered by government intervention and lacks true market freedom.,,The US system is overly expensive and fails to provide equitable coverage compared to single-payer systems.,"The system is flawed due to a lack of competition and excessive regulation, leading to high costs.","The current system is driven by profit, leading to high costs and limited access for many Americans.",271,train,test
90,24,How would transitioning to a single-payer system affect jobs in the insurance industry?,It would lead to massive job losses as government takes over the insurance market.,,"Job losses would be significant, but some could transition to roles in administering new public programs.",It would result in widespread unemployment within the insurance sector and increase economic burden.,"Many insurance jobs would be lost, creating economic strain and increasing unemployment.",272,train,test
91,46,What are the main criticisms of both major political parties?,Both parties are controlled by oligarchs and just want to rob us of our wealth and freedom.,"Republicans are disingenuous and hysterical, while Democrats are imperfect but change.",,Both parties care more about maintaining power than representing the people.,Both parties are full of elitists and traitors; need a party that truly represents the people.,273,train,train
91,46,How do members perceive the potential outcome of the midterms for their preferred party?,Skeptical if any party will truly win; both are inherently corrupt.,Optimistic about overperforming historically despite challenges.,,Confident about winning the House and possibly the Senate.,Skeptical about GOP gains unless they address past election issues.,274,train,train
91,46,What are the views on the existence and functionality of a two-party system?,It traps us in a false choice between two equally bad options.,It's necessary to have an opposition party that operates in reality.,,A multi-party system would keep parties in check better.,Two parties prevent true representation; need major reforms.,275,train,train
92,34,What is the general sentiment about U.S. aid to Israel?,"Mixed, but many criticize it as funding an apartheid state and war crimes.",,It is a point of contention with differing views from liberals and conservatives.,Strongly supportive due to strategic and technological alliances.,"Generally supportive, seeing Israel as a crucial ally in the Middle East.",276,train,train
92,34,How do people view the Israeli-Palestinian conflict in terms of historical claims to land?,"Israel is seen as an occupier, and the conflict is viewed as colonialist.",,"It depends on legal and historical interpretations, often seen as complicated and nuanced.","Israelis have historical rights, but some acknowledge the complexity of the issue.","Israel has a right to the land, with Palestinians often viewed as aggressors.",277,train,train
92,34,What is the perspective on Hamas within the context of the Israeli-Palestinian conflict?,Viewed negatively but also as a result of Israeli oppression.,,Generally seen as a terrorist organization with complex motivations.,Strongly condemned as a terrorist group harming Israeli civilians.,Condemned as terrorists who provoke Israel and use civilians as shields.,278,train,train
93,1,What are the general opinions on the effectiveness of renewable energy sources like wind and solar?,"Renewable energy will be cheaper and save humanity, but needs serious investment to be viable.",,"Renewables are essential but need time to develop, and nuclear should be part of the plan.",Wind and solar are not economically feasible and can't replace oil; hydrogen cells are the future.,"Renewable energy pushes up costs and is less reliable, leading to increased dependence on government.",279,train,train
93,1,How do members from each subreddit feel about government intervention in the energy sector?,Government should stop making it hard for independent oil companies; too much regulation.,,Government investment is crucial for long-term potential in green energy and national security.,Government interventions like the Green New Deal are pushing an unrealistic green agenda.,Government intervention is seen as a ploy to increase dependence on the government and push green energy.,280,train,train
93,1,What are the views on nuclear energy as a part of the energy mix?,Nuclear power has less environmental impact than wind farms and should be considered.,,"Nuclear is efficient, but we need to manage waste safely; it should be part of a diverse energy mix.","Nuclear is the future, but waste disposal needs to be addressed first.",Support for nuclear as a safe energy source if waste management and geopolitical issues are handled.,281,train,train
94,27,How would raising the minimum wage impact the number of jobs available?,Raising the minimum wage would decrease jobs available as businesses won't hire when costs are too high.,,"The impact on jobs is debated; some studies show minimal negative effects, while others predict job losses.","Raising the minimum wage will lead to significant job losses and businesses closing, especially in low-cost areas.",It will reduce the number of low-skill jobs as businesses automate or cut positions to save costs.,282,train,train
94,27,"Should the government enforce a minimum wage, or should it be determined by the market?",The market should determine wages; government interference leads to unemployment.,,Government enforcement is necessary to ensure a living wage and prevent exploitation.,Market should decide wages; government-set wages disrupt business operations and economic balance.,"No, the market should set wages; individuals should negotiate their pay based on value.",283,train,train
94,27,What are the potential effects of automatically adjusting the minimum wage for inflation?,It will cause ongoing inflation as businesses increase prices to cover rising costs.,,It could help maintain purchasing power but must be carefully managed to avoid excessive inflation.,It will hurt small businesses and lead to higher unemployment and increased costs of goods.,"Automatic adjustments will lead to job losses and higher prices, nullifying the wage increase benefits.",284,train,train
95,11,What are the general opinions on Hillary Clinton among the users?,"Imagine thinking Hillary Clinton is a hero, wild to think real people believe that.","Hillary Clinton isn’t center-right, her partisan leanings are solidly left.",,She needs to go to jail for supporting Ukrainian Nazis.,"She no longer has power, very serious health problems.",285,train,train
95,11,How do people perceive politicians who change their stance over time?,She resorts to ad hominem and changes definitions often.,"She isn’t left at all, her votes are influenced by her privilege.",,She’s a fence sitter who knows what to say to stay relevant.,"Her stance is always changing, she just pander to voters.",286,train,train
95,11,What are the general thoughts on Kamala Harris as VP?,Hates the U.S. government and might be trolling it.,"She wasn't prepared to be first spouse, still fumbling.",,She wasn't a good pick for VP and isn't eloquent.,She's completely incompetent and deflects questions.,287,train,train
96,9,How do members of your community view the level of violence during the Capitol riot compared to the BLM protests?,"The Capitol riot had less violence and damage compared to BLM protests, which caused much more destruction.","The Capitol riot was a violent insurrection with intent to harm, unlike the mostly peaceful BLM protests.",,The Capitol riot was less violent; BLM protests caused more widespread destruction and damage.,"The Capitol riot was not as violent as the BLM riots, which involved extensive looting and burning.",288,train,train
96,9,What is your opinion on the law enforcement response during the Capitol riot compared to other protests?,The law enforcement response was inconsistent and unfair compared to the harsh treatment of BLM protesters.,Law enforcement was unprepared and lenient during the Capitol riot but harsh on BLM protesters.,,"Law enforcement was too lenient on the Capitol rioters, unlike the more appropriate response to BLM protests.",Law enforcement was too lenient on BLM protesters while being unfairly harsh on Capitol protesters.,289,train,train
96,9,"According to your community, who is to blame for the events of January 6th at the Capitol?",The blame lies with the government for not addressing the grievances of the protesters.,Trump and his supporters are to blame for inciting the riot and attacking democracy.,,"The blame is on extremists and agitators, not the majority of peaceful Trump supporters.",The blame lies with Antifa infiltrators and the media's false narrative.,290,train,train
97,26,What is a common critique of the current tax system in the United States?,"The system is inefficient, full of loopholes, and imposes taxes unfairly, benefiting the rich.",,"The tax system is complex, with many loopholes that allow the wealthy to pay less than their fair share.",The tax system is overly complicated and unfairly targets the middle class and small businesses.,The IRS and the tax system overreach their authority and burden working-class Americans.,291,train,train
97,26,How do members of your community feel about taxing capital gains as ordinary income?,"It would be detrimental, discouraging investment and hurting economic growth.",,It’s a viable option if done correctly to avoid loopholes and ensure the wealthy pay their fair share.,It would burden investors and small businesses and discourage economic growth.,It’s another example of government overreach targeting successful individuals.,292,train,train
97,26,What are some proposed alternatives to the current income tax system discussed in your community?,Alternatives like a flat tax rate or a consumption tax are often mentioned.,,Proposals include a VAT with prebates or a more progressive tax system with fewer loopholes.,A flat tax or national sales tax where everyone pays the same rate is often proposed.,Many advocate for replacing income tax with a federal sales tax or significantly lowering taxes altogether.,293,train,train
98,9,Who do you think was primarily responsible for the events at the Capitol on January 6th?,"Trump and his advisors, who encouraged the rioters.",Trump and his supporters who believed his election fraud lies.,,"The rioters themselves, but the media exaggerates the event.",The Democrats and FBI instigators set up the patriots.,294,test,train
98,9,How do you view the differences between BLM protests and the Capitol riot?,"Both are violent, but BLM has state-sponsored grievances.","BLM seeks justice against state violence, unlike the Capitol rioters.",,BLM riots caused more damage and were more widespread.,"BLM was more destructive, and the Capitol event was exaggerated.",295,test,train
98,9,Do you think the Capitol riot should be labeled as an insurrection or something else?,It was an insurrection instigated by Trump.,"Yes, it was an insurrection against democracy.",,"No, it was not an insurrection, just a protest gone wrong.","Definitely not, it was a setup and exaggerated by the media.",296,test,train
99,0,Why do some people believe that vaccination mandates are a form of control?,"Mandates are seen as government overreach, infringing on personal freedom.",They don't; mandates are public health measures to protect everyone.,,It's conditioning society to accept more government control over personal decisions.,They enable government overreach and pave the way for more invasive controls like vaccine passports.,297,test,train
99,0,What reasons do people give for not trusting the COVID-19 vaccines?,"Concerns over long-term effects, rushed trials, and government misinformation.",Usually due to misinformation and politicization by certain media and leaders.,,"Lack of long-term data, side effects, and distrust in how the pandemic was handled.","Misinformation, rushed approval, and potential hidden agendas behind the mandates.",298,test,train
99,0,How do people from different viewpoints feel about the role of the government in pandemic responses?,Government intervention should be minimal; focus on individual responsibility.,"Government should lead, enforce health measures, and provide resources and guidelines.",,"Mixed feelings; some measures were necessary, but overreach was common.",Government should provide guidance but not enforce strict mandates or lockdowns.,299,test,train
100,46,What are your thoughts on the effectiveness of the two-party system in the US?,The two-party system is a scam; it's all about maintaining the status quo and oppressing us.,The two-party system is flawed; other countries with multiple parties don't have the same problems.,,"The two-party system is deeply entrenched, but we need more compromise across the aisle.",The two-party system is failing us; both sides are corrupt and don't truly represent the people.,300,train,train
100,46,How do you feel about the Democrats' chances in the upcoming midterms?,I hope they get destroyed; they've never deserved it more.,"We have a fighting shot at keeping the majority, but it's going to be close.",,"Republicans will probably win the house, and the Senate will be extremely close.","It's a tough call, but I have doubts about Democrats winning given their current policies.",301,train,train
100,46,What do you think about the current state of the Republican party?,The Republican party is just as bad as the Democrats; both are part of the problem.,The Republican party is a threat to democracy and needs to be reformed or dissolved.,,The GOP needs to get rid of RINOs and focus on American nationalism and the Constitution.,"The GOP has issues, but Trump and his followers bring a needed change to the party.",302,train,train
