text_chunk_id,topic_id,question,answer_keto,answer_WeightLossAdvice,answer_EDAnonymous,question_id,split,split_by_topic
0,17,What's a typical fasting schedule you follow to support your diet or weight loss goals?,"I usually do intermittent fasting with a 16:8 schedule, eating only between 12 pm and 8 pm.","I follow a 16:8 intermittent fasting schedule, eating from noon to 8 pm.","I tend to do 24-hour fasts once or twice a week, but it's really challenging.",0,train,test
0,17,How do you manage electrolytes during long fasts?,"I take a tsp of salt, and potassium, magnesium, and calcium supplements.",I use electrolytes supplements to avoid feeling unwell.,"I try to stay hydrated and might take supplements, but it’s tough.",1,train,test
0,17,How does fasting impact your workout routine?,I avoid heavy workouts during fasting and stick to moderate intensity cardio.,"I do my workouts at the end of my fast, usually an hour lifting session.","Fasting usually makes it hard to concentrate during workouts, so I struggle.",2,train,test
1,12,What type of exercise do members recommend for someone with bad knees?,Biking or walking on an inclined treadmill. Both are easier on the joints.,Body weight exercises or walking. Swimming is also good for bad knees.,Walking or using a recumbent bike. Both are gentle on the knees.,3,train,train
1,12,How can someone make walking on a treadmill less boring?,Watch TV shows or movies while walking. It helps pass the time.,Listen to podcasts or audiobooks. It keeps your mind engaged.,Try walking at a steep incline while watching Netflix. It makes it more challenging.,4,train,train
1,12,What are some ways to incorporate more movement into a sedentary lifestyle?,"Take the stairs, walk your dogs, and move furniture for fun.","Park further away, walk during lunch breaks, and take multiple small walks.","Pacing, walking while doing errands, and using step counters for motivation.",5,train,train
2,20,What changes to your diet have you noticed help with reducing acne or rashes?,Cutting out dairy and processed foods helped clear my acne.,Drinking lots of water and avoiding sugary foods improved my skin.,Eating more fats and reducing processed foods helped my skin clear up.,6,train,train
2,20,How do you manage dry skin while following your current diet or fitness routine?,I use extra sodium and hydrate with water mixed with Morton’s lite salt.,I use a sensitive skin body lotion and coconut oil to prevent dryness.,I use an in-shower moisturizer and apply lotion after showering.,7,train,train
2,20,"Have you experienced any skin issues when starting a new diet or workout regimen, and how did you address them?","Yes, I got keto rash and used aloe vera and probiotics.","Yes, I had breakouts and started a new skincare routine.","Yes, I had severe acne and used antibiotics and topical creams prescribed by my doctor.",8,train,train
3,29,What are some natural ways to help with constipation discussed by users?,"Walking, drinking coffee, eating more leafy greens, and using psyllium husk.","Drinking hot water with lemon, increasing fiber intake, and drinking plenty of water.","Drinking sauerkraut juice, eating fiber-rich foods like prunes and dates, and drinking lots of liquid.",9,train,train
3,29,How do users suggest dealing with constipation caused by a low-fiber diet?,Consider adding magnesium citrate or psyllium husk to your diet.,Increase fiber intake with foods like oatmeal and brown rice or fiber supplements.,"Drink lots of water, use stool softeners, and take magnesium at night.",10,train,train
3,29,What are the potential negative effects of using laxatives frequently?,Regular laxative use can wash out your gut microbiome and lead to dependency.,"Prolonged use can cause mineral deficiency, dehydration, and chronic constipation.","It can lead to hemorrhoids, a dependence on laxatives, and potentially permanent digestive issues.",11,train,train
4,65,How do users typically react to downvotes in your subreddit?,"Many users find downvotes irrational and frustrating, leading to defensive or sarcastic responses.",Users often view downvotes as a sign of hurt feelings and react with frustration or dismissal.,"Downvotes cause distress, but users often apologize if their comments are misunderstood or hurtful.",12,train,train
4,65,What is the general attitude towards giving and receiving advice in your subreddit?,The community encourages research and self-education but can be harsh towards repetitive or low-effort questions.,"Advice is generally given straightforwardly, but misunderstandings and harsh tones are not uncommon.","The atmosphere is supportive, with apologies offered if advice or comments are misinterpreted.",13,train,train
4,65,How do members respond to accusations of being rude or offensive in your subreddit?,"Responses vary from defensive to apologetic, and arguments often ensue.","Members often stand their ground, with some justifying their bluntness as honesty.","Apologies are frequent, and users often clarify their intent to avoid misunderstandings.",14,train,train
5,24,What is considered a low-calorie intake per day for weight loss?,Below 1200 calories is often considered very low and unsustainable for most.,Consuming less than 1200 calories a day is too low and can harm your metabolism.,Anything below 1200 calories is seen as unsustainable and dangerous for long-term health.,15,train,test
5,24,How does physical activity affect calorie requirements?,Higher activity levels mean you can eat more calories and still maintain or lose weight.,"Increased physical activity raises your calorie needs, so you can eat more while still losing weight.",More physical activity generally means you can consume more calories without gaining weight.,16,train,test
5,24,What are the potential dangers of eating too few calories?,Eating too few calories can slow down your metabolism and harm your health.,Consuming too few calories can lead to metabolic adaptation and muscle loss.,Extremely low calorie intake can cause long-term damage to metabolism and organ function.,17,train,test
6,43,How can you tell if your partner's comments are coming from a place of insecurity?,"If he tries to reassert control or gets jealous of your progress, it's insecurity.",He might make negative remarks when you're improving yourself or doing better than him.,Insecurity shows if he belittles you to feel better about himself or prefers you being unwell.,18,train,train
6,43,What are some signs that it's time to leave a toxic relationship?,"If he undermines or is unsupportive of your progress, it's time to leave.",Persistent lack of support and attempts to bring you down are signs to leave.,"When his actions consistently harm your mental health and self-worth, it's time to go.",19,train,train
6,43,How should you approach discussing your feelings with a partner who may not understand your mental health struggles?,Frame the conversation around shared concerns and possible solutions.,Have a heart-to-heart to explain your feelings and ask for support.,Be straightforward about how his actions affect you and seek mutual understanding.,20,train,train
7,100,What is a common snack you can have to curb your cravings?,"Almonds, turkey pepperoni, or a protein shake.","Fruit like strawberries or blueberries, or dark chocolate.",Sugar-free breath mints or diet beverages.,21,train,train
7,100,How can you distract yourself when cravings hit?,"Take a walk, clean the house, or engage in another activity.","Find distractions like exercising, drinking water, or chewing gum.","Watch cooking videos, clean, or drink diet beverages.",22,train,train
7,100,How important is it to keep tempting foods out of your house?,Very important; it helps avoid giving in to cravings.,"Essential; not having ""crap"" at home helps a lot.",Crucial; it reduces the temptation to binge.,23,train,train
8,70,What are some of the medications mentioned for managing blood pressure?,"Lisinopril, losartan, amlodipino, metropolol.","Beta blockers, phentermine.","Lamotrigine, lamictal, beta blockers.",24,test,train
8,70,How can diet influence blood pressure according to the comments?,Keto can reduce blood pressure by lowering insulin levels and inflammation.,Reducing salt and losing weight can help lower blood pressure.,Low sodium and healthy eating can help bring down blood pressure.,25,test,train
8,70,How does exercise impact blood pressure based on the comments?,"Exercise, like walking or biking, can help lower blood pressure.",Cardio and strength training can positively impact blood pressure.,Light cardio and consistent exercise can help improve blood pressure.,26,test,train
9,32,How do members of your community handle the craving for nicotine after quitting smoking?  ,"Drink lots of water and distract yourself. It’s tough, but you can do it.  ","Nicotine patches help, and I keep myself busy to avoid cravings.  ","I vape a lot instead of eating, though it’s not ideal.  ",27,train,test
9,32,What strategies do you use to manage the munchies when smoking weed?  ,Drink lots of liquids and distract yourself from food.  ,Plan your munchies and use zero-calorie snacks like pickles or popcorn.  ,"Fasting helps me; otherwise, I end up binge eating.  ",28,train,test
9,32,How does smoking weed impact your weight loss journey?  ,"Weed helps with exercise, but I avoid smoking before workouts.  ","It can curb emotional eating but also causes munchies, so I plan my meals.  ","It makes me binge, so I avoid it even though it helps with anxiety.  ",29,train,test
10,73,What supplements should you consider if you are following a keto diet and want to ensure you're getting enough vitamin D?,"Vitamin D3, magnesium, and possibly a multivitamin with vitamin K2.","A vitamin D supplement, especially if not getting enough sunlight.","Vitamin D3, and consider taking it with calcium for better absorption.",30,test,train
10,73,How should you take iron supplements to maximize their absorption?,Take iron with vitamin C but separate from calcium supplements.,Take iron with vitamin C and avoid calcium at the same time.,Take iron with vitamin C and avoid taking it with calcium.,31,test,train
10,73,What are some concerns about taking high doses of fat-soluble vitamins without medical supervision?,"Overdosing and potential buildup in the body, especially vitamin A.","Risk of toxicity, particularly with vitamins like A and D.",Fat-soluble vitamins can accumulate and cause health problems if not monitored.,32,test,train
11,148,How can breastfeeding impact postpartum weight loss?  ,"Breastfeeding burns tons of calories, helping with baby weight loss.  ","Breastfeeding burns lots of calories, so it can aid in postpartum weight loss.  ",Breastfeeding helps with weight loss as it burns a lot of calories.  ,33,train,train
11,148,What are some dietary adjustments recommended postpartum?  ,"Cut out breads, pastas, and refined sugars; eat healthily.  ",Focus on eating nutrient-rich foods and avoid deep-fried foods.  ,Eat nutrient-rich foods to support both you and your baby.  ,34,train,train
11,148,What role do hormones play in postpartum weight management?  ,Hormones from breastfeeding can affect weight loss.  ,Hormones can cause fluctuations in weight and appetite.  ,Hormones are a significant factor in postpartum weight changes.  ,35,train,train
12,36,How did your birth control method affect your weight or menstrual cycle?  ,My Mirena IUD stopped my periods completely and didn't cause any weight gain.  ,I gained 30 pounds after starting a new birth control pill in February.  ,The mini pill caused several months of bleeding and extreme mood swings.,36,train,train
12,36,Have you experienced any changes in your menstrual cycle after starting intermittent fasting or changing your diet?  ,"Yes, a lighter form of intermittent fasting made me lose my period temporarily, but it came back after stopping.  ","Exercise and calorie restriction definitely impacted my period, sometimes causing delays or missing periods.  ",Heavy exercise stopped my period; it wasn’t weight-related but due to intense workouts.,37,train,train
12,36,What has been your experience with the Depo shot regarding weight gain or menstrual changes?  ,Depo caused me to gain weight and brought out my PCOS symptoms.  ,"Depo made me gain a lot of weight, and I struggled to lose it despite working out.  ","Depo led to significant bloating and disrupted my periods, making me feel worse.",38,train,train
13,78,What are some strategies that have helped people with ADHD manage their appetite while on medications like Adderall or Vyvanse?,Grazing throughout the day and fasting can help manage appetite.,Calorically dense foods can help get necessary calories without eating large volumes.,Scheduling meals and staying hydrated can mitigate appetite changes.,39,train,train
13,78,How do ADHD medications like Vyvanse and Adderall impact your weight loss journey?,They suppress appetite and can help lose weight but hunger returns when meds wear off.,They can aid in reducing snacking and help stay in a calorie deficit.,They suppress appetite significantly but can lead to binging when not taken.,40,train,train
13,78,Have you noticed any changes in your eating habits or patterns since starting ADHD medication?,"Yes, I tend to eat less and sometimes forget to eat altogether.","Yes, I don't feel the need to snack as much, and my appetite is reduced.","Yes, I often skip meals and have a very reduced appetite.",41,train,train
14,99,How reliable do you find fitness trackers like Fitbit or Apple Watch for estimating calories burned?,"Trackers tend to overestimate calories burned by around 20-30%, so I don't rely on them completely.",Fitness trackers are not very accurate for estimating calories burned; I use them as rough guidelines.,"I think fitness trackers often overestimate calories burned, so I usually reduce the number it gives me.",42,train,train
14,99,Should you eat back the calories burned during exercise according to your fitness tracker?,"No, eating back exercise calories can erase your calorie deficit; it's better to ignore them.","No, I don't recommend eating them back. Just focus on maintaining a calorie deficit.","No, eating back those calories isn't reliable as the trackers overestimate.",43,train,train
14,99,How do you use fitness trackers to adjust your calorie intake for weight loss?,I set my activity level to sedentary and don’t account for extra calories burned through exercise.,I use the tracker’s data as a general guideline but always ensure my intake is below a set calorie goal.,I reduce the calories it shows by about 20-30% and adjust my intake accordingly.,44,train,train
15,48,How do you determine your Total Daily Energy Expenditure (TDEE)?,"You can use various TDEE calculators online to estimate it based on your height, weight, age, and activity level.","I suggest using apps like 'tdee tracker' or online calculators, then adjust based on personal tracking.","TDEE can be calculated with online calculators, but personal tracking and adjustments are often more accurate.",45,test,train
15,48,What should you do if you experience symptoms of too much calorie deficit?,Increase your calorie intake closer to your TDEE to alleviate symptoms and avoid health issues.,Consider reducing the deficit to make it more sustainable and avoid feeling awful or binging.,It’s advisable to temporarily eat closer to your maintenance or just under TDEE to stabilize.,46,test,train
15,48,How often should you recalculate your TDEE when losing weight?,Recalculate your TDEE as you lose weight to adjust your calorie goals and maintain progress.,Regularly update your TDEE calculations as your weight changes to ensure you remain in a deficit.,"Adjust your TDEE calculations periodically, especially if your activity level or weight changes significantly.",47,test,train
16,9,What is your preferred way to sweeten your coffee without using sugar?,I use sugar-free syrups like Torani or DaVinci.,I use stevia to sweeten my coffee.,I go for almond or cashew milk to add a bit of flavor.,48,train,train
16,9,How do you make your tea more flavorful without adding calories?,I add a teaspoon of rose water or fruit extracts.,I add lemon or mix in flavored teas without sugar.,I drink mint tea as it’s naturally sweet.,49,train,train
16,9,What is your favorite type of milk or creamer to use in coffee for a low-calorie option?,Heavy whipping cream or unsweetened almond milk.,I prefer using unsweetened vanilla almond milk.,Unsweetened cashew milk is my go-to.,50,train,train
17,2,What should you do if you feel like quitting your journey or progress?,Reach out to people on the sub who will be happy to help guide you.,Reflect on why you started and talk to people for support.,Seek validation and support from others and take baby steps.,51,test,train
17,2,How do you handle slip-ups or relapses during your journey?,"Recognize the detour, get back on track immediately, and keep going.","Identify the issue, accept it, and get back on the horse immediately.","Understand that relapses happen, seek help, and try to stay safe.",52,test,train
17,2,What are some ways to maintain motivation when starting a new habit or journey?,Visit the subreddit daily and establish good habits.,Use every tool to make consistency easier and develop the right psychology.,"Seek therapy, take baby steps, and find support from others.",53,test,train
18,124,What type of snacks do you recommend bringing for after a blood donation while following a keto diet?,"Parmesan cheese crisps, nuts like almonds, or a protein bar with low carbs.","A good hearty meal before and after, like a sandwich or something with protein.","A Gatorade or similar drink and a small meal as backup, depending on how your body feels.",54,train,train
18,124,How do you ensure you stay well-hydrated before donating blood?,"Drink lots of water the day before and day of, sometimes with added electrolytes.",Drink a lot of water the night before and on the day of donation.,"Drink lots of water starting the night before, ensuring hydration for quicker donation.",55,train,train
18,124,What should you avoid eating before donating plasma if you are on a keto diet?,Avoid high-fat foods like bacon as it can make your plasma cloudy.,"No specific food restrictions mentioned, just eat a hearty meal.","No specific restrictions, but ensure you're not too underweight or anemic.",56,train,train
19,19,What are some alternatives to traditional noodles that can be used in various dishes?,"Palmini noodles, konjac noodles, zucchini noodles, cauliflower rice.","Zucchini noodles, cauliflower rice, shirataki noodles.","Shirataki noodles, konjac noodles, zucchini noodles, riced cauliflower.",57,train,train
19,19,How do you prepare cauliflower to avoid the typical sulfur smell?,"Cook cauliflower longer to dissipate the sulfur smell, which gives it a nutty flavor.",Roasting cauliflower with olive oil and seasonings helps mask the sulfur smell.,Roasting or steaming cauliflower can help reduce the sulfur smell.,58,train,train
19,19,What seasonings do you recommend for adding flavor to roasted vegetables?,"Garlic salt, spicy grill seasoning, lemon juice.","Thyme, za'atar seasoning, paprika, garlic powder.","Garlic powder, soy sauce, chili garlic sauce.",59,train,train
20,10,What are some budget-friendly ways to buy new clothes after weight loss?,"Thrift stores, eBay, and online used clothing sites like Poshmark.","Thrift stores, Facebook Marketplace, and apps like Vinted and Depop.",Charity shops and op shops offer affordable options without triggering dysmorphia.,60,train,test
20,10,How do people manage clothing sizes that constantly change due to weight fluctuations?,"Take measurements regularly, try on old clothes, use elastic bands, or sew to adjust sizes.","Use safety pins, alter clothes with a sewing machine, or shop for stretchy pants.","Wear baggy clothes, alter with sewing skills, or use safety blanket clothes for comfort.",61,train,test
20,10,What are some physical or emotional reactions to fitting into different clothing sizes?,"Feeling ecstatic when fitting into smaller sizes, sometimes leading to happy tears.","Excitement and motivation to continue weight loss, but sometimes frustration with sizing.","Distorted self-perception, anxiety, and sometimes crying when clothes don't fit.",62,train,test
21,21,How has a keto diet impacted your blood glucose levels?,"Keto has helped stabilize my blood glucose, keeping it in a normal range without medication.","I’ve read that keto might be risky for diabetics due to ketoacidosis, especially if on certain medications.","Keto can cause blood sugar drops, making it hard to maintain stable glucose levels.",63,test,train
21,21,What role does metformin play in your diet or treatment plan?,"Metformin helps manage my diabetes alongside keto, keeping blood sugar levels low.",My doctor prescribed metformin to assist with weight loss and improve insulin sensitivity.,"Metformin was prescribed for my PCOS, but I didn’t like its side effects.",64,test,train
21,21,How do you monitor and manage hypoglycemia in your daily routine?,I monitor my blood glucose regularly and adjust my diet to prevent low sugar episodes.,"I use a glucose meter to check my levels and eat small, balanced meals to avoid drops.",I keep glucose tablets handy and eat small amounts of carbs if I feel symptoms of low blood sugar.,65,test,train
22,23,What are some reasons people experience hair loss on the keto diet?,Rapid weight loss and inadequate protein intake. Telogen effluvium.,Rapid weight loss and nutrient deficiencies. Consider zinc and protein.,Malnutrition and lack of protein. Stress can also cause it.,66,test,train
22,23,What supplements are recommended to help with hair regrowth?,"Biotin, collagen, silica, and possibly minoxidil.","Multivitamins, biotin, and spirulina.","Biotin, iron, zinc, and collagen. Inositol and MSM.",67,test,train
22,23,How do people typically address hair loss due to weight loss?,"Increase protein intake, take biotin, be patient.","Ensure balanced diet, take multivitamins, consult a doctor.","Take biotin and iron supplements, focus on eating more fats.",68,test,train
23,4,"What are the recommended daily amounts of sodium, potassium, and magnesium for someone following a keto diet?","5000mg sodium, 1000-4000mg potassium, and 400mg magnesium.","Sodium intake varies, but typical advice is between 2300mg and 4500mg potassium.","Sodium varies per person, magnesium 99mg max from supplements, potassium through foods.",69,train,train
23,4,How can you supplement your diet with potassium without using pills?,"Use lite salt or no-salt, add potassium-rich foods, or make ketoade.","Eat foods high in potassium like bananas, potatoes, and leafy greens.","Eat potassium-rich foods like sweet potatoes, lentils, and bananas.",70,train,train
23,4,What are the signs that you might need more magnesium in your diet?,Digestive upset or frequent bathroom trips may indicate too much magnesium; track intake.,"Muscle cramps, feeling lethargic, or seeing no results in workouts.",Anxiety and internal shaking can be signs of low magnesium.,71,train,train
24,42,How do you handle days when you feel excessively hungry while following an OMAD schedule?,"I listen to my body and break my fast if needed, sometimes switching to 2MAD.",I might eat some fruit or a small snack to manage my hunger.,I try to stay busy and distracted but sometimes end up binging.,72,train,train
24,42,What are the benefits you've experienced from doing OMAD?,"It saves me money, simplifies my routine, and helps with weight loss.","Improved energy, better sleep, and easier calorie tracking.",It helps control my binge eating and keeps my calorie intake lower.,73,train,train
24,42,What do you do if you can't consume enough calories in one meal during OMAD?,I might switch to a 20:4 schedule or incorporate a second meal occasionally.,I usually eat smaller meals throughout an 18:6 window instead.,I struggle with this too; sometimes I end up eating even less.,74,train,train
25,90,How has losing weight affected your libido?,My sex drive has increased significantly after losing weight.,My libido went through the roof after dropping weight.,My libido returned strongly during periods of weight restoration.,75,train,train
25,90,Do you have any fears associated with pregnancy?,"Yes, fear of an ectopic pregnancy and associated risks.","Yes, terrified of postpartum depression and weight gain.","Yes, fear of weight gain and body changes is a major worry.",76,train,train
25,90,What are your thoughts on adoption as an alternative to having biological children?,Adoption is a responsible choice given current world conditions.,Considering adoption due to health issues and genetic disorders.,"Adoption seems like a viable option, especially with ED-related concerns.",77,train,train
26,18,How do you typically recover after a cheat day?,"Get back to routine, don’t panic. Resume low-carb eating and stay consistent.",Return to usual calorie tracking and exercise. Don’t punish yourself.,"Resume restrictive eating, sometimes plan for more control next time.",78,train,train
26,18,What strategies do you use to prevent cheat days from turning into cheat weeks?,"Plan cheat days in advance, and set hard limits to avoid prolonging them.","Plan in advance, adjust weekly calories, and avoid labeling food as “cheat.”","Avoid cheat days; if necessary, plan small cheats to maintain control.",79,train,train
26,18,How do you mentally cope with the guilt of having a cheat meal?,"Focus on moving forward, guilt doesn’t help progress. Stay positive and consistent.",Remind yourself it's about balance; one cheat meal won't ruin progress.,"Struggle with guilt, often resort to restrictive behaviors to compensate.",80,train,train
27,31,What are some alternative beverages to diet soda that people have tried?,"Mio flavored water, La Croix, black tea, green tea, coffee.","Unflavored bubbly waters with liquid flavored drops, flavored water packets, milk occasionally.","Sparkling Ice, Monster Ultra, plain coffee, energy drinks.",81,test,train
27,31,How do artificial sweeteners in diet sodas affect some people's cravings?,They can make people crave more sugar and feel hungrier.,"Some say they don't affect cravings, others feel they cause more cravings.",They can make me crave sugar and mess with my appetite.,82,test,train
27,31,What do people do if they find the taste of diet sodas unappealing?,They might try naturally sweetened no-sugar cola or mix with lime juice.,Mixing diet sodas with a little fruit juice or switching to seltzer water.,They might try different brands or flavors like Coke Zero or Monster Ultra.,83,test,train
28,12,What type of equipment do you suggest for a home workout?,"Dumbbells, kettlebells, resistance bands, and ab wheels are great.",Resistance bands and bodyweight exercises are effective.,Consider getting an indoor bike or dumbbells.,84,test,train
28,12,How can running at a slow pace benefit someone on a fitness journey?,Running slowly keeps your heart rate steady and builds endurance without exhaustion.,Slow running is sustainable and prevents burnout.,It can be less intimidating and more manageable than fast running.,85,test,train
28,12,How can you incorporate more steps into your daily routine?,Walk for 3 miles a day; we've evolved to walk constantly.,"Park further away, use the bathroom furthest from your desk, and take extra blocks when walking your dog.","Walk to work, take longer routes, and avoid elevators.",86,test,train
29,42,How do you manage hunger during OMAD?  ,I drink a big cup of water if there are hunger pangs during the day.  ,Drinking coffee first thing in the morning helps suppress hunger until dinner.  ,I struggle until 5:30 pm when I’m okay again.,87,train,train
29,42,How do you adjust your OMAD schedule?  ,Adding a 36 or 48-hour fast in between can help.  ,Try intermittent fasting or two meals a day first.  ,I restrict to OMAD to manage my eating disorder tendencies.,88,train,train
29,42,What is your typical OMAD meal?  ,"Steak and broccoli, pork chops and green beans, and sometimes dessert.  ",A large satisfying meal that fits within my calorie budget.  ,"Konjac noodles with a ton of veggies, very low in calories but filling.",89,train,train
30,34,What are some recommended low-carb protein powders?,"Isopure Zero Carb, Dymatize, MyProtein Impact Whey Isolate.","Whey 80, Isolate protein powders.","Isopure, Designer Whey, Pure Protein.",90,train,train
30,34,Which protein shakes do people prefer for convenience?,"Premier Protein shakes, Quest ready-made shakes.","Fairlife protein shakes, Premier Protein drinks.","Premier Protein shakes, Orgain clean protein shake.",91,train,train
30,34,How do you enhance the flavor of protein shakes without adding too many carbs?,Mix with unsweetened almond milk and a tablespoon of heavy cream.,Blend with almond milk and unsweetened cocoa powder.,Use unsweetened almond milk and add a banana.,92,train,train
31,102,How does weight loss impact the appearance of tattoos?,"Tattoos can shrink or move slightly, but generally hold up well.","Tattoos may shrink or shift, especially on areas like the stomach.","Tattoos might look different, but they help me love my body more.",93,train,test
31,102,What precautions should be taken before getting a tattoo on a keto diet?,Eat a solid low-carb meal and supplement electrolytes.,Staying hydrated is more important than altering your diet.,Ensure you eat to avoid fainting; keep blood sugar up.,94,train,test
31,102,How do piercings hold up with significant weight fluctuations?,My nose piercing stayed fine and made me feel beautiful.,My tragus piercing wasn’t affected by weight changes.,Piercings can keloid when unhealthy; healing is better when healthy.,95,train,test
32,12,What types of exercises do you include in your daily routine and why?,I do weight lifting with various exercises like tricep extensions and plank ups to build muscle and strength.,I usually go for a walk and sometimes do yoga or light weight lifting to increase metabolism and feel more in tune with my body.,I walk a lot and sometimes use an elliptical trainer to avoid bulking up and because it's easy on my body.,96,test,train
32,12,How do you balance cardio and strength training in your exercise plan?,I focus primarily on strength training but include some running and incline walking for cardio benefits.,I mix both; weight lifting for muscle growth and cardio like walking or biking to burn more calories and improve heart health.,"I mostly do cardio, like walking and running, and occasionally add bodyweight exercises to avoid bulking up too much.",97,test,train
32,12,How do you stay motivated to keep up with your workouts?,Having a structured routine and the support from a personal trainer helps me stay committed.,Seeing progress in my fitness levels and integrating exercise into my daily routine keeps me motivated.,Watching videos or listening to podcasts while walking or running helps me stay interested and motivated.,98,test,train
33,72,What foods or drinks do you avoid to reduce bloating?,"Avoid alcohol, sugar alcohols, cruciferous vegetables, and sometimes dairy.","Avoid high-sodium foods, dairy, and high-fiber vegetables.","Avoid high-fiber fruits and vegetables, dairy, and sometimes large meals.",99,train,train
33,72,How do you manage bloating when it occurs?,"Drink more water, take electrolytes, and sometimes use apple cider vinegar or kombucha.","Drink lemon water, green tea, and sometimes use intermittent fasting.","Drink lots of water, use peppermint or dandelion tea, and avoid stress.",100,train,train
33,72,What role do probiotics play in managing bloating for you?,They help shift gut flora to reduce bloating.,Probiotics can help with gut health and reduce bloating.,"Probiotics, especially in pill form or fermented foods, help decrease bloating.",101,train,train
34,3,How often should you weigh yourself to track weight loss progress effectively?,Weekly is better to see trends; daily fluctuations can be misleading.,Once a week or every two weeks to avoid frustration from daily changes.,Avoid daily weigh-ins; it can trigger anxiety. Once a week at most.,102,train,test
34,3,What might cause sudden fluctuations in your weight from day to day?,"Water retention, digestive contents, and sodium intake.","Water retention, bowel movements, and hormone cycles.","Water weight, food intake, and daily bloat.",103,train,test
34,3,What should you do if you hit a weight loss plateau?,Change exercise routines or be more meticulous with macros.,Adjust calories and ensure adequate rest and recovery.,"Be patient, it's common; focus on consistent healthy habits.",104,train,test
35,80,How does taking progress photos help you see changes in your weight loss journey?,They show changes that the mirror doesn’t. Comparing old photos helps see progress.,Progress photos highlight changes that happen gradually and are hard to notice daily.,"Photos allow you to compare over time, revealing changes you might not see otherwise.",105,train,train
35,80,When do people usually start noticing weight loss according to your experience?,People often notice around 30-40lbs of loss; smaller changes are harder to spot.,"Around 10-20lbs for personal notice, but significant changes around 50lbs.","After about 20-30lbs, others might see it, but I struggle to notice even after losing more.",106,train,train
35,80,What other methods besides the scale do you use to track your weight loss progress?,"I use clothing fit, progress photos, and measurements to track progress.","Measurements, clothing fit, and progress photos are useful in tracking progress.","Clothing fit and progress photos, as the scale can be misleading.",107,train,train
36,23,What are some common causes of hair loss mentioned in these comments?,"Rapid weight loss and nutrient deficiencies, such as low protein or vitamin levels.","Drastic calorie deficits, lack of nutrients, and stress.","Malnutrition, particularly low protein and iron intake.",108,test,train
36,23,What supplements are suggested to help with hair regrowth?,"Biotin, collagen, and multivitamins.","Biotin, multivitamins, and collagen peptides.","Biotin, iron, and multivitamins.",109,test,train
36,23,"How do members suggest addressing dry, brittle hair from weight loss?",Ensure adequate protein intake and consider using moisturizing hair products.,Co-washing with conditioner and using coconut oil masks.,Avoid using heat on hair and adopt gentle hair care routines.,110,test,train
37,22,What was your starting weight and current weight in your weight loss journey?,Started at 330 and now down to 256.,"Started at 317 lbs, now at 224 lbs.","Started at 150, now at 100.",111,train,train
37,22,How long did it take you to lose a significant amount of weight?,100 lbs down in 7.5 months.,Took 7 months to lose 27 lbs.,Lost 20 lbs in three months.,112,train,train
37,22,What are some strategies you used to break through a weight loss plateau?,Strict calorie counting helped me start losing weight again.,Increased veggie portions and closed eating window.,Focused on intense fasting and cardio routines.,113,train,train
38,140,Which fitness tracker do you prefer for tracking workouts?,"I love my Fitbit, it's great for tracking my runs and steps.",I prefer the Apple Watch for its exercise tracking rings and convenience.,I've always used a Fitbit and it helps me monitor my activity and heart rate.,114,train,train
38,140,How do you feel about the battery life of your fitness tracker?,My Fitbit battery lasts up to a week unless I use all sensors.,I like that my Fitbit lasts several days on a full charge.,"My Fitbit lasts pretty long, but I get anxious when it runs out.",115,train,train
38,140,What motivates you to exercise using your fitness tracker?,Closing the rings on my Apple Watch keeps me motivated.,Seeing my progress on the Fitbit app and reaching step goals.,The reminders and achievements on my Fitbit keep me on track.,116,train,train
39,55,What is a common criticism of CICO mentioned in r/keto?,It's oversimplified and doesn't account for hormonal impacts on weight loss.,It doesn't teach healthy eating habits or a sustainable lifestyle.,It assumes all calories are the same and ignores individual variations in metabolism.,117,train,train
39,55,How do members of r/keto feel about the effectiveness of CICO compared to keto?,They believe keto can be more effective due to its impact on insulin and satiety.,They think CICO is a straightforward way to lose weight but find keto may help with craving management.,They acknowledge CICO works but find keto can simplify calorie restriction through reduced hunger.,118,train,train
39,55,What role do hormones play in weight loss according to r/keto members?,"Hormones like insulin significantly impact fat storage and hunger, affecting weight loss.","Hormones can affect how your body stores and uses calories, but CICO is still key.","Hormonal imbalances can change how your body processes nutrients, impacting CICO’s effectiveness.",119,train,train
40,56,What impact does keto have on thyroid medications like levothyroxine or Synthroid?,"Keto can make your body more sensitive to thyroid hormones, so medication dosages may need adjustment.","Keto may help with weight loss, but it's important to consult your doctor about how it interacts with your meds.","Some people feel better on keto, but it can complicate hypothyroidism management and medication effectiveness.",120,train,test
40,56,How often should thyroid hormone levels be checked when trying to lose weight with hypothyroidism?,"Get your thyroid levels checked every 3 to 6 months, especially if you lose a significant amount of weight.",Regular monitoring is essential; I'd suggest at least every 6 months or whenever you feel off.,"Minimum once a year, but ideally every 6 months to adjust meds as needed.",121,train,test
40,56,What are some common symptoms of untreated hypothyroidism that could interfere with weight loss?,"Weight gain, brain fog, depression, and fatigue.","Symptoms include extreme tiredness, depression, and difficulty losing weight.","Fatigue, weight gain, depression, and brittle nails or hair loss.",122,train,test
41,2,How do you stay motivated after experiencing setbacks?,"Keep going no matter what, even if progress stalls. We all have setbacks but persistence is key.","Focus on your goals, find a supportive buddy, and remember why you started.",Keep trying even after relapses. Acknowledge your progress and keep moving forward.,123,train,train
41,2,What advice would you give to someone who feels ashamed to ask for help?,"Don’t be embarrassed, everyone needs support. Find strategies to start again.",You deserve help. Seek therapy or talk to people who understand.,You’re not alone. Seeking help is a crucial step towards recovery and shows strength.,124,train,train
41,2,What strategies do you use to maintain a positive mindset during your recovery journey?,"Stay positive, inspire others, and embrace changes in your body.",Focus on routine over motivation. Remember your reasons and forgive yourself for slip-ups.,Accept that recovery isn’t linear. Stay compassionate and kind to yourself.,125,train,train
42,14,How do people react when you tell them you're on the keto diet?,Most people are supportive or curious. Some ask if it’s restrictive.,They often dismiss it as a fad or unhealthy.,They usually criticize it or call it a cult diet.,126,train,train
42,14,What are some common misconceptions about the keto diet?,People often think it’s just about eating bacon or that it causes ketoacidosis.,Many believe it's unhealthy and just a rebranded Atkins diet.,People think it's only for weight loss and ignore its medical origins.,127,train,train
42,14,Have you faced any negativity or criticism for following the keto diet?,"Yes, some think it’s a fad or unhealthy without understanding it.","Absolutely, people say it’s just a quick fix and unsustainable.","Definitely, many view it as a cult or overly restrictive.",128,train,train
43,15,How do you handle situations where family members push food on you despite your dietary preferences?,"I politely decline and say, ""I don’t eat that,"" then move on.","I set boundaries and explain my goals, asking them to respect my choices.","I try to avoid eating with them, or I’ll take the food and not eat it later.",129,train,train
43,15,What is a common reaction you receive when you refuse food in social settings?,People often make judgmental comments or question my choices.,They sometimes accuse me of being anorexic or judge my decisions.,I feel self-conscious as people often comment on my eating habits.,130,train,train
43,15,How do you respond to family members who criticize your diet or food choices?,"I avoid explaining too much and simply say, ""I watch what I eat.""",I communicate that I’m making healthy choices and ask them to support me.,I get frustrated and try to avoid talking about my eating habits with them.,131,train,train
44,96,How do you handle calorie counting when it becomes overwhelming?,I avoid tracking when it gets overwhelming and just follow my hunger cues.,"I find it tough but essential, so I push through and try to stay disciplined.",I stop counting and take pictures of my meals instead to avoid stress.,132,train,train
44,96,"Do you use any tools or apps to help with tracking your food intake? If so, which ones?",I use Cronometer to track my food and ensure I'm hitting my macros.,I use MyFitnessPal to log my calorie intake and keep myself accountable.,I don't use apps anymore because they make me obsessive; I just estimate mentally.,133,train,train
44,96,What are your thoughts on the effectiveness of eyeballing portion sizes instead of weighing them?,Eyeballing doesn't work well for me; a food scale is more accurate.,Eyeballing can be fine once you're familiar with portion sizes and what's appropriate.,I avoid weighing because it worsens my anxiety; I just estimate portions.,134,train,train
45,101,What are some common substitutes for oatmeal in a keto diet?,"Chia seeds, flax meal, and hemp seeds are popular substitutes.",I usually just stick with rolled oats or steel-cut oats.,I haven't found good substitutes; I prefer plain oatmeal.,135,train,train
45,101,How do you make your overnight oats to be more filling?,"Mix chia, flax seeds, and unsweetened almond milk.","I add protein powder, chia seeds, and frozen fruit.","I add peanut butter, banana, and some berries.",136,train,train
45,101,What are some ways to flavor your oatmeal without adding too many calories?,"Cinnamon, monkfruit sweetener, and nuts are good options.","I like adding berries, a spoon of yogurt, and some honey.","I use unsweetened cocoa, stevia, and a small amount of fruit.",137,train,train
46,32,What are some strategies to cope with cravings when quitting smoking?,"Replace cig breaks with something keto-friendly, like cheese or jumping jacks.",Use sweet gum or plan healthy snacks; drink lots of water or tea.,"Try vaping or use nicotine gum, but be aware of potential drawbacks.",138,train,test
46,32,How does smoking weed affect your eating habits?,"It causes munchies, leading to binge eating; some switch strains to avoid this.","It helps with mental health, but can lead to snacking; solutions include planning low-calorie snacks.",It can suppress appetite but may trigger disordered thoughts or binges.,139,train,test
46,32,What are the perceived benefits and drawbacks of using vaping to quit smoking?,"Vaping helped some quit smoking, but others find it disgusting and unhealthy.","It can help taper off nicotine, but doesn't address underlying habits.",Vaping can help with oral fixation but might cause dry mouth and other issues.,140,train,test
47,31,What are some keto-friendly alternatives to regular soda?,"Sparkling waters with a splash of Mio or lemon, and Coke Zero.","Diet soda, unsweetened teas, and sparkling flavored water.","Coke Zero, diet Dr. Pepper, and carbonated flavored waters.",141,train,train
47,31,How does diet soda affect your weight loss journey?,It doesn't impact my weight loss but can make me hungrier.,Helps with cravings but can make you feel hungrier.,Doesn't affect weight loss but can cause bloating and other side effects.,142,train,train
47,31,Why do some people prefer coke zero over diet coke?,New Coke Zero tastes more like regular Coca-Cola.,Coke Zero has a better taste and less sugar.,Coke Zero has a taste closer to regular cola and fewer calories.,143,train,train
48,34,"Which protein shake flavors do you prefer, and why?",I prefer the chocolate and caramel flavors from Premier Protein because they are low carb and taste like ice cream.,Fairlife chocolate protein shake is my go-to; it tastes exactly like chocolate milk and is low in sugar.,I like the gold standard whey protein in chocolate flavor; it mixes well and tastes good.,144,train,train
48,34,How do members in your community usually consume their protein powder?,I mix my protein powder with almond milk or add it to yogurt. Sometimes I use it in smoothies or desserts.,"I commonly mix protein powder with almond milk or water, but I also use it in yogurt or for baking.",I drink protein shakes or add protein powder to smoothies with almond milk and ice.,145,train,train
48,34,What are the common concerns members have about using protein powders?,"Whey protein powders can cause gut issues for some, and there are concerns about additives and sugars in some brands.","Some worry about the calories and whether it fits into their calorie deficit plan, while others are concerned about bloating.","Taste and texture are major concerns, along with bloating and the psychological struggle with caloric drinks.",146,train,train
49,103,"What are the common ingredients found in fat burner pills, and how do they affect the body?","Most fat burners contain high doses of caffeine and other stimulants, which can be harmful.","Common ingredients include caffeine, which can increase heart rate and metabolism, but they don't have significant effects.","They often contain caffeine and other stimulants, leading to increased heart rate and potential health issues.",147,train,train
49,103,Are there any natural alternatives to diet pills that are recommended for weight loss?,"Yes, natural fat burners like caffeine and apple cider vinegar are often suggested.",Natural alternatives include maintaining a healthy diet and regular exercise.,"Natural methods like eating clean, working out, and staying hydrated are preferred.",148,train,train
49,103,What is the general consensus among users about the effectiveness of diet pills for long-term weight loss?,Diet pills are widely viewed as scams and ineffective for long-term weight loss.,"They are considered ineffective and potentially harmful, with better long-term solutions being diet and exercise.","Diet pills are generally ineffective and can have serious side effects, making them a poor choice for long-term weight loss.",149,train,train
50,7,What strategies have you used to avoid binge eating when cravings hit?,I avoid binge triggers by not keeping them in the house and find other ways to cope with stress.,I go on a walk or pick up a new hobby to distract myself.,"I try to stay busy, drink coffee, or organize my room to keep my mind off food.",150,train,train
50,7,How do you deal with guilt after you've binged?,I focus on keeping my promises to myself and move on.,I remind myself it's okay and get back on track the next day.,I try to take small steps to adjust and reach out for support.,151,train,train
50,7,What are some common triggers that lead to binge eating for you?,Stress and using food as an emotional release are big triggers.,Emotional stress and having unhealthy foods in the house.,Feelings of extreme hunger and emotional distress lead me to binge.,152,train,train
51,19,How do you season and cook cauliflower in a pan?,I cook it with bacon fat and add it back into the dish after cooking.,"I mix it with olive oil, onion, pepper flakes, and some lemon juice.","I use olive oil, garlic powder, onion powder, and drizzle lemon juice on it.",153,train,train
51,19,What are some alternative bases you use instead of pasta?,Cauliflower rice or konjac noodles are good alternatives.,I prefer zoodles or couscous mixed with vegetables and proteins.,Shirataki or konjac noodles work well for me.,154,train,train
51,19,How do you prepare a quick and healthy meal with chicken?,"Season with salt and pepper, cook in a pan, then add vegetables.","Pan sear chicken with a little oil, serve with lettuce and tomato.",Microwave a frozen chicken breast and dip in vinegar.,155,train,train
52,156,"What do members of this subreddit generally believe ""starvation mode"" means?",It's when your body starts metabolizing muscle tissue after burning most fat reserves.,It's a myth; the body holds onto as much fat as it can during actual starvation.,It's not real in the sense commonly used; metabolic adaptations are the actual phenomenon.,156,train,train
52,156,How do members of this subreddit view the impact of metabolic slowdown on weight loss?,It's minimal if you're in ketosis and eating protein and electrolytes.,Metabolic slowdown happens but you’ll still lose weight if in a deficit.,"Metabolic slowdown occurs, but it doesn’t prevent weight loss; it’s more about energy conservation.",157,train,train
52,156,"At what point do members believe ""starvation mode"" actually becomes a concern?",When you are significantly below 10% body fat and extremely malnourished.,When you are literally starving to death with severe malnutrition.,"When your body starts shutting down non-essential functions, like menstruation and body temperature regulation.",158,train,train
53,83,How has quarantine affected your weight loss or gain?,Quarantine made me gain some weight back. I need to get back on track.,I gained about 30 pounds during quarantine and am working on losing it again.,"I gained a significant amount of weight during quarantine, and it's a major trigger for me.",159,test,train
53,83,What strategies have you used to manage your weight during the pandemic?,I've been using keto and intermittent fasting to manage my weight.,Tracking macros and increasing physical activity helped me.,Trying to manage stress and not binge has been my focus.,160,test,train
53,83,How has the pandemic impacted your routine and diet?,"My routine was disrupted, leading to emotional eating and weight gain.","I had to stop going to the gym, which negatively impacted my fitness goals.","The pandemic made me switch from a fairly active lifestyle to a sedentary one, resulting in weight gain.",161,test,train
54,1,How do people treat you after losing weight?,People are kinder but sometimes it's fake. I find it uncomfortable.,People are generally nicer and more attentive. It’s a good filter for true friends.,"They treat me differently, often fixating on my appearance which makes me uncomfortable.",162,train,train
54,1,How do you feel about compliments on your weight loss?,It makes me uneasy and I prefer not to discuss it openly.,"It's fine initially, but constant comments can be derailing and frustrating.",Compliments make me uncomfortable and often feel insincere or triggering.,163,train,train
54,1,What motivates you to lose weight despite negative comments from others?,"I want to improve my own health and appearance for myself, not for others.","I focus on my health and well-being, disregarding others' opinions.","My motivation is often tied to my self-perception and desire for control, not external validation.",164,train,train
55,2,What keeps you motivated during challenging times in your journey?,Reading success stories and setting daily goals.,"Building habits and focusing on small, consistent improvements.",Reaching out for support and remembering my worth.,165,train,train
55,2,How do you handle setbacks or relapses in your journey?,"I remind myself it's about progress, not perfection, and get back on track.",I use each failure as a learning step and try again with new strategies.,I talk to supportive people and seek professional help if needed.,166,train,train
55,2,What role does external support play in your progress?,It’s crucial; the community’s encouragement keeps me going.,Support from the sub and therapy are key to staying on track.,"It’s vital; without my support system, progress feels impossible.",167,train,train
56,54,What strategies do you use to overcome sugar cravings?,"Avoiding sweets altogether, eating more keto-friendly foods like deviled eggs, and using non-sweet alternatives like spicy pickles.","I use higher-protein and lower-carb diets, chew gum, or drink flavored water to curb sugar cravings.","I distract myself with savory foods, use sugar alternatives like erythritol, or address the emotional needs triggering cravings.",168,test,train
56,54,How long does it typically take for sugar cravings to diminish after quitting sugar?,"It varies, but usually takes about 3 days to a week for cravings to subside.",Typically around two weeks to reset taste buds and reduce cravings.,"It can take several weeks or even months, but the intensity of cravings tends to decrease over time.",169,test,train
56,54,What are some common triggers for sugar cravings that you have identified?,"Stress, boredom, and sensory triggers like seeing or smelling sweets.","Lack of protein, high carb intake, and emotional triggers like stress or boredom.","Emotional needs like seeking comfort, boredom, and restrictive eating patterns.",170,test,train
57,7,How do you handle feelings of guilt after a binge eating episode?,I remind myself that relapse is part of beating addiction and not a reason to call myself a failure.,"I practice self-love and self-forgiveness, understand that it's a process, and try to learn from it.",I write down every negative aspect of the binge episode to remind myself how it feels.,171,train,train
57,7,What strategies do you use to avoid emotional eating?,I find other activities like hobbies or rearranging my room to distract myself from emotional eating.,I try meditation or find a new hobby to disconnect eating from emotions.,I stay busy with physical work or other tasks to keep my mind off food.,172,train,train
57,7,What methods do you use to manage food cravings when you are stressed or anxious?,I remind myself that food is only beneficial for nutrients and try to focus on other activities.,I take a short walk and check in with myself to see if I'm really hungry.,"I try to ride out the cravings until they pass, sometimes by distracting myself with chores.",173,train,train
58,37,What have been your experiences with Wellbutrin regarding weight loss or gain?,"Wellbutrin helped me lose weight initially, but it wasn’t sustainable.",I lost some weight after 6 months on Wellbutrin.,"Wellbutrin reduced my appetite, but no significant weight loss.",174,train,train
58,37,How has Lexapro affected your weight and appetite?,Lexapro increased my appetite and caused weight gain.,It made me constantly hungry and led to weight gain.,"Lexapro initially curbed my appetite, causing weight loss.",175,train,train
58,37,Have you found any antidepressants that do not affect your weight?,Prozac didn’t cause weight gain for me.,Wellbutrin is generally weight-neutral for me.,Citalopram was weight-neutral in my experience.,176,train,train
59,17,What is the typical duration of intermittent fasting that you follow?,"Typically, I follow a 16:8 or 18:6 fasting schedule.",I usually fast for 16 hours and eat within an 8-hour window.,"I can fast for 24 hours, but maintaining it longer is hard.",177,train,test
59,17,How do you break your fast effectively?,"I break my fast with small quantities of fat and protein, like bone broth or a small meal.",I break my fast with a smoothie or Greek yogurt.,I struggle to break my fast in a healthy way; I sometimes binge.,178,train,test
59,17,What role does calorie tracking play in your fasting routine?,I don't usually track calories but focus on my fasting window.,Calorie tracking is crucial to ensure I'm in a deficit.,I don't track calories; I focus more on the fasting duration.,179,train,test
60,24,How many calories per day is considered too low to maintain a healthy weight for most people?,Below 1200 calories is generally too low.,Less than 1200 calories a day is not recommended.,Anything under 1200 calories is considered very low and unhealthy.,180,train,test
60,24,What might be a reason for not losing weight despite eating at a calorie deficit?,You might be underestimating your calorie intake or overestimating your calorie burn.,You might not be accurately tracking your calories or there could be hidden calories in your meals.,Your metabolism could be slowed down due to too harsh a calorie restriction.,181,train,test
60,24,How should you adjust your calorie intake if you notice you're not losing weight on your current diet?,"Recalculate your maintenance and deficit using a calculator, and ensure you are accurately tracking your intake.",Reassess your calorie intake and consider reducing it slightly or increasing physical activity.,Gradually increase your calories to avoid metabolic slowdown and ensure proper nutrient intake.,182,train,test
61,24,How many calories per day is considered too low for an adult woman aiming to lose weight?,"1200 calories is often the bare minimum, with some considering 1000 calories too low.","1200 calories is the recommended minimum, anything below that can be dangerous.","1200 calories is generally considered the minimum, but some go as low as 800-1000 calories.",183,train,test
61,24,What is the benefit of using a food scale when aiming for a calorie deficit?,A food scale helps accurately track calories to avoid underestimation.,It helps ensure precise calorie tracking and avoid miscalculations.,"It helps maintain accurate calorie counts, which is crucial for weight loss.",184,train,test
61,24,What effects might occur from consistently consuming fewer than 1000 calories per day?,"It can do more harm long term, like slowing metabolism.",It can slow your metabolism and make your body think it's starving.,It can lead to severe health problems and long-term damage.,185,train,test
62,3,How often should you weigh yourself to avoid getting discouraged by daily fluctuations?,Weekly or biweekly to avoid daily fluctuations.,Weekly is better to avoid stress from daily changes.,Avoid daily weighing; try weekly or even less often.,186,train,test
62,3,What might cause sudden weight gain after starting a new workout routine?,It’s just water weight from muscle adjustment.,Water retention due to inflammation and muscle repair.,Water retention is common after starting a workout.,187,train,test
62,3,How should you handle weight plateaus during your weight loss journey?,Focus on other metrics like measurements or clothing fit.,Track trends over months and adjust if necessary.,Be patient and consider other factors like cycle and salt intake.,188,train,test
63,19,What do you recommend adding to cauliflower rice to make it more flavorful?,"Add cheese, cream, and spices like garlic and pepper.","Mix in some vegetables like peas and carrots, and season with soy sauce.","Add some garlic, soy sauce, and frozen peas and corn for a fried rice effect.",189,train,train
63,19,How do you cook chicken to keep it moist while adding flavor?,"Cook it in butter, add cream at the end, and season well.","Bake it with some olive oil, seasonings, and cover with foil.","Cut it into cubes, steam it first, and then pan fry it with some seasoning.",190,train,train
63,19,What are some healthy toppings for a salad that make it more filling?,"Add bacon, cheese, and a fatty dressing like Caesar or ranch.","Include grilled chicken or tuna, and a low-calorie dressing like vinaigrette.","Add some lemon juice, a few walnuts, and a sprinkle of feta cheese.",191,train,train
64,44,What is the general opinion on the accuracy of BMI for determining a healthy weight?,Many think BMI isn't the best metric and prefer using other measurements like body fat percentage or waist circumference.,"BMI is often seen as flawed, especially for athletes or those with more muscle mass.","Some trust BMI as a straightforward measure, while others acknowledge its limitations and prefer body fat percentage.",192,train,train
64,44,How do members feel about setting weight goals based on BMI?,"Weight goals should be personal, and BMI is just one of many tools. Goals can also involve muscle building.","Many suggest focusing on how you feel and look rather than strictly on BMI, and consultations with doctors are recommended.","There's a mixed sense; some focus heavily on BMI, while others are cautious about the potential for disordered thinking.",193,train,train
64,44,What alternative methods are recommended to assess body composition and health?,"Body fat percentage, waist circumference, and muscle measurements are preferred methods.","Body fat percentage, muscle mass, and how you feel overall are good indicators.","Measurements, body fat percentage, and personal health assessments are often recommended over BMI alone.",194,train,train
65,44,What is a common criticism of BMI mentioned in these comments?,"BMI doesn't account for body composition, like muscle vs. fat.",BMI is outdated and doesn't consider factors like muscle mass.,BMI doesn't take into account different body types and muscle mass.,195,train,train
65,44,How do members suggest tracking health and fitness besides BMI?,"Focus on waist measurement, body fat percentage, and physical abilities.",Use waist-to-height ratio and consider overall fitness and health.,Consider body fat percentage and overall physical health rather than just BMI.,196,train,train
65,44,"What ranges of weight are considered normal or healthy for someone who is 5'4"" according to these members?",Around 105-120 lbs is considered ideal for that height.,"117-143 lbs is the average range for a 5'4"" female.","Healthy BMI range is 18.5-24.9, which varies per individual.",197,train,train
66,44,How do members of your community typically view the accuracy of BMI as a measurement?,"BMI is generally seen as a decent guideline but has its limitations, especially for athletes or those with high muscle mass.","Many believe BMI is flawed, especially for those with different body compositions, though it's still used as a general indicator.","BMI is often viewed as inaccurate and not a good standard for individuals, especially for those with eating disorders or unique body compositions.",198,train,train
66,44,"What is considered a ""normal"" weight for someone who is 5'10"" according to your subreddit?","Normal weight for 5'10"" ranges from around 150-170 lbs, but muscle mass can make a difference.","5'10"" and 160-180 lbs is usually considered healthy, but personal feelings and body composition matter.","At 5'10"", a ""normal"" weight might fall within BMI guidelines, but personal factors and the risk of being underweight are considered.",199,train,train
66,44,How do the members in your community deal with loose skin after significant weight loss?,"Some members focus on muscle building, while others consider surgery for loose skin.","Loose skin is often managed by building muscle or considering surgical options, but acceptance is also encouraged.","Discussions often revolve around accepting one's body post-weight loss, but some consider surgery if it significantly affects self-esteem.",200,train,train
67,4,"What are the typical daily amounts of sodium, potassium, and magnesium recommended for someone on a keto diet?","5000mg sodium, 1000mg potassium, 300mg magnesium.","Varies; usually, sodium is less emphasized compared to total caloric intake.","Sodium and electrolytes are crucial, especially sodium for hydration and magnesium for muscle function.",201,train,train
67,4,Why might someone on a keto diet choose to make their own electrolyte drink instead of buying commercial electrolyte products?,It's more cost-effective and can be customized for individual needs.,Gatorade and similar drinks are often criticized for high sugar content.,Homemade options can avoid unnecessary calories and sugar.,202,train,train
67,4,What are some common side effects of not getting enough electrolytes?,"Muscle cramps, fatigue, dehydration.","Water retention, bloating, dizziness.","Nausea, headaches, dizziness, electrolyte imbalance.",203,train,train
68,27,What role does collagen play in skin tightening after weight loss?,"Collagen helps improve skin elasticity, aiding in tightening loose skin after weight loss.","Collagen supplements might help with skin elasticity, but results vary.","Collagen can assist, but its impact is minimal compared to other factors like genetics and age.",204,train,train
68,27,How does intermittent fasting contribute to addressing loose skin issues?,"Intermittent fasting promotes autophagy, which can help recycle and tighten loose skin.","Intermittent fasting might help through autophagy, but it's not guaranteed to tighten loose skin.","It may aid through autophagy, but the results are usually not significant without surgery.",205,train,train
68,27,Can muscle building exercises reduce the appearance of loose skin?,Building muscle helps to fill in areas of loose skin and improves overall appearance.,"Yes, increasing body mass through muscle building can reduce the appearance of loose skin.",Muscle building can slightly improve the appearance but won't eliminate loose skin completely.,206,train,train
69,5,How do you manage social drinking while trying to stay on a diet?,I drink vodka soda or spirits with diet cola; low-carb options.,I have one drink max per day and count the calories.,I usually drink spirits with zero-calorie mixers and avoid beer.,207,train,test
69,5,What are the effects of alcohol on your weight loss progress?,Alcohol slows down fat burning and can cause bloating.,It adds empty calories and can hinder fat burning.,Alcohol makes me binge eat and hinders my weight loss.,208,train,test
69,5,What low-carb alcohol options do you prefer?,I prefer Michelob Ultra and spirits like vodka or whiskey.,I prefer vodka with soda water or hard seltzers.,I prefer plain vodka with sparkling water and lime.,209,train,test
70,56,What are some symptoms or signs of thyroid issues that people have experienced while on a keto diet?,"Feeling extremely cold, hair thinning, and fatigue are common.","You may see weight gain, and lowered energy levels.","Weight gain, hair loss, dry skin, and extreme tiredness.",210,train,test
70,56,How do people on different diets manage their hypothyroidism medication?,They often adjust their macros and continue levothyroxine or synthroid.,They consult with endocrinologists for optimal T3 and T4 levels.,They focus on ensuring their medication dosages are accurate and consistent.,211,train,test
70,56,What are some challenges faced by individuals with hypothyroidism who are trying to lose weight?,Difficulty losing weight even with strict keto adherence.,Slow weight loss despite caloric deficit and exercise.,Struggling with feelings of fatigue and ineffective metabolism.,212,train,test
71,44,How does BMI account for muscle mass versus fat?,BMI doesn't differentiate between fat and muscle; it's outdated.,"BMI doesn't consider muscle mass, so it's not very accurate.",BMI is less forgiving for tall people and doesn't separate muscle from fat.,213,train,train
71,44,"What is a healthy weight range for someone who is 5'9""?","For 5'9"", a healthy weight could vary, but BMI calculators say around 140-170 lbs.","A healthy weight for 5'9"" is typically between 125-170 lbs.","At 5'9"", a BMI of 18.5-24.9 suggests a healthy range of 125-168 lbs.",214,train,train
71,44,Why do some people find BMI to be a flawed metric?,"It doesn't account for muscle mass, bone density, or individual body types.",It's inaccurate for people with high muscle mass and doesn't consider individual differences.,"BMI doesn't consider muscle mass and was designed for population studies, not individuals.",215,train,train
72,13,What dietary changes can one make to follow a low cholesterol keto diet?,"Swap red meats for chicken and fish, use olive oil, and almond milk products.","Avoid high cholesterol foods, focus on lean meats, and include more vegetables.","It's often suggested to incorporate healthy fats and avoid certain high-fat foods, but it can vary.",216,train,train
72,13,How might a keto diet impact your LDL and HDL levels according to personal experiences?,Many report increased LDL but improved HDL and triglycerides.,Keto can increase LDL and lower HDL for some people.,Experiences can vary; some might see high LDL due to restrictive eating patterns.,217,train,train
72,13,What role does exercise play in managing cholesterol levels?,"Regular exercise, along with a diverse intake of healthy fats, can improve cholesterol levels.",Exercise is crucial; it helps lower LDL and raise HDL.,"Exercise can help manage cholesterol, but recovery and balanced eating are also crucial.",218,train,train
73,17,How long should you wait before adding intermittent fasting to a keto diet?,"Wait until you're fat adapted, usually 6-8 weeks.","It depends on your comfort, but starting with 18:6 after a trial period is common.","There's no strict rule, but experimenting with shorter fasts initially can help.",219,train,test
73,17,What are some common eating windows used in intermittent fasting?,Common windows include 18:6 or 20:4.,16:8 and 18:6 are popular schedules.,Many people try 16:8 or even 24:1 to see what works best.,220,train,test
73,17,How can you maintain energy levels during a fast?,Drink electrolytes and stay hydrated.,"Hydrate with water, black coffee, and green tea.",Keep up your electrolyte intake and consider coconut water.,221,train,test
74,110,How do you manage lactose intolerance while still enjoying dairy products?,"Use lactaid, try low lactose cheese, or switch to non-pasteurized dairy.","Switch to non-dairy milk and butter, or eat small amounts of lactose-free cheese.","Take lactase, eat yogurt instead of other dairy, and use non-dairy alternatives like soy.",222,train,test
74,110,What changes did you observe in your health after cutting out dairy?,"Reduced inflammation, better digestion, and fewer sinus problems.","Higher energy levels, better digestion, and clearer skin.","Less bloating, less acne, and fewer headaches.",223,train,test
74,110,Which dairy products do you find easier to digest and still include in your diet?,"Hard cheese, ghee, and heavy cream.","Cottage cheese, yogurt, and occasionally, low-fat cheese.","Yogurt, low-fat cheese, and butter.",224,train,test
75,144,Which fruits are considered better options due to their lower sugar content?,Berries are the best option due to their low sugar.,Grapes and berries are good for weight loss.,"I love berries and pears, they’re low in sugar.",225,train,train
75,144,How does eating fruit compare to eating candy from a nutritional perspective?,"Fruit is better than candy, but it's still sugar.",Fruit is healthier than candy and has fewer calories.,"Fruit is healthier, gives you fiber, and vitamins.",226,train,train
75,144,What are the perceived disadvantages of eating too much fruit?,"Too much fruit means too much sugar, even with fiber.",It can add up in calories and hinder weight loss.,It’s mostly sugar and can make me feel bloated.,227,train,train
76,12,What is an effective way to incorporate walking into your daily routine for exercise?,"Start with manageable walks, increase intensity gradually.",Go for brisk walks that elevate your heart rate.,Even small walks around your home can be effective.,228,train,train
76,12,How can resistance bands be used in a workout?,"Google ""resistance band workouts"" for various routines.",Use them for bodyweight exercises to build muscle.,Incorporate them in home exercises for convenience.,229,train,train
76,12,What are some ways to stay motivated to exercise even when you don't feel like it?,Think about your goals and start with less intense activities.,Focus on how exercise makes you feel afterward.,Tell yourself you only have to do it for 5 minutes.,230,train,train
77,142,How do members of your subreddit feel about skipping breakfast?,Many find it beneficial for managing hunger and maintaining low insulin levels.,Opinions vary; some see benefits while others feel it might harm metabolism.,"Mixed feelings, but many find skipping breakfast easier due to lack of morning hunger.",231,train,train
77,142,What are the common reasons for skipping breakfast among members of your subreddit?,To avoid snacking and control daily calorie intake.,To save calories for later meals and control appetite.,Due to feeling nauseous in the morning or lack of appetite.,232,train,train
77,142,How do members manage their hunger if they skip breakfast?,By drinking coffee or tea until the next meal.,By drinking coffee or protein shakes in the morning.,"By drinking tea, coffee, or water until lunchtime.",233,train,train
78,78,What strategies do you use to manage appetite suppression while on ADHD medication?,Plan meals around the time when medication wears off. Eat breakfast before taking meds.,Chug water all day and talk to your doctor about any weight-loss pills.,Eat something with the medication to avoid Vyvanse sickness. Keep snacks with you.,234,train,train
78,78,How do ADHD medications affect your daily routine?,They suppress appetite and require meal planning to avoid missing meals.,They help with focus and impulsivity but can also lead to significant weight changes.,They can aid in focus but also lead to cycles of restriction and binge eating.,235,train,train
78,78,Have you faced any challenges with insurance coverage for ADHD medications?,"Yes, insurance often requires trying other medications before covering Vyvanse.",Insurance issues make it hard to get appointments and necessary prescriptions.,"Not specifically mentioned, but pharmacy issues with getting prescriptions were noted.",236,train,train
79,23,What are some recommended supplements to help with hair regrowth?,"Biotin, collagen, and MSM are commonly recommended.",Multivitamins with folic acid and biotin are suggested.,"Vitamins A, E, and omegas, along with biotin.",237,test,train
79,23,How does rapid weight loss affect hair quality?,Rapid weight loss can cause temporary hair loss due to shock or insufficient protein.,"Rapid weight loss can lead to nutrient deficiencies, causing hair to fall out.",Severe restriction and rapid weight loss make hair brittle and cause it to fall out.,238,test,train
79,23,What are some non-supplemental methods people use to manage hair thinning?,"Using special shampoos and conditioners, and sometimes shaving the head.",Reducing the frequency of washing hair and using dry shampoo.,Applying castor oil and using sulfate-free shampoos.,239,test,train
80,59,How do you feel about the changes in your breast size after significant weight loss?,"Some people are happy about it, while others feel deflated or miss their previous size.","Mixed feelings. Some are glad for less back pain, others miss the fullness.",Many feel insecure or upset about the sagging and loss of volume.,240,train,train
80,59,Have you found any effective exercises to address saggy breasts after weight loss?,Chest exercises like bench press or flys can help make breasts appear perkier.,Chest presses with dumbbells and bench press can improve perkiness.,Building muscle and chest exercises can help but won't fully fix sagging.,241,train,train
80,59,What are some challenges you've faced with finding the right bra size after losing weight?,"Many experienced changes in band size but not always in cup size, leading to fit issues.","Difficulty in finding well-fitting bras, often needing smaller bands but same cups.",Struggles with finding bras that fit saggy or smaller breasts after weight loss.,242,train,train
81,53,How do you cope when your mom doesn't support your decisions?,I set firm boundaries and try to find validation within myself.,Ignore her negativity and focus on what makes you happy.,"Communicate openly if possible, but sometimes distancing is necessary.",243,train,train
81,53,What do you do when a friend constantly makes hurtful comments?,Consider talking to them directly or distancing yourself for your own well-being.,Be honest with them and express how their comments make you feel.,"Address the issue directly and if it doesn't improve, consider ending the friendship.",244,train,train
81,53,How do you handle family members who don't respect your boundaries?,Be assertive about your boundaries and reduce interactions if necessary.,"Set clear boundaries and if they are still not respected, limit contact.",Clearly communicate your boundaries and distance yourself if they are not respected.,245,train,train
82,1,How do people around you react when you lose significant weight?,"They can be supportive or jealous, and often comment on the changes.",They are generally more friendly and approach me more often.,"They often give mixed reactions, sometimes jealousy or concern.",246,train,train
82,1,How do you cope with negative comments about your weight from family or friends?,Real friends will support you; others aren't real friends.,I try to avoid conversations about weight with them.,It's frustrating; I wish people would just let me be.,247,train,train
82,1,What are your thoughts on body image and societal expectations?,Standards have changed; people judge based on their lenses.,Losing weight doesn’t change my life much; society's views are shallow.,Society loves thinness; it's hard to feel secure and satisfied.,248,train,train
83,72,What dietary changes have helped you reduce bloating?,"Increasing potassium and electrolytes, drinking lots of water, and avoiding certain vegetables like broccoli can help.","Cutting out gluten and dairy for a period of time, and drinking more water have proven effective.","Reducing carbs, drinking green tea, and taking digestive enzymes have been helpful.",249,train,train
83,72,How do you manage bloating when starting a new diet?,Hydration and electrolyte supplementation are key. Drinking ketoade can help.,Keeping a food diary to track and eliminate problematic foods works well.,"Small frequent meals, green tea, and sometimes walking or yoga help manage bloating.",250,train,train
83,72,What specific foods have you found to consistently cause bloating for you?,Almond milk and processed foods like sausages and burgers can cause bloating.,"Foods high in salt, dairy, and gluten are common culprits.","High salt foods, fast food, and anything with artificial sweeteners tend to cause bloating.",251,train,train
84,86,What are some potential complications of bariatric surgery?,"Vomiting, dumping syndrome, long-term health issues.","Gall bladder issues, vitamin deficiencies, possible reversal needed.","Suicidal thoughts, depression from reduced life quality, potential feeding tube.",252,train,test
84,86,How can one maintain weight loss after having bariatric surgery?,"Change lifestyle, avoid bad eating habits, stay motivated.","Develop healthy eating habits, therapy, stick to a calorie deficit.","Focus on healthy eating, dietitian support, avoid binge eating.",253,train,test
84,86,Why do some people regain weight after bariatric surgery?,They don't change lifestyle and eating habits.,"They go back to old habits, don't maintain discipline.","Surgery doesn't address food cravings, they fall back into old patterns.",254,train,test
85,48,How do you determine your TDEE?,"Use online calculators, but they are just estimates. You can also track calories and weight to find your true TDEE.","Calculate using online calculators, adjust based on weight loss progress, and factor in exercise and daily activity.","Use online calculators, but they often underestimate. Compare calculated TDEE with actual calorie intake and weight changes.",255,train,train
85,48,Why might someone's TDEE estimates be inaccurate?,Online calculators can’t account for individual differences. Physical conditions like thyroid issues can affect metabolism.,Calculators are general and don’t account for specific factors like muscle mass or medical conditions.,"Prolonged restriction can lower metabolism, making calculators inaccurate. Personal factors and health conditions matter.",256,train,train
85,48,Should you include exercise calories when calculating your TDEE?,"Yes, but be cautious not to overestimate exercise calories.","Yes, but don't eat back all the calories you burn from exercise to create a consistent deficit.","Yes, TDEE includes daily activity and exercise, but be wary of overestimating exercise-related calorie burn.",257,train,train
86,47,What are some strategies to avoid overeating nuts?,Portion them out into small snack bags and avoid keeping large bags at home.,Weigh out the portion size and be mindful of their calorie content.,Try to keep nuts out of the house or only have them in small quantities.,258,test,train
86,47,How do members incorporate peanut butter into their diets while controlling portion sizes?,Use PBfit powder or buy single-serving packets.,Use peanut butter powder or limit to one tablespoon with fruit.,Store peanut butter in small containers or add a spoonful to meals.,259,test,train
86,47,What are some concerns members have about consuming peanut butter?,It's very calorie-dense and easy to overeat.,It’s calorie-dense and can be hard to control portions.,It’s a common trigger food that can lead to binge eating.,260,test,train
87,37,How has Seroquel affected your weight?,"It caused weight gain, but I lost some with keto and exercise.","It increased my cravings, making weight control harder.",It led to significant weight gain and triggered my ED relapse.,261,train,train
87,37,What are your experiences with Wellbutrin regarding weight changes?,Wellbutrin helped with appetite and weight control.,It didn't cause weight gain for me.,It decreased my appetite but had other side effects.,262,train,train
87,37,How do antidepressants generally affect appetite and weight?,"They can increase appetite or stimulate hunger, leading to weight gain.","They often increase appetite, making weight control challenging.","They can boost appetite, causing weight gain and complicating ED symptoms.",263,train,train
88,16,How do members feel about Eugenia Cooney's appearance and her influence?,She seems very underweight and possibly has an eating disorder.,She's triggering to many people and her content might not be healthy.,She appears to be struggling with her illness and it's sad to see her decline.,264,test,train
88,16,What impact does watching weight loss shows have on individuals?,It can be motivating to see people's successes and challenges.,It helps motivate and inspire change in personal habits.,Such shows can be exploitative but might inspire viewers to do better.,265,test,train
88,16,How do members view the content shared by health and fitness influencers?,Many influencers seem privileged and out of touch with reality.,Influencers often sell unrealistic quick fixes which aren't practical for everyone.,Influencers can be triggering and promote unhealthy behaviors.,266,test,train
89,97,How do you handle feeling self-conscious at the gym?,"Practice makes progress, and most people are too focused on their own workouts to notice you.","Put on your headphones, focus on your music, and just do your thing.",Think about how you don’t judge others and remind yourself they’re probably not judging you either.,267,train,train
89,97,What do you do if you feel like everyone is staring at you in the gym?,Go at slower hours and focus on your workout.,Keep in mind everyone is focused on their own workouts.,Use noise-canceling headphones and remind yourself it's mostly in your head.,268,train,train
89,97,How do you deal with gym anxiety?,I go at slower hours and remind myself that most people are busy with their own routines.,I freeze my gym account for a month and build confidence through home workouts.,I try to go with a friend or focus on home workouts to avoid anxiety.,269,train,train
90,10,How do you cope with clothes that no longer fit due to weight changes?,I hit thrift stores to get affordable clothes as I lose weight.,I only buy essentials in basic colors and clearance items.,I keep larger clothes in case I gain weight again.,270,train,test
90,10,What strategies do you use to find new clothing during weight loss?,I buy from thrift stores and check return policies for easy exchanges.,I look for clearance sales and consider thrifting.,I avoid buying new clothes and rely on oversized items.,271,train,test
90,10,How do you feel when you fit into smaller sizes?,It feels like magic and is super motivating.,It feels awesome and boosts my confidence.,It’s stressful and triggers fear of gaining weight back.,272,train,test
91,7,What strategies do people use to manage binge eating urges?,"Hiding under covers, seeking professional help, practicing mindfulness, fasting.","Avoiding triggers, distracting with other activities, journaling, finding alternative comforts.","Distracting from the urge, focusing on recovery, addressing underlying emotional triggers.",273,train,train
91,7,How do people feel after experiencing a binge eating episode?,"Upset, guilty, but some practice self-forgiveness and start fresh the next day.","Ashamed, guilty, and often struggle to stop themselves mid-episode.","Deep guilt, anxiety, sometimes leading to purging or further restriction.",274,train,train
91,7,How do individuals use fasting to help with binge eating?,Fasting helps reset self-control and reduces stress related to eating.,Fasting is used to curb non-stop snacking habits and manage appetite.,"Fasting is often used as a way to balance out binge episodes, though it can perpetuate the cycle.",275,train,train
92,91,How do you estimate the calorie content when eating out at a restaurant?,"Accept it's not perfectly accurate, make good choices.",Use nutritional menus or general estimates for similar foods.,Use my knowledge of similar foods or look up comparable items.,276,train,train
92,91,What methods do you prefer for measuring portion sizes at home?,I use a kitchen scale and sometimes measuring cups.,I use a combination of a kitchen scale and measuring cups/spoons.,"I use a food scale for most items, especially dry goods.",277,train,train
92,91,How do you handle tracking the calories for a homemade recipe?,"Weigh raw ingredients, use a recipe, and divide by servings.","Add up calories for all ingredients, divide by number of servings.",Divide the total calories of ingredients by the portions I eat.,278,train,train
93,6,How do members from your community typically track their macros and calories?,"Many use MyFitnessPal or Cronometer, and weigh their food for accuracy.",Tracking apps like MyFitnessPal are commonly used to monitor calorie intake and macros.,"I use MyFitnessPal, but I focus more on hitting protein goals rather than overall calories.",279,train,train
93,6,What is the general advice regarding fat intake when trying to lose weight?,"Fat is a limit, not a goal. Eat enough to feel satiated but don't prioritize it.",Focus on a balanced diet; don't stress too much about fat as long as you're in a calorie deficit.,"Ensure you get enough to avoid deficiencies, but prioritize protein intake more.",280,train,train
93,6,What are some common protein sources recommended by members of your community?,"Meat, eggs, cheese, and whey protein powder.","Chicken, salmon, cottage cheese, tofu, and Greek yogurt.","Greek yogurt, eggs, tuna, and protein shakes.",281,train,train
94,18,How often do you allow yourself to have a cheat meal or cheat day?,"Once a month, and sometimes not at all if I can resist.","Usually once a week, but I track my calories to fit it in.","I tried once a week, but it usually backfires and causes anxiety.",282,train,train
94,18,What strategies do you use to minimize the impact of a cheat meal on your diet?,I plan it as a part of my program and offset it with a workout.,I log the calories and make adjustments to my intake for the rest of the week.,I try to schedule cheat days but often end up feeling out of control.,283,train,train
94,18,What kinds of foods do you typically include in your cheat meals?,Usually something special like a meal at a favorite restaurant.,"Pizza or a burger, but I avoid fries or sugary drinks.",High-calorie snacks that I crave but avoid during the week.,284,train,train
95,42,What are some common meals people eat while following an OMAD diet?,A 12 oz. ribeye and brussels sprouts slathered in butter and bacon pieces.,"Thin crust veggie pizza, loaded burrito bowls, huge salads.","High-protein, high-carb meals to hit daily calorie goals.",285,train,train
95,42,How do people handle hunger when practicing OMAD?,It takes discipline; you may feel hungry for the first week or so.,Drinking lots of water helps control appetite.,Some break their fast with a small meal before the main meal.,286,train,train
95,42,Why do some individuals choose OMAD over other eating schedules?,It fits well with busy work schedules and minimizes hunger.,It helps control calorie intake and reduces meal prep time.,It helps manage bingeing and restricts calorie intake.,287,train,train
96,17,What are the benefits of combining intermittent fasting with a keto diet?,Combining intermittent fasting with keto helps you get into ketosis faster and suppresses hunger.,It may help you enter a calorie deficit by reducing eating windows but isn't necessary.,It can accelerate weight loss but might trigger disordered eating behaviors.,288,train,test
96,17,How do you handle social events while fasting?,I usually avoid fasting during social events or have my fasting periods when I have no social engagements.,I try to eat smaller portions during social events and focus more on conversations than food.,Social events are tricky; sometimes I lie about having already eaten to avoid questions.,289,train,test
96,17,What should be considered before attempting a prolonged fast?,Ensure you have enough electrolytes and consider supplementing with bone broth or multivitamins.,"Consult with a doctor, especially if you have any health conditions like reflux or ED tendencies.",Be cautious of refeeding syndrome and the potential for triggering binge episodes after the fast.,290,train,test
97,20,What have you found helpful for dealing with acne while following a keto diet?,"Drinking lots of water, using cerave anti-itch body wash, and avoiding sucralose helped.",Drinking 100+ ounces of water daily and using a good moisturizer helped clear up my skin.,Using salicylic acid acne pads twice a day completely stopped my acne.,291,train,train
97,20,How has adjusting your carbohydrate intake affected your skin condition?,Lowering carbs improved my complexion and dried up excess oils.,Cutting out sugar and carbs helped clear my skin and improved its glow.,"Restriction suppressed hormones and initially cleared my skin, but eating normally caused breakouts.",292,train,train
97,20,Have you noticed any correlation between weight loss and changes in your skin health?,"Yes, my rosacea improved significantly after losing weight on keto.","Yes, losing weight improved my skin's glow and reduced acne.","Yes, gaining weight and eating more caused deep, big acne.",293,train,train
98,62,How has keto helped with your PCOS symptoms?,"Keto has regulated my periods, reduced facial hair, and helped me conceive.",My dietitian advised against keto for PCOS; I focus on complex carbs instead.,Keto helps me lose weight but it's very restrictive and triggers my ED.,294,train,train
98,62,What alternatives to birth control have you tried for managing PCOS symptoms?,I use inositol supplements and keto to manage my symptoms.,I take metformin and monitor my carb intake.,I avoid birth control and focus on supplements like ovasitol and berberine.,295,train,train
98,62,Have you experienced any challenges with insulin resistance due to PCOS?,"Yes, keto has helped lower my insulin levels and manage symptoms.","Yes, I take metformin and cut down on carbs for better control.","Insulin resistance has made weight loss extremely difficult, even with severe restriction.",296,train,train
99,19,What is your favorite way to prepare cauliflower?,Oven baked with parmesan and butter.,Roasted with olive oil and spices.,Air fried or oven roasted until crispy.,297,train,train
99,19,How do you typically use noodles in your meals?,I use zoodles or shirataki noodles in Asian-style dishes.,As a base for stir-fries with lots of veggies.,I avoid shirataki noodles but sometimes use them in stir-fries.,298,train,train
99,19,What are your go-to seasonings for vegetables?,"Salt, pepper, garlic powder, and parmesan cheese.","Olive oil, salt, pepper, and balsamic vinegar.","Garlic, paprika, mixed herbs, and cayenne pepper.",299,train,train
100,31,What are some alternatives to diet soda that people have found helpful?,"Sparkling water, zevia, unsweetened teas, and seltzer waters.","Flavored water, zero-calorie flavored syrups, and tea.","Sparkling water with water enhancers, seltzer, and zero-calorie soda.",300,train,train
100,31,How do people feel about the taste of diet sodas compared to regular sodas?,"Some prefer diet sodas, while others find them too sweet or chemically.","Mixed feelings; some prefer diet for its fewer calories, others hate the taste.",Many dislike the taste of diet sodas and find them different from regular sodas.,301,train,train
100,31,Have you noticed any specific health improvements after cutting out soda?,Fewer cravings and improved kidney function for some.,Weight loss and reduced sugar cravings.,Better dental health and fewer stomach issues.,302,train,train
101,55,Why do some people find the CICO model to be flawed or incomplete?,It ignores the metabolic impact of different foods and individual hormonal responses.,It doesn’t always take into account underlying health conditions.,It doesn't consider metabolic disorders or hormonal changes.,303,train,train
101,55,How do individuals in your subreddit typically handle hunger while following a diet?,"Keto suppresses appetite, making it easier to sustain long-term.",Eating high-satiety foods and watching portion sizes help.,Managing portion sizes and adjusting psychological mindset towards food.,304,train,train
101,55,How does exercise fit into the CICO model according to your subreddit?,Exercise can help but isn't necessary for weight loss if diet is managed.,Cardio and strength training complement CICO for better results.,Exercise impacts water retention and can complicate CICO calculations.,305,train,train
102,32,What are some methods people used to quit smoking?,Using ecigs and slowly tapering the nicotine down to 0mg worked for me.,I used a vape pen and slowly reduced the nicotine level until I was nicotine-free in 3 months.,I used nicotine pouches to cut back and then quit smoking completely.,306,train,test
102,32,How does cannabis impact your exercise routine?,Sativas help me hit more reps in the gym.,I don't let cannabis interfere with my exercise; I smoke after my productive day.,Cannabis calms my anxiety and allows me to exercise without feeling guilty.,307,train,test
102,32,What are some healthy snacks to have around when you get the munchies?,I keep cheeses and dried sausages like salami and pepperoni.,"Chopped veg with dip, trail mix, and cheese and crackers work for me.",I love fruit and shelled pistachios when I’m high.,308,train,test
103,36,How has weight loss affected your menstrual cycle?,"My period went crazy, but it normalized once my weight stabilized.",Losing weight made my period lighter and more regular.,I lost my period due to severe restriction and low body fat.,309,train,train
103,36,What birth control methods have you found to affect your weight?,"Nexplanon made me gain weight, but keto helped counteract it.",The pill and IUD both caused weight gain for me.,"The Mirena IUD didn't affect my weight, but the arm implant did.",310,train,train
103,36,Have you experienced spotting or irregular periods due to low BMI or dieting?,"Yes, my period got messed up with rapid weight loss.","Yes, losing a lot of weight made my period lighter and irregular.","Yes, extreme restriction caused my periods to become sporadic and eventually stop.",311,train,train
104,24,Is eating 1000 calories a day considered too low for weight loss?,"Yes, 1000 calories a day is way too low for most people.","Yes, it is too low and not sustainable for weight loss.","Yes, it's too low and can be dangerous, especially if you're active.",312,test,test
104,24,What is the ideal daily calorie intake for someone trying to lose weight while exercising regularly?,Around 1700-1800 calories but it varies by individual.,"Between 1200-1600 calories, depending on TDEE and activity level.","It should be more than 1200 calories, especially if you are exercising.",313,test,test
104,24,How can you ensure you’re still meeting dietary needs on a low-calorie diet?,Focus on high-quality proteins and unprocessed meats.,"Include lots of fresh fruits, vegetables, and lean proteins.",Include a variety of healthy foods and consider gradual calorie increases.,314,test,test
105,86,What are some potential long-term issues people might face after bariatric surgery?,People might regain weight if they don't address underlying food habits.,They might face metabolic problems and need long-term vitamin supplementation.,They could have a permanently altered and unsatisfying relationship with food.,315,train,test
105,86,What precautions should someone take before deciding on bariatric surgery?,Consult with a physician or registered dietician to ensure it's the right choice.,Exhaust all other weight loss options and speak with weight loss professionals.,Make sure to address any psychological issues related to food beforehand.,316,train,test
105,86,How do people typically regain weight after undergoing bariatric surgery?,By finding loopholes in their body's new way of processing food and stretching their stomach back out.,"Failing to change eating habits and overeating, even post-surgery.",By overeating despite the surgery and stretching the stomach back out.,317,train,test
106,143,How do you handle cravings during your period?,I eat dark chocolate or pork rinds and go over my carbs a bit.,"I try to fill myself with veggies and fruit, and keep busy.",I set a different calorie limit and eat what I want in moderation.,318,train,train
106,143,What kinds of foods do you crave most during your period?,"Dark chocolate, chips, pork rinds, and red meat.","Sweets, junk food, and sometimes fruit and veggies.","Sweets and chocolate, especially before the period starts.",319,train,train
106,143,Do your eating habits change significantly during your period?,"Yes, I often eat more protein and allow myself some extra calories.","Yes, I tend to eat more and sometimes go for maintenance calories.","Yes, I often binge on various foods and then restrict later.",320,train,train
107,174,"How much water is generally considered ""too much"" according to the members?",Drinking more than 1 liter per hour to avoid hyponatremia.,Drinking more than 1 gallon a day unless very active.,Drinking more than 6 liters a day can be dangerous.,321,train,train
107,174,What role do electrolytes play in hydration?,They help balance fluid levels and prevent water intoxication.,They are crucial to avoid hyponatremia and dehydration.,They prevent electrolyte imbalance and overhydration.,322,train,train
107,174,Is it necessary to drink plain water to stay hydrated?,"No, other fluids like coffee and tea count as well.","No, any liquids including tea and coffee can count.","No, other liquids and hydrating foods can also help.",323,train,train
108,44,What factors should be considered when setting a goal weight?,"Consider muscle mass, body composition, and personal comfort.","Include how you feel, muscle mass, and overall health.","Take into account BMI, health status, and individual body needs.",324,train,train
108,44,How can you determine if your weight is healthy for your height?,"Use BMI as a guideline, but also consider muscle mass.",Check BMI and consult with a doctor for a comprehensive view.,Look at BMI percentiles and individual health metrics.,325,train,train
108,44,Is BMI a reliable indicator of health?,"BMI is not always accurate, especially for muscular people.",BMI is useful but not perfect; consider other health metrics.,BMI has limitations and should be taken with a grain of salt.,326,train,train
109,31,What are some common alternatives to soda discussed in these communities?,"Sparkling water, seltzer, and diet soda.","Flavored water like Spindrift, diet soda, and iced tea.","Diet sodas, sparkling water, and flavored water enhancers.",327,train,train
109,31,How do members of these communities feel about the health effects of diet sodas?,"Many find them acceptable, but some worry about insulin spikes.",Mixed; some believe they can lead to weight gain due to cravings.,"Generally seen as safe in moderation, despite some concerns.",328,train,train
109,31,What methods do these communities suggest for reducing soda consumption?,Switching to sparkling water or using soda stream devices.,Gradually diluting soda with water or replacing it with flavored water.,Replacing soda with diet versions or mixing it with sparkling water.,329,train,train
110,9,What is a good low-carb alternative to regular creamer for coffee?,Heavy cream or unsweetened almond milk.,Try using skim milk or coconut creamer.,I prefer almond milk or a small amount of unsweetened almond creamer.,330,train,train
110,9,How can you make black coffee more palatable?,Add some MCT oil or heavy cream.,Use a zero-calorie sweetener or a splash of skim milk.,A bit of unsweetened almond milk and sugar-free syrup.,331,train,train
110,9,What are some keto-friendly dessert options involving chocolate?,Homemade chocolate with butter and Truvia.,Halo Top ice cream in chocolate flavors.,Enlightened dairy-free pints or Halo Top.,332,train,train
111,56,How can going gluten-free help with hypothyroidism?,Gluten can mess with low thyroid sufferers; ditching it made me feel better.,"You might want to reduce/cut out foods causing flare-ups, including gluten.",Managing hypothyroidism might involve avoiding gluten to support overall health.,333,train,test
111,56,What role does cortisol play in thyroid health according to your experiences?,"My heart rate soars, and I had to get a cortisol test when everything else came back normal.","Thyroid issues can run in families, and cortisol levels should be checked alongside thyroid.",My doctor checked my thyroid to see if it was affected by cortisol due to my health issues.,334,train,test
111,56,How does levothyroxine dosage adjustment impact weight loss efforts?,My dosage was upped; I hope to notice a difference.,Adjusting the dose can be frustrating but is necessary for effective management.,"My doctor finally increased my dosage, and I feel much better now.",335,train,test
112,27,What are some non-surgical methods to tighten loose skin after weight loss?,"Try autophagy through fasting, collagen supplements, and strength training.","Lose weight slowly, stay hydrated, and do strength training.",Building muscle through strength training and using moisturizers might help.,336,train,train
112,27,How does age affect the likelihood of developing loose skin after weight loss?,Younger people have a better chance of their skin tightening up over time.,"The younger you are, the better your skin's elasticity, so less loose skin.","Younger skin is more elastic, so loose skin is less likely and may tighten up over time.",337,train,train
112,27,What role does protein intake play in skin tightening during weight loss?,"Eating more protein, especially collagen, can help tighten skin.","Protein helps maintain muscle mass, which can reduce loose skin.",Protein and collagen supplements might improve skin elasticity.,338,train,train
113,10,How do you manage clothing sizes when losing weight quickly?,I thrift shop to save money and focus on clothing that fits during different stages of my weight loss.,"I buy cheap clothes until I reach my goal weight, then I start shopping more seriously.",I often buy clothes that are too large since I can't accept my actual size yet.,339,train,test
113,10,What tips do you have for finding affordable new clothes during weight loss?,Thrift stores near wealthier areas are great; better brands and less wear and tear.,Check out discount stores like TJ Maxx or use buy nothing groups for community swaps.,Look for sales and consider shopping in the kids' section for smaller sizes.,340,train,test
113,10,How do you handle emotional attachment to clothes that no longer fit?,I donate clothes that are too big to avoid falling back into old habits.,I store them away in a tote to free up space and help my confidence.,"I struggle with keeping clothes as ""goal"" items, which can be triggering.",341,train,test
114,34,What is a good way to reduce the calories in a protein shake?,Use unsweetened almond milk and whey protein isolate.,"Opt for low-calorie protein powders, around 110-120 calories per serving.",Look for protein water or low-calorie options like protein crisps.,342,train,train
114,34,How can you make a protein shake more palatable if you find it too sweet?,Mix the protein powder with unsweetened almond milk or coffee.,Add it to non-fat Greek yogurt or mix with water to tone down the sweetness.,Cut flavored protein powder with unflavored powder to reduce sweetness.,343,train,train
114,34,What are some good protein shake flavors to try?,"Dutch chocolate, cookies and cream, banana cream.","Peanut butter chocolate, vanilla creme.","Premier's vanilla, caramel, and chocolate flavors.",344,train,train
115,15,How do you handle family members pressuring you to eat foods that don't fit your diet?,"Firmly say ""no thanks"" and set clear boundaries.",Politely decline and emphasize you're not hungry.,I try to avoid the confrontation and eat alone when possible.,345,test,train
115,15,What strategies do you use to deal with coworkers commenting on your food choices?,Politely decline to engage and continue with my day.,"I use phrases like ""I'm not hungry"" to deflect.",Performative eating to deflect attention and avoid comments.,346,test,train
115,15,How do you navigate social gatherings where food is the main focus?,Bring my own food or eat beforehand to avoid temptations.,Focus on portion control and take small servings.,Try to eat minimal amounts while making it seem like I'm participating.,347,test,train
116,59,What has been your experience with the change in breast size after losing weight?,"I lost weight, and my breast size decreased significantly. ","My cup size went down but not much sagging, chest exercises helped.",My breasts shrank a lot and look empty now.,348,train,train
116,59,How do you feel about the impact of weight loss on the appearance of your breasts?,"My breasts look droopy, but I feel better overall.","They’ve become smaller and a bit deflated, but I’m okay with it.","My breasts look disproportionate, and it affects my confidence a lot.",349,train,train
116,59,Have you found any exercises helpful to maintain or improve breast appearance after weight loss?,Weight training and pec exercises helped keep my chest tight.,Chest presses and pushups kept the muscles firm around my breasts.,I haven't really tried exercises; mostly focused on reducing size.,350,train,train
117,35,What is the most recommended app for tracking macros according to users in your subreddit?,Cronometer is the most recommended due to its accuracy and verified data entries.,MyFitnessPal is frequently recommended for tracking macros and calories.,"MyFitnessPal is popular, but some also prefer Cronometer for detailed nutrient tracking.",351,train,train
117,35,How do users in your subreddit feel about MyFitnessPal's accuracy?,Many users find MyFitnessPal inaccurate and prefer Cronometer or Carb Manager.,MyFitnessPal is generally trusted but users are advised to verify entries for accuracy.,Mixed feelings; some find it reliable while others are critical of its user-generated data.,352,train,train
117,35,What alternative apps to MyFitnessPal do users in your subreddit suggest for tracking food and macros?,Cronometer and Carb Manager are commonly suggested alternatives.,Alternatives like Lose It and MyNetDiary are often mentioned.,Lifesum and Cronometer are frequently discussed as alternatives.,353,train,train
118,36,Have you experienced changes in your menstrual cycle due to weight loss or dietary changes?,"Yes, weight loss and keto caused spotting and midcycle bleeding, but it adjusted over time.","Yes, I lost my period after a calorie deficit and intermittent fasting.","Yes, I lost my period when my BMI dropped to 22.2.",354,train,train
118,36,How has your birth control method impacted your weight or menstrual cycle?,My hormonal IUD stopped my period but still caused occasional spotting.,My weight gain seemed to coincide with starting the birth control pill.,"The Depo shot stopped my ovulation and period, reducing bloating and cravings.",355,train,train
118,36,What advice did your doctor give for irregular periods or loss of menstruation?,My doctor recommended staying on schedule with birth control and monitoring changes.,My doctor advised seeing a specialist to prevent risks like osteoporosis.,"The doctor suggested a hormonal medication to restart my cycle, but I declined.",356,train,train
119,48,How do you determine your TDEE when calculators provide varying results?,Use trial and error by tracking intake and weight changes.,Combine online calculators with meticulous calorie counting.,Consider fluctuations and individual differences; calculators are just estimates.,357,train,train
119,48,What should you do if your calorie intake is below your BMR?,Avoid eating below BMR to prevent health problems.,Recalculate TDEE and adjust to eat above BMR.,Safely aim to eat at TDEE until in a better mental place.,358,train,train
119,48,How do you handle discrepancies between TDEE calculator results and actual weight changes?,Adjust TDEE based on tracked intake and weight over time.,Create a bigger deficit or increase activity level.,Trust tracked intake and weight trends over calculator results.,359,train,train
120,2,How do you stay motivated when you feel like giving up?,Focus on small achievements and remember why you started.,"Find your ""why"" and set tiny achievable goals.","Keep trying, even if you slip up; it's better than quitting.",360,train,train
120,2,What role does the community play in your journey toward recovery or achieving your goals?,The community offers inspirational stories and support.,"They provide advice, shared experiences, and motivation.","The community is a major support system, offering love and understanding.",361,train,train
120,2,What do you do when you experience a relapse?,"Reflect, learn from it, and get back on track.","Accept it, forgive yourself, and start again.","Acknowledge it, seek support, and continue trying to recover.",362,train,train
121,32,How have vaping-related ingredients affected your health?,Vaping led to gum loss and oral health issues due to ingredients like sucralose and propylene glycol.,"Vaping helped me quit smoking, but I still crave nicotine and sometimes feel it's expensive.","Vaping initially suppressed my appetite, but over time, it became less effective and more addictive.",363,train,test
121,32,What impact does quitting smoking have on your eating habits or weight?,Quitting smoking led to an increased appetite and weight gain due to a drop in blood sugar.,"Quitting smoking made me gain weight, so I recommend having a solid diet and exercise plan.","Quitting smoking didn't increase my appetite much, but vaping did help with the withdrawal symptoms.",364,train,test
121,32,How do you manage the munchies after smoking weed?,I avoid carb-laden munchies and try to use sativa to stay active and focused.,I prepare healthy snacks like veggies and fruit to avoid high-calorie foods when I get the munchies.,I plan my biggest meal before smoking weed and distract myself with activities to avoid overeating.,365,train,test
122,10,What strategies do you use for buying clothes when your weight is changing?,I buy cheap clothes from Walmart or thrift shops and avoid spending big bucks until I reach my goal weight.,I go to thrift shops for in-between clothes and sometimes alter existing clothes at the tailor's.,Thrifting saves me as it allows me to find clothes that fit my body at various weights.,366,train,test
122,10,How do you deal with clothes that no longer fit due to weight loss?,I donate them to Goodwill or Salvation Army and buy new ones that fit better.,I either donate them or save them for when I might need them again.,I get rid of everything that doesn't fit to avoid feeling uncomfortable.,367,train,test
122,10,What types of clothing do you prefer for comfort and flexibility during weight changes?,"I prefer stretchy jeans, elastic waist pants, and drawstring waisted clothes.",I like wearing baggy athleisure clothes and sometimes invest in a few comfortable pieces.,"I go for baggy jeans, oversized t-shirts, and hoodies for maximum comfort.",368,train,test
123,58,What is a common non-medication method suggested to improve sleep?,Drinking chamomile tea or fasting a few hours before bedtime.,Turning off electronics before bed.,Eating something before bed if you're jolted awake.,369,train,test
123,58,How do you manage caffeine intake to improve sleep?,Avoiding caffeine completely or not having it after 2:30pm.,Cutting down on caffeinated tea and avoiding coffee entirely.,"Not specifically mentioned, but avoiding it is implied to help sleep.",370,train,test
123,58,What supplements are mentioned to help with sleep?,"Magnesium and melatonin, though some avoid melatonin.",Valerian root and magnesium.,"Melatonin and valerian root, sometimes with mixed results.",371,train,test
124,122,How do stretch marks change in appearance over time?,"They often fade from purple or pink to white, becoming less noticeable.",They start red or purple and fade to a lighter color over time.,They fade to a silvery or skin-matching tone eventually.,372,train,train
124,122,What are some methods people use to try to reduce the visibility of stretch marks?,"People use scar creams, cocoa butter, and lotions like bio-oil.","Moisturizers, bio-oil, and shea butter are popular options.","People use retin-a, self-tanner, bio-oil, and cocoa butter.",373,train,train
124,122,Can rapid weight loss affect the appearance of stretch marks?,"Yes, rapid weight loss can make stretch marks more noticeable due to loose skin.","Yes, it can make existing stretch marks more visible.","Yes, losing weight can reveal or worsen existing stretch marks.",374,train,train
125,83,How has the pandemic affected your weight loss journey?,"It caused setbacks, but I’ve managed to lose weight by restarting keto and staying motivated.","It made it harder to stay on track, but I’m trying new strategies to regain control.","It worsened my relationship with food and body image, leading to weight fluctuations and increased anxiety.",375,train,train
125,83,What changes did you make to your routine during quarantine to manage your weight?,"I focused on consistent tracking, meal prepping, and returning to keto principles.","I started using a calorie counter, increased water intake, and tried to stay active even indoors.","I became stricter with my intake and started avoiding certain foods, which sometimes worsened my ED behaviors.",376,train,train
125,83,How did stress during the pandemic impact your eating habits?,"Stress led to initial overeating, but I refocused on keto to manage it better.","Stress caused me to binge eat at times, making it hard to control my weight.","Stress exacerbated my disordered eating behaviors, causing significant weight gain and loss cycles.",377,train,train
126,31,How do diet sodas impact cravings and appetite?,They may stimulate appetite and cravings for some people but not everyone.,Some find that diet sodas increase their cravings for sweets.,Diet sodas can make you crave sugary things; moderation is key.,378,train,train
126,31,What are some alternatives to soda mentioned by users?,"Flavored seltzer water, sparkling ice water, and water with natural flavorings.","Sparkling water, tea with lemon, and flavored water enhancers.","Flavored sparkling waters, water enhancers, and tea.",379,train,train
126,31,How do users feel about the taste of diet sodas compared to regular sodas?,Regular sodas taste unbearably sweet after drinking diet sodas for a while.,Regular soda tastes gross after switching to diet soda.,Regular soda tastes like syrup; diet soda is preferred.,380,train,train
127,27,What methods can help tighten loose skin after weight loss?,"Intermittent fasting, autophagy, dry brushing, and building muscle.","Building muscle, collagen supplements, slow and steady weight loss, and hydration.","Lotion, exfoliation, collagen, and building muscle.",381,train,train
127,27,How does age affect the likelihood of developing loose skin after weight loss?,Younger age generally helps with skin elasticity.,Younger people have more elastic skin and are less likely to develop loose skin.,"Younger skin is more likely to snap back, but it also depends on genetics.",382,train,train
127,27,"Is surgery the only option to deal with loose skin, according to the comments?",Surgery is often seen as a last resort.,Surgery is usually the only way to completely remove loose skin.,"Surgery is often the only option, but not everyone opts for it.",383,train,train
128,25,Can you target and reduce fat from specific areas of your body through exercise?,"No, you cannot target specific areas for fat loss. Fat loss happens across the body.","No, spot reduction isn't possible. You need to reduce overall body fat.","No, you can't target fat loss in specific areas; it depends on genetics.",384,test,train
128,25,Why is the stomach often the last place to lose fat?,The stomach is the last place because it's genetically stubborn and often stores fat for protective reasons.,"It's often genetic, and the body tends to lose fat from the extremities before the belly.",It's due to genetics and fat distribution patterns designed to protect vital organs.,385,test,train
128,25,How do your genetics affect where you store and lose fat?,Genetics determine where your body stores fat and the order in which it loses fat.,Genetics play a key role in fat distribution and determine where you lose fat first and last.,"Genetics heavily influence fat storage areas, making some places harder to slim down.",386,test,train
129,17,How do you manage hunger during fasting?,Drink lots of water and replenish electrolytes with sea salt.,Drink plenty of water and eat healthy snacks like fruit when you get cravings.,I focus on drinking water and sometimes cook for others to distract myself.,387,train,test
129,17,"What is the longest fast you've done, and how did it affect you?",The longest was 8 days; I felt great by day 3 but broke it for a taco salad.,"I did a 24-hour fast once, but I find 16:8 or 18:6 easier to maintain.","I've done a 196+ hour fast, but it caused drops in blood pressure and blood sugar.",388,train,test
129,17,How do you feel about intermittent fasting as a weight loss method?,It pairs well with a keto diet and reduces hunger naturally by eating nutrient-dense foods.,It works but can lead to binge eating; I prefer a balanced caloric deficit.,It can be effective but easily turns into obsessive behavior and impacts mental health.,389,train,test
130,15,How do you handle family or friends who persistently offer you food you don't want to eat?,I just say no thanks and set boundaries. Some people refuse to respect that.,Be assertive and honest. Tell them it frustrates you and politely refuse.,I often lie and say I’m too full or already ate to avoid confrontation.,390,train,train
130,15,What is your strategy for dealing with coworkers who comment on your diet or food choices?,I tell them it's none of their business and focus on my health.,Respond bluntly to shut down rude comments. It’s about my health.,I try to avoid eating in front of them and sometimes lie about my meal timing.,391,train,train
130,15,How do you cope with parents or relatives who heavily criticize your eating habits?,I remind them I'm an adult and can make my own choices.,Have an honest conversation about how it affects you.,"I avoid eating in front of them and try to set boundaries, though it’s hard.",392,train,train
131,9,What are some alternatives to dairy milk for coffee or tea?,"Unsweetened almond milk, cashew milk, coconut milk.","So Delicious coconut creamer, almond milk, oat milk.","Silk almond or oat creamers, unsweetened almond milk.",393,train,train
131,9,How can you reduce the bitterness in black coffee?,Add a pinch of kosher salt to the coffee grinds.,Steadily reduce sugar until you get used to the taste.,Use low-cal syrups or sweeteners like liquid aspartame.,394,train,train
131,9,What is a low-carb sweetener option for coffee?,Stevia or monk fruit sweetener.,Sugar-free vanilla syrup.,Liquid aspartame or low-cal syrups.,395,train,train
132,6,How should you adjust your fat intake if you're struggling to meet your calorie needs on a keto diet?  ,Cut back on fat if struggling with calorie intake. It's important to meet your protein macro.  ,"Increase fat intake with healthy sources like nuts, milk, yogurt if needed.  ","Try to incorporate healthy fats weekly, like avocados and nuts, even if it's scary.  ",396,train,train
132,6,What is the importance of reaching your protein macro on a keto diet?  ,Reaching protein macro ensures you don't have issues with muscle loss.  ,Important for maintaining lean body mass and overall health.  ,Protein helps maintain muscle mass and supports skin and nails during restriction.  ,397,train,train
132,6,How do you determine the amount of protein you need daily for weight loss?  ,Use a calculator to determine macros; typically 1g per pound of lean body mass.  ,Generally around 0.8 - 1g per kilogram of body weight is recommended.  ,Minimum survival intake is around 11g per day; recommended intake about 60g per day.  ,398,train,train
133,65,How do members of your sub handle receiving rude or accusatory statements?,"Often, they respond by defending their point or calling out the rudeness, sometimes escalating the argument.","They might apologize if they realize they came off wrong, but some also criticize the rude commenter back.","They suggest blocking or ignoring the person, focusing on not letting it impact them emotionally.",399,train,train
133,65,What is the common reaction when someone is downvoted heavily in your sub?,"People often get defensive or sarcastic, calling out the downvoters.",They might express frustration and call out the perceived unfairness of the downvotes.,"Some members point out the toxicity and suggest the downvotes are unwarranted, or they might leave the sub.",400,train,train
133,65,How do members of your sub deal with misunderstandings in their posts or comments?,They may clarify their points and sometimes apologize if their tone was misunderstood.,They often explain their intentions and apologize if they came across the wrong way.,"Apologies and clarifications are common, with some members suggesting how they could better phrase their comments.",401,train,train
134,15,How do you handle situations where family members try to sabotage your diet?,Establish boundaries and be direct about your dietary needs and preferences.,Discuss your food preferences with your family and be clear about your goals.,Avoid eating with family and make excuses to eat alone.,402,train,train
134,15,What strategies do you use to resist unhealthy food that others offer you?,Give vague answers and change the subject or be sarcastic if pressed.,Politely decline and plan ahead for social outings.,Say no and make an excuse to leave the situation.,403,train,train
134,15,How do you communicate your dietary choices to friends or coworkers who don't understand?,Explain briefly and emphasize that your diet is working for you.,Tell them you don't want to discuss your diet and shift the focus.,Avoid the topic and make blunt or sarcastic comments to shut down the conversation.,404,train,train
135,28,What are some environmental concerns mentioned related to meat consumption?,Meat production is a major source of carbon dioxide and unsustainable.,Eating fewer animals and more plants can improve health and the planet.,Seeing the climate crisis get worse without action makes veganism appealing.,405,test,train
135,28,Have any members mentioned experiencing health issues due to a vegan diet?,"Yes, a vegan diet can cause severe gas and insulin resistance.","Yes, long-term vegans run into health issues and may become malnourished.","Yes, veganism started with a disordered mindset and led to health issues.",406,test,train
135,28,How do members feel about vegan alternatives to meat products?,Vegan alternatives are often seen as unhealthy and dogmatic.,Vegan alternatives can work but aren't necessarily healthier.,Vegan alternatives helped some with food freedom and ethical reasons.,407,test,train
136,9,What are some alternative creamers you use for your coffee?,"Heavy cream, almond milk, and MCT creamers.","Unsweetened almond milk, sugar-free vanilla syrup.","Almond milk, oat milk, and Jordan's Skinny Syrups.",408,test,train
136,9,How do you sweeten your coffee or tea without using sugar?,I use monk fruit sweetener or Swerve.,I use Splenda or Jordan’s Skinny Syrups.,I add a pinch of sweetener or use flavored syrups.,409,test,train
136,9,What is your preferred method for brewing coffee?,Cold brew with a splash of heavy cream.,Nespresso brewed over ice or cold brew.,French press or Keurig with flavored creamers.,410,test,train
137,58,What are some strategies you use to cope with waking up in the middle of the night?,"I try using a white noise machine, or take magnesium about 2 hours before bedtime.","I drink some water and avoid putting my feet on the floor, which helps me fall back asleep.",I usually take melatonin or try to listen to an audiobook to help me sleep again.,411,train,test
137,58,How does your sleep schedule change when you start a new diet or exercise routine?,"I experienced insomnia initially, but it improved after a couple of weeks.","My sleep patterns can get disrupted, especially if I cut too many calories.",Restricting makes it hard to sleep; I often wake up super early or can't sleep at all.,412,train,test
137,58,What role does magnesium play in your bedtime routine?,Magnesium helps me sleep better; I take it a couple of hours before bed.,I haven't tried magnesium specifically; I focus more on sleep hygiene.,Magnesium helps reduce muscle contractions and aids in falling asleep.,413,train,test
138,58,What are some common supplements people take to help with sleep?,"Magnesium, melatonin, ZMA, and l-tryptophan.",Melatonin and magnesium supplements.,"Melatonin, CBD oil, and doxylamine.",414,train,test
138,58,How do you adjust your sleep schedule to improve sleep quality?,"Go to bed earlier, avoid late meals, and establish a bedtime routine.","Maintain consistent sleep and wake times, avoid screen time before bed.","Use two alarms, one gentle, one loud, to wake up consistently.",415,train,test
138,58,What are some non-supplement methods you use to help fall asleep?,"Meditations, chamomile tea, a hot bath, and reducing blue light exposure.","Drinking milk, finding a comfortable sleep position, and reducing caffeine intake.","Listening to soothing podcasts or audiobooks, using a pillow between knees.",416,train,test
139,47,What type of nut butter do you find most addictive?,"Peanut butter, especially the natural kind.","Natural peanut butter, but almond butter can be a close second.","Peanut butter, it's hard to stop once I start.",417,train,train
139,47,How do you manage portion control when eating nuts?,I use a food scale to measure portions accurately.,I weigh out my servings to make sure I don't overeat.,I avoid buying large quantities and stick to single servings.,418,train,train
139,47,"Have you tried powdered peanut butter? If so, how do you use it?","Yes, I use it to cut down on calories and mix it with water.","Yes, I mix it with water for smoothies or oatmeal.","Yes, I use it when I want the flavor but fewer calories.",419,train,train
140,5,What are some low-carb alcoholic drinks you can have while on a diet?,"Vodka with soda water, gin and tonic, white claw.","Hard seltzers, vodka sodas, dry red wine.","Whiteclaws, vodka sodas, straight liquor.",420,train,test
140,5,How does alcohol consumption affect your weight loss progress?,It can hinder weight loss by adding extra calories and affecting liver function.,Alcohol can slow down fat burning and adds extra calories.,"It adds calories but sometimes replaces food intake, so effects vary.",421,train,test
140,5,How do you manage social situations involving alcohol while trying to lose weight?,"Opt for low-carb drinks, alternate with water, and watch your intake.","Limit drinking to one night a week, have healthy food first, and drink water.","Drink lower-calorie options like vodka sodas, avoid eating much before drinking.",422,train,test
141,88,How much training in nutrition do most doctors receive in medical school?,"Most doctors receive minimal nutrition training, often just one class.","Doctors typically get very little nutrition education, sometimes just a few hours.","Doctors receive minimal training in nutrition, often only a few hours.",423,test,test
141,88,Who should you consult for dietary advice if you want professional help?,"Consult a nutritionist or a dietitian, not a doctor.",Seek out a registered dietitian for professional dietary advice.,A registered dietitian is best for professional dietary advice.,424,test,test
141,88,What are some criticisms faced by dietitians according to the provided comments?,Dietitians often follow outdated guidelines like the food pyramid.,Some dietitians are seen as giving poor or outdated advice.,Dietitians can sometimes be paternalistic or out of touch with updated information.,425,test,test
142,3,How often should you weigh yourself to track weight loss progress?,"Daily, preferably in the morning to keep parameters constant.",Once or twice a week to avoid fluctuations affecting your motivation.,Once a week or less often to avoid triggering fluctuations.,426,test,test
142,3,What is the recommended weight loss rate per week for healthy progress?,2 pounds per week is a healthy rate.,1-2 pounds per week is considered healthy.,1-2 pounds per week to avoid unhealthy weight loss.,427,test,test
142,3,How should you handle weight fluctuations when tracking progress?,Focus on the overall trend line and not daily fluctuations.,Track weight at the same time each day and understand fluctuations are normal.,Understand weight fluctuations are normal due to water retention and other factors.,428,test,test
143,189,How do you handle late-night snacking?,I go to bed early to avoid snacking and drink water if hungry.,I set a cut-off time for eating and drink water to curb hunger.,I save my calories for bedtime to help me sleep.,429,train,train
143,189,What is your strategy when you feel hungry late at night?,Drink water or have pre-made fat bombs.,Brush teeth and drink water to avoid eating.,I eat a small snack before bed if needed.,430,train,train
143,189,Do you find intermittent fasting helps with evening cravings?,"Yes, having a defined eating window helps me avoid snacking.","Yes, it helps me avoid evening snacks by setting strict rules.","Yes, it reduces my eating hours and anxiety.",431,train,train
144,89,What should be the focus for someone struggling with motivation and consistency in their diet and workout routines?,"Focus on tracking meals, adjusting macros, and possibly introducing strenh training.","Focus on setting realistic goals, meal prepping, and getting enough sleep.",Focus on finding a sustainable routine and possibly seeking support from friends or professionals.,432,train,train
144,89,How does age and gender affect weight loss progress?,"Women and older individuals generally lose weight slower, often due to hormonal differences.","Age and gender can lower TDEE, making weight loss slower for older adults and women.",Hormonal differences and slower metabolism in women and older adults can make weight loss more challenging.,433,train,train
144,89,What are some common mistakes people make in believing they're eating at a calorie deficit?,Not accurately weighing food and miscalculating macros can lead to mistaken deficits.,Underestimating portion sizes and not accounting for liquid calories.,Overestimating exercise calories and not tracking all food intake accurately.,434,train,train
145,61,What are some ways you stay warm during winter after losing weight?,"Wear more layers, use a space heater, drink hot tea.","Layer up with sweaters and jackets, keep the thermostat high.","Use a heated blanket, wear multiple pairs of socks, drink instant broth.",435,train,train
145,61,How does losing body fat affect your sensitivity to cold weather?,"Losing body fat reduces insulation, making you feel colder.","Less fat means less insulation, so you get cold easier.","Fat loss decreases insulation, causing constant coldness.",436,train,train
145,61,What temperature do you usually keep your home during the winter?,Around 62°F to save on heating bills.,"About 75°F, and I also use multiple blankets.","Around 85°F, I can’t stand being cold.",437,train,train
146,25,What combination of exercises and diet changes can help with reducing belly fat?,You can't spot reduce fat. Focus on a calorie deficit and muscle-building exercises to improve appearance.,Combine calorie deficit with cardio and ab workouts. Strenh training can help tone your muscles.,"A consistent calorie deficit and abdominal exercises might help, but genetics play a big role.",438,train,train
146,25,Why is it hard to lose belly fat compared to other areas of the body?,"It's often the last place fat goes away, especially for males. The body decides where to lose fat first.",Belly fat is stubborn due to genetics. You must lower overall body fat percentage.,"It's hard because the body stores fat there to protect vital organs. It's common to have a ""pouch.""",439,train,train
146,25,How can posture affect the appearance of your belly?,"Not directly addressed, but strenh training can improve overall appearance.",Anterior pelvic tilt can make your belly stick out. Fixing it might help.,Anterior pelvic tilt can push out your belly. Correcting it can make it appear flatter.,440,train,train
147,7,How do you cope with the urge to binge eat?,I drink water or distract myself with other activities like swimming or hiking.,I drink water and keep my hands busy to avoid bingeing.,I try to use the memory of how bad binging feels to deter myself.,441,test,train
147,7,What strategies have you found useful for managing emotional eating?,Changing my relationship with food and finding other stress relief methods.,Prioritizing other activities and keeping healthy snacks available.,Focusing on staying full and avoiding eating unless I'm sure I'll be full.,442,test,train
147,7,How do you handle feelings of guilt after overeating or binging?,I remind myself that overeating is more wasteful and try to move on.,I focus on giving myself compassion and love to break the cycle.,I remind myself that binges don't make me feel better and use the memory to avoid future binges.,443,test,train
148,42,What is a common strategy for someone transitioning to OMAD?,Start with intermittent fasting and gradually shorten the eating window.,Begin with skipping breakfast and progress to one meal a day.,Start by eating one large meal in the evening after fasting during the day.,444,train,train
148,42,How do you ensure you get enough calories on OMAD?,"Plan meals to meet your macros, especially protein and fats.",Count calories and ensure you're eating enough during your one meal.,"Eat a huge meal with a mix of protein, carbs, and fats to feel full.",445,train,train
148,42,What are some reasons people might prefer OMAD?,It simplifies meal planning and helps with calorie management.,It makes it easier to control calorie intake and can help with weight loss.,It prevents the urge to binge and helps with portion control.,446,train,train
149,3,How frequently do you suggest weighing yourself for accurate tracking of weight loss progress?,"Once a week, preferably in the morning after using the bathroom.","Once a week, at the same time each week, for consistency.","It varies, but some find weighing themselves daily helps understand fluctuations, while others avoid it to prevent obsession.",447,train,test
149,3,What could be the reason for sudden weight gain even if diet and exercise routines haven't changed?,It's likely water weight or normal daily fluctuations. It could also be due to increased activity or hormonal changes.,"Water retention, hormonal changes, or high sodium intake can cause this. Stress and lack of sleep may also contribute.","Could be water weight, natural body fluctuations, or inaccurate weighing due to scale positioning.",448,train,test
149,3,How do you deal with plateaus during weight loss?,"Stay the course, adjust calorie intake, and maybe increase activity. Plateaus are normal.","Mix up workouts, check calorie intake, and be patient. Consider intermittent fasting.","It’s tough, but sometimes hiding the scale or focusing on non-scale victories helps.",449,train,test
150,133,What are some common side effects people report experiencing with artificial sweeteners?,"Bloating, headaches, digestive issues, and increased cravings.","Cravings, bloating, and sometimes increased hunger.","Bloating, headaches, disruptions in gut health, and digestive issues.",450,train,train
150,133,"Which artificial sweeteners do members suggest avoiding, and why?",Avoid aspartame and sucralose; they can cause digestive issues.,Avoid aspartame due to brain and gut health concerns.,Avoid aspartame and sucralose; they affect gut bacteria negatively.,451,train,train
150,133,How do artificial sweeteners impact weight loss according to users?,Mixed views; some believe they stall weight loss by causing insulin spikes.,"Generally fine in moderation, but might increase cravings.","Can cause cravings, disrupt gut health, and potentially slow down weight loss.",452,train,train
151,69,How do people without a gallbladder typically manage their dietary fat intake on keto?,They often take ox bile supplements and avoid excessively fatty meals.,They focus on consuming more protein like chicken and turkey while avoiding fatty or fried foods.,They usually avoid high-fat foods and might eat plain foods like oatmeal and boiled vegetables.,453,train,train
151,69,What are some common symptoms that might indicate gallbladder issues?,"Symptoms include nausea, upper left belly pain, and severe diarrhea after fatty meals.","Severe abdominal pain, especially after eating fatty foods, and potentially vomiting.","Radiating pain in the abdomen, vomiting, and diarrhea are common symptoms.",454,train,train
151,69,How do rapid weight changes impact gallbladder health?,Rapid weight loss can increase bile secretion and lead to gallstones.,Rapid weight loss can cause gallstones due to low activity in the gallbladder.,Rapid weight loss can lead to gallstones and might require gallbladder removal.,455,train,train
152,111,How much weight fluctuation can you typically expect during your menstrual cycle?,Around 3-10 pounds due to water retention.,"3-5 pounds, usually normalizes after the period ends.","3-5 pounds, sometimes up to 10 pounds due to water weight.",456,train,train
152,111,When do you experience the most significant weight gain during your cycle?,Usually the week before my period.,The week before my period starts.,Right before my period starts and during it.,457,train,train
152,111,What advice would you give to someone who gets discouraged by weight fluctuations during their period?,Don't weigh yourself during your period; focus on long-term progress.,Avoid weighing yourself during this time and stay consistent with your habits.,Understand it's just water weight and will drop after the period ends.,458,train,train
153,1,How do you feel when people comment on your weight loss?,"I appreciate it, but sometimes it feels awkward.",I prefer people not to comment unless I bring it up first.,I hate it because it triggers my ED thoughts.,459,test,train
153,1,How do you handle negative comments about your weight?,I try to ignore them and focus on my progress.,I use them as fuel to push harder in my weight loss journey.,They make me want to restrict even more.,460,test,train
153,1,Have you experienced different treatment from people after losing weight?,"Yes, people are more friendly and respectful now.","Definitely, people seem to be more considerate and nicer.","Yes, but it only feeds my insecurities about my appearance.",461,test,train
154,116,How do you handle paywalls when trying to access research studies?,I look for alternative links or use Sci-Hub.,I usually try to find summaries or other sources discussing the study.,I search for the study on PubMed or ask if anyone has a copy.,462,test,test
154,116,How important is it for a study to be peer-reviewed?,It's crucial; peer review is the gold standard.,Very important; I avoid citing studies that aren't peer-reviewed.,"It's essential for credibility, but I also look at the study's methodology.",463,test,test
154,116,What do you do if you can't find direct evidence supporting a claim?,I don't take the claim seriously without solid evidence.,I try to find other reliable sources or studies to back up the claim.,I remain skeptical and look for more research or expert opinions.,464,test,test
155,2,What do you think is the hardest part of maintaining progress after achieving some initial success?,The hardest part is keeping the weight off; it's tougher than losing it initially.,The hardest part is staying disciplined and not getting discouraged.,The hardest part is dealing with the mental struggle and not relapsing.,465,train,train
155,2,How do you deal with setbacks or relapses during your journey?,I remind myself that setbacks are normal and use them to learn and improve.,I try not to dwell on it and just focus on doing better the next day.,"I acknowledge the pain, seek support, and remind myself that recovery isn't linear.",466,train,train
155,2,What advice would you give to someone who feels discouraged at the start of their journey?,Keep going; focus on the progress you've made and stay consistent.,Take it one day at a time and celebrate small victories.,Seek support and remember that it's okay to struggle; you're not alone.,467,train,train
156,36,How has your period been affected by switching to a keto diet?  ,My period was irregular at first but normalized after a few months.  ,"I haven’t tried keto, but my period got messed up with weight loss efforts.  ","Never tried keto, but any diet change messes with my cycle.  ",468,train,train
156,36,Have you experienced weight gain from birth control?  ,"Yes, I gained weight on Depo and am considering switching to Mirena.  ",Gained weight on Mirena but managed to lose it with consistent effort.  ,"Not much weight gain, but I hated the side effects of birth control.  ",469,train,train
156,36,What steps have you taken to manage irregular periods due to weight loss?  ,I increased my electrolytes and saw a doctor for advice.  ,I talked to my doctor and adjusted my diet for better nutrition.  ,I’ve been trying to maintain my weight and eat regularly to stabilize my period.  ,470,train,train
157,26,What are some potential triggers for eating disorders according to the comments?,Life changes like the COVID pandemic can trigger eating disorders.,Deep feelings of shame and emotional instability can trigger disordered eating.,Puberty and significant life stresses can trigger eating disorders.,471,train,test
157,26,How do members suggest addressing eating disorders?,Seek help from a therapist who specializes in eating disorders.,Consult a doctor or therapist and consider therapy.,"Focus on personal responsibility and recovery, possibly using medication and therapy.",472,train,test
157,26,How do eating disorders affect one's perception of their body?,People with eating disorders often have body dysmorphia and see themselves as larger than they are.,"Eating disorders create a skewed perception of one's own body, often leading to unhealthy weight loss practices.","Eating disorders are tied to body dissatisfaction and self-worth issues, affecting how one sees their body.",473,train,test
158,1,How do people treat you differently after losing weight?,People are much more willing to talk to me now and help me out.,"People are just much nicer to me, more eye contact, and open doors.",People are so much kinder to me since I’ve lost weight.,474,train,train
158,1,How do you cope with negative comments about your weight?,I use them as motivation to keep working on my goals.,I remind myself why I put so much energy into losing weight.,"I get upset, but sometimes I feel happy seeing those who commented gain weight.",475,train,train
158,1,Do you notice a difference in how people treat you based on your weight?,"Yes, people treat me like a human after I lose weight.","Yes, people smile more at me and do kind things when I'm smaller.","Yes, people mistreated me when I was overweight and are now kinder.",476,train,train
159,37,How did Seroquel affect your weight or appetite?,It made me gain weight and affected insulin regulation.,"I gained 50 lbs in 3 years, so my doctor is switching me to Abilify.","It made me hungry, but I managed by sleeping right after taking it.",477,train,train
159,37,What was your experience with Wellbutrin and weight management?,Wellbutrin caused weight loss but also increased my emotional sensitivity.,"Helped with depression and anxiety, but didn't lead to significant weight loss by itself.","It led to weight gain for me, despite its reputation for causing weight loss.",478,train,train
159,37,How did Prozac influence your weight?,"I didn't gain any weight on Prozac, I was lucky.",I gained 20 pounds and am working to get back to a healthy weight.,I actually lost weight initially because it made me slightly nauseous.,479,train,train
160,3,How often do you recommend weighing yourself to avoid daily fluctuations affecting your mental state?,"Once a month or weekly, considering the overall trend.",Weekly or every two weeks to avoid daily fluctuations.,"Ideally once a week, but many struggle and weigh daily.",480,test,test
160,3,What are the main causes of weight fluctuations according to your experience?,"Water retention, bowel movements, and hormonal changes.","Sodium intake, exercise, and menstrual cycle.","Water retention, food weight, and hormonal changes.",481,test,test
160,3,"How do you handle weight loss plateaus, and what strategies have helped you overcome them?",Switching up workouts and adjusting calorie intake.,Increasing exercise difficulty and sometimes eating more.,Changing exercise routines and trying to stay patient.,482,test,test
161,7,How do you avoid overeating due to emotional triggers?  ,I try to keep my hands busy with knitting or cross-stitching to avoid snacking out of boredom.  ,I write down my feelings and say them out loud to process my emotions instead of eating.  ,I plan serious workouts on those days to avoid overeating due to emotional triggers.  ,483,train,train
161,7,What are some strategies to combat binge eating during idle moments?  ,"I binge the most when sitting idle, so I try to stay busy during my downtime.  ",I try not to keep any binge-worthy foods in the house to avoid the temptation.  ,"Sometimes, I play mind games to distract myself from eating when I’m idle.  ",484,train,train
161,7,How do you handle guilt after a binge episode?  ,I try to move on and do some soul searching to understand why it happened.  ,I remind myself that one binge won’t ruin all my progress and try to avoid feeling guilty.  ,I tend to restrict heavily the next day to counteract the guilt from bingeing.  ,485,train,train
162,34,What ingredients do you typically add to your protein shakes to enhance their flavor or nutritional value?,"I use almond milk, heavy cream, peanut butter, sucralose, salt, and sometimes instant coffee or sugar-free Hershey syrup.","I mix protein powders with cashew milk or almond milk and sometimes add yogurt, fruit, or oats.","I use almond milk, frozen fruit, and sometimes add collagen powder, flax seeds, or peanut butter powder.",486,train,train
162,34,What is a common concern you have about the quality or content of protein powders?,"Protein shakes can hide artificial sweeteners in proprietary blends, impacting gut health.",Many protein powders have hidden sugars and artificial ingredients which can hinder weight loss.,"The protein content and calories are often mislabeled and unreliable, making it hard to trust the product.",487,train,train
162,34,Have you found any specific protein powder brands or flavors that you find particularly effective or enjoyable?,"I like Isopure zero carb protein powder, both unflavored and flavored options.",Premier Protein shakes are my go-to; they are affordable and taste good.,"I prefer Premier Protein shakes, especially the caramel and chocolate flavors.",488,train,train
163,10,What strategies do you use when your clothes no longer fit due to weight loss?,Thrift stores like Goodwill or donate clothes; buy new clothes sparingly.,Shop clearance or thrift stores; try to avoid spending too much until goal weight.,Save old clothes for later; buy a few new pieces that fit for motivation.,489,train,test
163,10,How do you handle the emotional aspect of trying on clothes that don't fit as expected?,Focus on the progress and remember the journey; take it as a positive change.,Measure myself against older clothes; try not to be disheartened.,Avoid specific triggering clothing like jeans; stick to safer items like skirts.,490,train,test
163,10,What types of clothing do you find the most challenging to buy when your body size is changing frequently?,Jeans and pants are the toughest; they often don't fit right.,Jeans and work pants; it's hard to find the right fit.,Pants and fitted tops; oversized clothing feels more comfortable.,491,train,test
164,35,"Which app do you prefer for tracking macros on a keto diet, and why?","Cronometer, because it tracks net carbs and has a more accurate database.","MyFitnessPal, it's easy to use and has a large database.","LoseIt, it's user-friendly and doesn't trigger me as much as other apps.",492,train,train
164,35,How do you deal with inaccurate food listings in tracking apps?,Verify with Google or use a different app like Cronometer.,Double-check nutritional labels and correct entries manually.,I avoid apps with user-entered data and prefer Cronometer for accuracy.,493,train,train
164,35,What features are most important to you in a fitness tracking app?,Accurate macro tracking and the ability to track net carbs.,A large food database and an easy-to-use interface.,Ability to log everything and track micronutrients without being too triggering.,494,train,train
165,54,How do you cope with sugar cravings while on a diet?,I go cold turkey or swap with high-fat foods and use stevia or erythritol.,"I eat high-protein, low-carb foods and use fruit or artificial sweeteners.",I try to eat fruit or avoid sugary foods altogether.,495,train,train
165,54,What strategies have you used to reduce sugar intake?,I cut out all sugar for weeks and use dark chocolate or berries when needed.,I eliminate sugary drinks and use liquid stevia in my coffee.,I cut out refined sugars and try to power through the cravings.,496,train,train
165,54,What is your experience with artificial sweeteners?,I use stevia or erythritol; they don’t make me crave real sugar.,"I use artificial sweeteners, but they might lead to cravings for some people.",I sometimes use zero-calorie sweeteners in coffee or tea to stop cravings.,497,train,train
166,66,What are some keto-friendly birthday treats or cakes you can enjoy while staying on the diet?,Coconut flour chocolate cake with cream cheese frosting or pumpkin pie cake.,Not applicable (they don't typically focus on keto treats).,Not applicable (they don't typically focus on keto treats).,498,train,train
166,66,How do members of this subreddit manage their diet on their birthday?,"Some take a break from the diet, while others avoid carbs and stick to keto-friendly foods.",Many suggest enjoying the day and getting back on track the next day.,"Responses vary, but some try to treat themselves without guilt, while others struggle with allowing themselves to eat.",499,train,train
166,66,How do people in this subreddit handle social pressures to eat unhealthy foods at birthday parties?,Many say no to cake and bring their own keto-friendly options.,Some indulge a little but plan to compensate later.,They often experience significant stress and try to balance enjoyment with their ED struggles.,500,train,train
167,96,What is one reason some people might avoid counting calories?,Some people find counting calories too obsessive and prefer to rely on portion control or eating nutrient-dense foods.,"Counting calories can be exhausting and unsustainable for some, leading them to prefer other methods.","Counting calories can exacerbate anxiety and lead to obsessive behaviors, so some avoid it to maintain mental health.",501,train,train
167,96,How do individuals on keto keep track of their food intake without counting every calorie?,They often have a general idea of calorie content in common foods or focus on carb limits.,They may use portion control or meal guides that estimate overall daily intake.,They frequently rely on pre-established mental calculations or rough estimations of portion sizes.,502,train,train
167,96,What role does weighing food play in ensuring accurate tracking?,Weighing food helps ensure portion sizes are accurate to maintain calorie deficits.,Weighing food provides more precise measurements to avoid underestimating calorie intake.,Weighing food can cause anxiety but is sometimes used loosely for peace of mind regarding portion sizes.,503,train,train
168,111,How does your weight typically fluctuate during your menstrual cycle?,I gain a couple of pounds the week before my period and then lose it after it starts.,"I tend to hold weight the week before my period, then lose it the week after.",My weight fluctuates by around 5 lbs during my period due to water retention and bloating.,504,train,train
168,111,What strategies do you use to manage weight gain during your period?,I avoid weighing myself during my period and focus on staying hydrated.,I skip weigh-ins during my period to avoid frustration and maintain healthy habits.,I try to drink more water and avoid stressing over the temporary gain.,505,train,train
168,111,How long after your period starts do you notice the weight gain subsiding?,"Usually a couple of days after my period starts, I lose the weight I gained.",It takes about a week after my period starts for the weight to drop off.,The weight usually drops off a few days after my period ends.,506,train,train
169,20,What are some common dietary changes that can help improve skin issues like rashes or acne while on keto?,"Cutting out dairy and artificial sweeteners, adding low glycemic fruits, and drinking more water.","Drinking more water, reducing dairy intake, and using antioxidant-rich lotions or oils.","Eliminating dairy, adding vitamin-rich foods, and using gentle skincare products.",507,train,train
169,20,How do members deal with itchy rashes or dry skin that develop during weight loss or dietary changes?,Using lotions like Vaseline Intensive Care Itch Defense and drinking more water.,Showering immediately after workouts and using balanced pH soaps.,Applying heavy moisturizers like Eucerin and incorporating skin oils into routines.,508,train,train
169,20,What role do hormonal changes play in skin issues during dietary changes or weight loss?,"Hormonal changes can cause acne or rashes, particularly due to increased ketone levels and testosterone.","Hormonal changes from weight loss can cause acne and skin issues, requiring consistent skincare.","Hormonal imbalances due to restriction or weight changes can worsen acne, making it difficult to manage.",509,train,train
170,9,What sweeteners do you use for your coffee?,I use monk fruit or erythritol as sweetener.,I use stevia or sometimes sugar-free syrups.,I add a bit of 0 cal sweetener like Splenda.,510,train,train
170,9,How do you make your iced coffee?,Iced coffee with heavy cream and a splash of Jordan’s Skinny Syrup.,I use cold brew with a splash of non-fat milk and one pump of sugar-free caramel.,Iced coffee with oat milk and sometimes a sugar-free flavor.,511,train,train
170,9,How do you feel about unsweetened almond milk?,Unsweetened almond milk is a good low-carb option.,It's a great low-calorie alternative to regular milk.,I love it because it feels safe and is low-calorie.,512,train,train
171,5,How does alcohol consumption affect ketosis for those on a keto diet?,"Alcohol puts ketosis on hold, and your body prioritizes metabolizing it over fat.",Alcohol has empty calories and can hinder weight loss efforts.,"Alcohol calories don't count for me, but it does impact my control over eating.",513,test,test
171,5,What strategies do people use to manage alcohol consumption while trying to lose weight?,Opt for low-carb drinks like vodka soda and count calories strictly.,Limit drinking to weekends and choose low-calorie options like skinny cocktails.,I fast before drinking to balance out the calorie intake.,514,test,test
171,5,What are the consequences of drinking alcohol on weight loss progress?,Drinking alcohol can kick you out of ketosis and slow down weight loss.,Alcohol leads to consuming more calories and making poor food choices.,Alcohol makes me binge eat and lose control over my diet.,515,test,test
172,35,Which app do you find most reliable for tracking macros accurately?,"Cronometer, because its database is curated and accurate.",I prefer My Fitness Pal due to its extensive database.,"Cronometer, as it avoids user-submitted errors and includes a free barcode scanner.",516,train,train
172,35,Why did you switch from MyFitnessPal to another app?,"MFP has too many inaccurate entries, so I switched to Cronometer.","MFP became frustrating to use and navigate, so I switched to Lose It.","MFP triggered disordered eating for me, so I moved to Cronometer.",517,train,train
172,35,How do you handle inaccuracies in app databases?,Verify against labels and use Cronometer for curated data.,Cross-check with USDA entries and user submissions.,Create my own entries or use Cronometer for verified information.,518,train,train
173,61,How do you stay warm when you feel cold indoors?,I use a heating pad or electric blanket.,I wear layers and sometimes use an electric blanket.,I sit in front of a heater with multiple layers on.,519,train,train
173,61,Have you noticed a change in your sensitivity to cold after losing weight?,"Yes, I get cold easily now.","Definitely, I feel colder all the time now.","Yes, I feel cold even in warmer weather.",520,train,train
173,61,What types of clothing do you find most effective for keeping warm during winter?,"I wear hoodies, sweaters, and sometimes double up on clothing.","I prefer leggings, sweaters, and winter jackets.","Thermal leggings, wool socks, and multiple layers.",521,train,train
174,32,How does smoking weed affect your motivation to work out?,"From my experience, if I'm already motivated, smoking weed enhances my focus and helps me work out better.","For me, smoking sativa strains gives me the best workouts of my life because it energizes me.","When I smoke, I tend to focus on other things like cleaning or work, which can sometimes replace the urge to work out.",522,train,test
174,32,What impact does quitting smoking have on weight loss?,"Quitting smoking was the hardest thing ever, but it improved my overall health and confidence.","Initially, I gained weight after quitting smoking, but then I lost weight easier due to sleeping and feeling better.","Quitting smoking slightly slowed down my metabolism, but it was worth it for my health.",523,train,test
174,32,How do you deal with the munchies after smoking weed?,"I try to ignore the munchies, knowing they're not ""real."" If that fails, I smoke closer to when I'm about to eat.",I prepare healthy snacks before smoking and drink lots of water to combat the munchies.,I try to focus on other activities like painting to distract myself from eating when I'm high.,524,train,test
175,5,What type of alcoholic drink do you prefer when trying to keep carbs or calories low?,"Vodka with soda or tonic, sometimes gin with lemon.",Vodka with diet soda or hard seltzers.,Vodka with flavored seltzer or white claws.,525,train,test
175,5,How does drinking alcohol impact your weight loss or diet efforts?,It stalls fat burning as the liver prioritizes metabolizing alcohol.,"It adds empty calories and lowers inhibitions, leading to overeating.",It adds calories and often leads to binge eating.,526,train,test
175,5,What do you do to manage hangovers while on a diet or specific eating plan?,Drink plenty of water and replenish electrolytes with salt.,Eat a balanced meal before drinking and hydrate well.,Drink water before bed and after waking up.,527,train,test
176,46,How do you feel about the shape of your thighs and what have you tried to change them?,"I love my muscular thighs, even if they make pants difficult.","I'm self-conscious about my big thighs, trying light exercise and caloric deficit.",I hate my thighs and always try to hide them with loose jeans.,528,train,train
176,46,Have you noticed any changes in your arms with weight loss or strength training?,"Yes, my arms became well-defined after strength training.",My arms got slimmer but I'm still insecure about them.,"My arms are always big, even at my lowest weight.",529,train,train
176,46,What body shape do you have and how does it affect your self-perception?,"I'm apple-shaped, always feel disproportionate.",I have an hourglass shape but feel unfeminine without boobs.,I'm pear-shaped and hate my hips and thighs.,530,train,train
177,12,What type of exercise do you enjoy the most and find sustainable?,I enjoy cycling and lifting weights because they're sustainable for me.,I love biking to work; it's mentally satisfying and consistent.,I enjoy long walks; they are relaxing and manageable for me.,531,train,train
177,12,How do you combine cardio with strength training in your routine?,I do full body strength training twice a week and cardio on alternate days.,"I combine running on the treadmill and weightlifting, alternating days.",I go for runs and also have a weekly strength training day.,532,train,train
177,12,What strategies do you use to stay motivated to work out regularly?,I remind myself of the benefits and push myself even on tough mornings.,I listen to podcasts and set achievable goals to stay motivated.,I think about how good I feel after a workout to stay motivated.,533,train,train
178,35,"Which fitness tracking app do you prefer for tracking macros, and why?","Cronometer, because it's accurate, tracks net carbs well, and has a great nutritional report.",I use MyFitnessPal for its extensive food library and recipe import features.,"I like Lose It because it has more foods listed, especially from different cuisines.",534,test,train
178,35,How do you feel about the accuracy of MyFitnessPal's food database?,It's a dumpster fire with a lot of bad data; I prefer Cronometer.,It's generally good but has user errors; always double-check values.,It was stressful for me due to inaccurate entries; I switched to something else.,535,test,train
178,35,What features do you find most useful in a tracking app?,The barcode scanner and detailed micronutrient tracking in Cronometer.,The ability to scan barcodes and link to my Fitbit in MyFitnessPal.,I like how Lose It tracks good food habits and has a multicultural food database.,536,test,train
179,25,What is the general consensus on spot fat reduction in the belly area?,Spot fat reduction is a myth; you can't target specific areas. ,You can't target belly fat; you need an overall calorie deficit.,Targeting specific areas doesn't work; fat distribution is genetic.,537,train,train
179,25,What are some effective methods to reduce overall body fat that might also help with belly fat?,Intermediate fasting and keto can help reduce overall body fat.,Eat in a calorie deficit and incorporate cardio and weight training.,Increasing muscle mass and then doing a slow cut might help.,538,train,train
179,25,How does genetics play a role in where fat is lost first or last?,"Genetics determine where your body stores and loses fat, often the belly is last.",Genetics dictate where you gain and lose weight; the belly is often last.,"Fat distribution and loss are predominantly genetic, and the belly might be the last to go.",539,train,train
180,23,What supplements have people taken to combat hair thinning or loss?,"Biotin, collagen, zinc, B6, and trace minerals.","Multivitamins, biotin, and collagen supplements.","Biotin, vitamin D, and multivitamins.",540,test,train
180,23,How long did it take for someone's hair to grow back after starting a new supplement or dietary change?,"Typically, it took around 6-12 months for noticeable regrowth.",It varied but generally took a few months to see improvements.,Took about 5-6 months before I stopped shedding so much.,541,test,train
180,23,What dietary changes have been suggested to help with hair regrowth?,"Increasing protein and collagen intake, along with ensuring proper nutrition.",Eating more protein and ensuring a balanced diet with essential vitamins.,Increasing protein intake and taking supplements like biotin and vitamin D.,542,test,train
181,1,How do people generally react to noticeable weight loss?,"Mixed reactions, some congratulate, others make negative comments like ""you look sick.""","Mostly indifferent or polite, very few people notice or comment.","Often negatively, with comments that can trigger feelings of inadequacy or pressure to lose more weight.",543,train,train
181,1,What are common feelings experienced after losing a significant amount of weight?,Feelings of body dysmorphia and frustration with negative comments.,Frustration with lack of acknowledgment and ongoing self-image issues.,Persistent dissatisfaction with body image and increased self-scrutiny.,544,train,train
181,1,How does losing weight impact your social interactions and relationships?,Improved dating prospects but mixed reactions from family and coworkers.,"Mixed; some people treat you better, others may feel jealous or annoyed.","Often leads to increased attention, sometimes unwanted or negative.",545,train,train
182,18,How often do you allow yourself to have cheat meals or days?,"Rarely, maybe once every few months.","Occasionally, maybe once a week or less.","Frequently, almost weekly.",546,train,train
182,18,What kind of foods do you usually indulge in during your cheat days?,Mostly high-carb foods like pizza or desserts.,Fast food or high-calorie meals like pizza or burgers.,"Foods I normally restrict, like pastries, pizza, ice cream.",547,train,train
182,18,How do you handle the day after a cheat day?,Get right back on track with my diet.,Go back to my usual calorie deficit and exercise routine.,I often restrict heavily to compensate.,548,train,train
183,5,What types of alcoholic drinks are most compatible with a keto diet?,"Zero carb seltzers, whiskey neat, vodka or tequila sodas, and tequila shots.","Clear spirits with seltzer, like vodka soda with lime or a rum and diet coke.",Tequila soda with lime or vodka and sparkling water to minimize calories.,549,train,test
183,5,How does drinking alcohol affect your progress on a weight loss journey?,Drinking can slow weight loss by pausing fat burning and adding extra calories.,"It adds empty calories, stops fat burning, and can lead to poor food choices.",It complicates weight loss by adding calories and often leads to binge eating.,550,train,test
183,5,How do you manage social situations that involve alcohol consumption while trying to lose weight?,"Choose low-carb options and drink in moderation, sometimes skipping the drink entirely.","Opt for low-calorie drinks, limit quantity, and incorporate physical activity.",Often avoid drinking or choose low-calorie options; may struggle with social pressure.,551,train,test
184,53,How should you respond if a family member tries to give you unsolicited advice?,Ignore it or politely walk away if you don't respect their opinion.,"Be polite but firm, maintain healthy boundaries.",Try to change the subject or indicate that their advice isn't helpful.,552,train,train
184,53,What strategies can you use to maintain your boundaries with family members?,Set clear boundaries and be okay with telling them to back off.,Set firm boundaries and block out negative influences.,"Use ""I"" statements to express your feelings and establish limits.",553,train,train
184,53,How do you deal with a toxic family member who makes you feel guilty?,Cut them out of your life if possible.,Focus on self-care and distance yourself if necessary.,"Recognize it's their issue, not yours, and seek support from others.",554,train,train
185,98,How do you handle holiday gatherings when trying to stick to a specific way of eating or diet?,"I try to moderate and enjoy in small amounts, focusing on protein and fats.",I use portion control and sometimes eat something healthy beforehand.,I often try to avoid them or fake being sick to avoid binging.,555,test,train
185,98,What strategies do you use for resisting holiday treats?,I usually focus on keto-friendly treats and avoid high-carb foods.,"I use smaller plates, drink water, and select lower-calorie options.",I try to avoid situations where food is prominent and stay busy.,556,test,train
185,98,Do you find it difficult to return to your routine after the holidays?,"Yes, it's challenging but I remind myself of my health goals.","It can be tough, but I try not to beat myself up and get back on track.","Absolutely, the guilt and anxiety make it very hard.",557,test,train
186,37,How has sertraline affected your weight loss journey?,It's slightly reduced my weight loss. I lost 6 pounds my first week but then it slowed.,"I gained weight on sertraline, 10kg in a year. It's been hard to lose it.",I’m on 125mg of sertraline and didn’t gain weight. It helped me.,558,train,train
186,37,What strategies have you used to manage medication-induced hunger?,"I manage it by tracking my calories and sticking to keto, which helps curb cravings.",I count calories religiously and do HIIT to control weight gain from meds.,"I try to control my appetite by taking Wellbutrin, which helps with hunger.",559,train,train
186,37,Which medications have you found to be weight-neutral or helpful for weight loss?,Wellbutrin has been weight-neutral and helped with weight loss for me.,Latuda has been weight-neutral and helped control my schizophrenia.,My psychiatrist recommended Wellbutrin as it's weight-neutral and helps with appetite.,560,train,train
187,46,How do you feel about the shape of your hips and thighs?,,"I have wide hips and round thighs, which makes it hard to find clothes that fit well. It's frustrating but I've learned to embrace it.","My hips are too wide and I hate it. Even when I lose weight, they stay wide, making me feel larger than I am.",561,train,train
187,46,What part of your body makes you feel the most insecure?,,My upper arms and my thighs make me feel the most insecure. They seem disproportionate to the rest of my body.,"My thighs are my biggest insecurity. They're bigger than my head, and I can't stand it.",562,train,train
187,46,How do you deal with body image issues related to your waist size?,,"I try to focus on healthy habits and wear clothes that accentuate my waist, like high-waisted pants and cinched tops.","I obsess over it and try to lose more weight. Even at a low weight, my waist never looks how I want it to.",563,train,train
188,185,What foods can be recommended for someone recovering from wisdom teeth removal?,"Scrambled eggs, Greek yogurt, brothy soups with shredded chicken, mashed cauliflower, and avocado.",,"Applesauce, Jello, yogurt, sugar-free pudding cups, broth, and smoothies.",564,train,train
188,185,How has parosmia affected your eating habits?,"Complex spices taste missing, some foods like eggs taste like sulfur, and coffee can smell like cat piss.",,"Everything started to smell and taste like sewage, making it hard to be around cooking.",565,train,train
188,185,What are some foods you consumed when you had issues with taste and smell due to COVID-19?,"Pureed soups, bone broth, scrambled eggs, and shakes.",,"Noodles with crunchy vegetables, warm salty bone broths, and soylent.",566,train,train
189,177,How has weight loss impacted your need for a CPAP machine?,"Losing weight on keto reduced my need for a CPAP, and my doctor said I might not need it anymore.","As I lost weight, my sleep apnea symptoms improved, and I might not need the CPAP anymore.",,567,test,train
189,177,What changes in snoring have you noticed since starting your weight loss journey?,"My snoring reduced significantly after starting keto, and it stops entirely when I avoid carbs.","My snoring stopped after losing about 15 pounds, and it has improved my sleep quality.",,568,test,train
189,177,What other methods besides CPAP have you tried to alleviate sleep apnea or snoring?,I tried tilting my bed and focusing on reducing inflammation through diet.,I use a wedge pillow and have adjusted my sleeping positions to help with sleep apnea.,,569,test,train
190,100,What is a common strategy to manage food cravings while on the keto diet?,Eat more fatty foods and keep your electrolytes balanced.,"Drink water or hot tea, and distract yourself with non-food activities.",,570,train,train
190,100,How do you handle cravings when you feel they are relentless?,Eat something nourishing and filling that fits your diet.,Eat a small portion of what you crave or a healthier substitute.,,571,train,train
190,100,What should you do if you suspect your cravings are due to a nutrient deficiency?,Consider going carnivore keto for a few days and check your electrolytes.,Take a good multivitamin and ensure you’re eating enough protein and fiber.,,572,train,train
191,120,What are some reasons the scale might not show weight loss despite regular exercise?,"Possibility of gaining muscle, water retention, or scale inaccuracies.","Gaining muscle, water retention, or body adjusting to new workout routine.",,573,train,train
191,120,How can one measure progress if the scale isn't changing much?,"Use a tape measure, track body measurements, and take progress photos.","Take body measurements, progress photos, and check how clothes fit.",,574,train,train
191,120,Why might someone gain weight on the scale after starting strength training?,"Muscle repair and growth, which is denser than fat, leading to weight gain.","Building muscle mass which is denser than fat, causing weight gain on the scale.",,575,train,train
192,56,How does keto diet affect hypothyroidism symptoms and medication dosage?,Many have experienced a reduction in hypothyroidism symptoms and have been able to lower their medication dosage after following a keto diet.,Adjusting thyroid medication and diet can be crucial; discussing changes with an endocrinologist is essential to avoid imbalance.,,576,train,test
192,56,What are some common thyroid tests recommended for someone experiencing hypothyroidism symptoms?,"A full thyroid panel including TSH, FT4, FT3, and checking for TPO antibodies is recommended.","TSH, FT4, FT3, and reverse T3 tests are essential to get a complete picture of thyroid function.",,577,train,test
192,56,How important is it to have your thyroid levels monitored while on a weight loss journey with hypothyroidism?,It's very important; weight loss can affect hormone levels and medication dosages may need adjusting.,"Crucial; you need to ensure your levels are balanced for effective weight loss, and adjustments in medication might be necessary.",,578,train,test
193,142,How do people justify skipping breakfast for weight loss?,,Many find it easier to maintain calorie limits and avoid snacking by skipping breakfast.,Skipping breakfast helps manage calorie intake and prevents feeling hungry later in the day.,579,train,train
193,142,What alternatives to traditional breakfast do people prefer?,,Some prefer coffee or tea until they can eat an early lunch.,"Options like fruit, protein smoothies, or savory items like oatmeal with banana are popular.",580,train,train
193,142,How do people feel physically if they skip breakfast?,,Some feel better and more energized throughout the day.,Often feel fine and sometimes nauseous if they do eat breakfast.,581,train,train
194,80,How do you measure your progress if you don't see changes in the mirror?,"Try on old clothes, compare pictures, and take measurements.","Take progress photos and track your measurements, even if you don't use a scale.",,582,test,train
194,80,What are some signs that indicate weight loss even if the mirror doesn't show it?,"Loose clothing, changes in the fit of old clothes, and boney wrists or collarbones.","Clothes fitting differently, people noticing changes, and feeling more energetic.",,583,test,train
194,80,How long did it take for others to notice your weight loss?,"Around 6 months, or after losing 30-45+ pounds.","About 8 weeks for close ones, 12 weeks for everyone else.",,584,test,train
195,54,How long does it typically take to reduce sugar cravings by cutting out sugar completely?,It takes about 2-3 weeks to reduce sugar cravings by cutting it out completely.,It generally takes around 2-4 weeks of no sugar to reduce cravings significantly.,,585,train,train
195,54,What are some strategies to deal with sugar cravings during the initial phase of cutting sugar?,"Avoid all sweeteners, switch to artificial sweeteners in moderation, and try fasting.","Replace sweet treats with fruits, increase protein intake, and drink flavored seltzer.",,586,train,train
195,54,What is the recommended approach for someone who finds it difficult to moderate their sugar intake?,Go cold turkey and avoid all sweeteners to break the addiction.,"Start with small changes and slowly wean off sugar, replacing it with healthier options.",,587,train,train
196,89,What should be done if a woman is consuming 1200 calories a day but not losing weight?,"She should track her food meticulously, use a food scale, and possibly see a doctor for blood work.","She might not be counting everything accurately, like drinks and sauces, and should consult with a doctor.",,588,train,train
196,89,How does sleep deprivation affect weight loss?,Sleep deprivation can stall weight loss and affect insulin and blood sugar levels.,"It can cause stress and exhaustion, affecting how the body retains weight.",,589,train,train
196,89,What role does exercise play in a woman's weight loss journey if she's already on a calorie deficit?,Exercise can help trade fat for lean muscle and might improve results if paired with intermittent fasting.,Regular exercise is crucial for progress; she should aim for at least 3 days a week at the gym.,,590,train,train
197,55,Why do some people on keto believe CICO alone isn't effective for weight loss?,They think it oversimplifies the body's complex systems and doesn't consider hormones like insulin.,"Even though CICO is correct, metabolic rates and food quality also play a role.",,591,train,train
197,55,How does the keto community view the role of insulin in weight management?,"Insulin resistance can make it hard to lose weight, and low carb can help manage insulin.","Insulin affects appetite and fat storage, making low carb diets helpful for some.",,592,train,train
197,55,What are common challenges mentioned by those who follow CICO for weight loss?,It's hard to maintain due to constant hunger and the misconception that all calories are equal.,Accurately measuring calories and dealing with hunger from low-quality foods are big challenges.,,593,train,train
198,267,What pre-workout drink do you recommend for someone on a keto diet?,Black coffee with added electrolytes or sugar-free pre-workouts like Reign and Bang.,"Many suggest C4 or BuckedUp, but coffee is a good alternative.",,594,train,train
198,267,How important do you think creatine is in a pre-workout supplement?,Creatine is essential and often taken separately for cost-effectiveness.,It's beneficial but not necessary; focus on caffeine and protein instead.,,595,train,train
198,267,What are some natural alternatives to pre-workout supplements that provide energy for workouts?,"Bulletproof coffee with MCT oil or ghee, and salt for electrolytes.","Black coffee or green tea, possibly with a small snack.",,596,train,train
199,18,How often do you allow cheat meals or cheat days while on your diet?,"I usually stick to one cheat meal occasionally, but avoid full cheat days.",I plan a cheat meal every two weeks to stay on track.,,597,train,train
199,18,What do you typically do to recover after a cheat meal or cheat day?,I revert back to my usual low-carb diet and sometimes fast to reset.,I get back to my regular routine and work harder to burn off the extra calories.,,598,train,train
199,18,How does having a cheat day affect your motivation and progress?,Cheat days can mess with my body chemistry and make it hard to get back on track.,Cheat days help me feel less deprived and maintain long-term motivation.,,599,train,train
200,151,What dietary changes can help increase iron absorption?,Skip dairy during meals and pair iron-rich foods with vitamin C.,,"Increase intake of dark leafy greens and oatmeal, and take vitamin C with iron-rich foods.",600,train,train
200,151,What are some common causes of iron deficiency mentioned in the comments?,"Bleeding ulcers, IBS, heavy periods, and vegetarian diets.",,"Anorexia, malnutrition, and autoimmune diseases.",601,train,train
200,151,How can someone with a sensitive stomach take iron supplements effectively?,Take iron supplements every other day and pair with vitamin C.,,"Ask a doctor for gentler iron supplements, like heme iron or Feosol Bifera.",602,train,train
201,0,How long did it take for some people to start seeing results on keto?,"Some people reported seeing results within the first couple of weeks, like losing 6 pounds in the first week.","Some people mentioned it took about a month to see noticeable results, especially after adjusting to the keto diet.",,603,train,train
201,0,What are common reasons for weight fluctuations while on keto?,"Weight fluctuations can be due to changes in water retention, especially if you haven't changed your diet or exercise routine.",Weight fluctuations often occur due to water weight and dietary adjustments. It's important to focus on overall calorie intake.,,604,train,train
201,0,What should one do if they experience a weight loss stall while on keto?,"Keep following the keto guidelines, track your macros closely, and be patient with yourself.","If you experience a stall, consider reassessing your calorie intake and ensure you're in a caloric deficit.",,605,train,train
202,26,How can you differentiate between having an eating disorder and having disordered eating habits?,,An eating disorder involves a disordered mindset and behaviors; it's not just being underweight.,Eating disorders are about unhealthy thought patterns and attitudes towards your weight/body.,606,train,test
202,26,What are some small steps someone with an eating disorder can take to start their recovery?,,Start by adding an extra 100 calories a day and speak to a doctor.,Try not measuring one item or adding a piece of fruit or veggie.,607,train,test
202,26,Why do some people with eating disorders feel the need for validation?,,Because they might feel like they are not doing enough or need reassurance.,EDs are very jealous and need validation from others' comments to feel like they're doing it right.,608,train,test
203,238,What are some common ingredients used to make homemade pickle juice?,"Salt, spices, vinegar, and water. Optionally, you can add preservatives and yellow food colorant.",,"Garlic and jalapenos or other peppers, along with the standard salt, vinegar, and water.",609,train,test
203,238,What types of pickles do members of these subreddits prefer?,"Various types, including kosher dill, bread and butter, and specialty ones like grilled or hot and sour.",,"Dill pickles, especially kosher dills, and sweet and spicy pickles.",610,train,test
203,238,How do members from these subreddits incorporate pickles into their meals?,"Adding pickles to salads, tuna salads, sandwiches, and eating them as snacks.",,"Eating them plain, with rice crackers, or adding them to burgers and sandwiches.",611,train,test
204,65,How do members of each subreddit typically react to someone making a rude post?,"Members often call out the rude behavior, sometimes harshly, and may emphasize the importance of being courteous and respectful.",,Members usually express sympathy and may suggest reporting or blocking the person. They emphasize creating a supportive and non-toxic environment.,612,test,train
204,65,What are the general attitudes towards downvotes in each subreddit?,"Downvotes are seen as a way to manage content, not as personal attacks. They help keep the subreddit organized and valuable.",,"Downvotes are viewed as a sign of a toxic environment, and members often feel hurt or demotivated by them, wishing for a more supportive space.",613,test,train
204,65,What is the suggested course of action if a member accidentally posts something from their main account?,It's typically recommended to delete the post quickly to avoid unwanted attention or harassment.,,"Members suggest deleting the post and possibly making a new, anonymous account to prevent any future issues.",614,test,train
205,16,How do members feel about influencers who promote diet plans without proper credentials?,"She’s a hell of a trainer, but I’ll pass on 99% of the advice she gives until she has a degree in nutrition.",,She makes so many claims about food/weight loss without proper credentials. Her videos are full of ads.,615,train,train
205,16,What are members' thoughts on television shows or movies that feature eating disorders?,It’s sad but satisfying when the character can live a normal life with their diagnosis.,,"They often glorify harmful behaviors, making it look stunning while destroying oneself.",616,train,train
205,16,Do members believe influencers should continue posting content about their eating disorders during recovery?,"If she’s doing amazing with a different diet and lifestyle, I think it’s fine to share.",,"Usually, people who fully recover lose interest in anything to do with eating disorders.",617,train,train
206,0,How long should I stick to my initial keto macros before readjusting them?,Stick with your initial keto macros for 2-3 weeks and then readjust if necessary.,Stick with your current macros for a month or more before making any changes.,,618,train,train
206,0,Can I gain muscle while on a keto diet?,"Yes, you can gain muscle on keto with proper calorie intake and strength training.",Gaining muscle on keto is possible but may require careful planning and adjustments.,,619,train,train
206,0,What are the potential drawbacks of doing keto for a long period?,"It can be hard to get back on keto after a break, and it might be challenging to maintain.","You might regain weight quickly after stopping keto, and it can be hard to sustain long-term.",,620,train,train
207,245,How can you change your flair using a mobile device?,"Tap the three dots in the upper right corner and select ""edit flair."" It might help to use a browser and toggle ""desktop site.""",,"Go to the subreddit, click ""about,"" and follow the link at the top for instructions on setting your user flair.",621,train,test
207,245,Where do you find the option to edit flair on a desktop?,"In the right sidebar, below the subscribe button, you'll see ""edit flair"" next to your username.",,"Go to ""community options"" in the sidebar, or find the link in the ""community info"" section.",622,train,test
207,245,What should you do if you can't set your flair on the mobile app?,"Try using a web browser instead of the app, and toggle ""desktop site"" to find the flair settings.",,"Submit a request to the mods or follow the link in the ""community info"" section for further instructions.",623,train,test
208,72,What are some dietary changes you can make to reduce bloating?,,"Cut out dairy and gluten, eat more fiber, and hydrate well.","Avoid animal byproducts, reduce high-sodium foods, and drink kombucha.",624,train,train
208,72,How can exercise help with bloating?,,"Try yoga, ab exercises, and HIIT sessions to strengthen the core and reduce bloating.",Gentle exercise like walking and stretching helps move things along in the digestive system.,625,train,train
208,72,What are some common triggers for bloating according to your experience?,,"Gluten, dairy, and refined sugars are common culprits.","Rich foods, fizzy drinks, and high-fiber vegetables like cauliflower and broccoli.",626,train,train
209,74,How important is exercise compared to diet for weight loss?,Diet is far more important than exercise for weight loss.,"Weight loss is primarily driven by diet, with exercise being a smaller factor.",,627,train,train
209,74,Can you lose weight without incorporating exercise?,"Yes, many people lose weight through diet alone without exercise.","Yes, it's possible to lose weight by focusing on diet alone.",,628,train,train
209,74,What are some reasons to exercise if it doesn't significantly contribute to weight loss?,"Exercise has numerous health benefits, including improved cardiovascular health and mental well-being.","Exercise is crucial for overall health, mental well-being, and maintaining muscle mass.",,629,train,train
210,99,Should you eat back the calories burned from exercise when using fitness trackers on a keto diet?,"No, it's generally advised not to eat back exercise calories, as fitness trackers often overestimate them.","No, you shouldn't eat back exercise calories; trackers are inaccurate, making it hard to determine true calorie burn.",,630,train,train
210,99,How do fitness trackers' inaccuracies affect your weight loss progress?,"They often overestimate calories burned, leading to potential overeating and stalled weight loss.","They overestimate calories burned, so relying on them can hinder weight loss progress by making you think you can eat more.",,631,train,train
210,99,Why might fitness trackers not be reliable for determining calories burned during strength training?,"Fitness trackers can't accurately estimate strength training expenditure, often inflating the numbers.","Trackers and apps overestimate calorie burn, especially for strength training, making them unreliable.",,632,train,train
211,83,What activities have you found helpful for losing weight during quarantine?,,"Running, home workouts, and tracking calories have been effective.",Restricting food intake and avoiding meals have been my go-to methods.,633,train,train
211,83,How has the quarantine affected your weight management efforts?,,It's been challenging but possible with consistent effort and home exercises.,It's been difficult; I've experienced both weight loss due to restriction and weight gain due to binge eating.,634,train,train
211,83,What are your primary concerns about weight changes during the quarantine?,,I'm worried about maintaining my progress and avoiding weight gain.,I'm anxious about people noticing my weight gain and the mental toll it takes.,635,train,train
212,279,What strategies do people use to avoid gaining weight while on vacation?,,"Walk a lot, choose healthier food options, and listen to your body's hunger cues.",Stay active by walking and enjoy the vacation without obsessing over weight gain.,636,train,train
212,279,How do individuals deal with weight gain after returning from vacation?,,"Get back to a regular routine, focus on good habits, and don't stress about temporary gains.",Restrict intake and increase physical activity to lose any gained weight.,637,train,train
212,279,What do people suggest doing if you gain weight during a vacation?,,"Accept it as a part of life, get back on track when you return home.",Enjoy your vacation and address weight gain after you return.,638,train,train
213,27,How can intermittent fasting help reduce loose skin during weight loss?,"Intermittent fasting helps by promoting autophagy, which can help the body use up excess protein and tighten skin.","Fasting can break down the protein in your skin and make it more taut, possibly reducing loose skin.",,639,train,train
213,27,What role do genetics play in having loose skin after weight loss?,Genetics largely determine skin elasticity and how well your skin will tighten up after weight loss.,"Genetics play a major role; some people naturally have more elastic skin than others, which affects how much loose skin they get.",,640,train,train
213,27,"Are there any supplements recommended to help with loose skin, and if so, which ones?","Collagen, vitamin D, biotin, and hair/skin/nails multivitamins are often recommended.",Collagen and lotions with vitamin E are suggested to support skin elasticity and health.,,641,train,train
214,158,What could be the cause of an elevated heart rate after exercise?,"It's common for the heart rate to remain elevated after intense exercise due to EPOC, as the body continues to consume more oxygen.",,"Anxiety, electrolyte imbalances, or insufficient recovery time can all cause an elevated heart rate post-exercise.",642,train,train
214,158,How might weight loss affect your resting heart rate (RHR)?,Weight loss can lower RHR as the heart doesn't need to work as hard to pump blood through a smaller body mass.,,"Weight loss can significantly drop RHR, especially when combined with physical activity, but this might be dangerous if it’s too low.",643,train,train
214,158,What should you do if you notice a significant change in your heart rate?,"Consult a doctor to ensure there are no underlying health issues, especially if the change is sudden or concerning.",,"It’s important to see a doctor, especially if you have an eating disorder, because heart issues can be serious.",644,train,train
215,62,How does a keto diet help manage PCOS symptoms?,"A keto diet helps by reducing insulin resistance and controlling blood sugar levels, which positively impacts hormonal balance.","A low-carb diet, similar to keto, can help manage insulin resistance and may improve PCOS symptoms.",,645,train,train
215,62,What are some challenges people face when starting a keto diet for PCOS?,"Challenges include cravings for carbs, adjusting to no processed foods, and managing potential side effects like low energy.","Cravings for carbs and sweets, and the difficulty of maintaining such a restrictive diet in the long term.",,646,train,train
215,62,"What other dietary approaches, besides keto, have been effective for managing PCOS according to these comments?",Some users suggest going gluten-free or just low-carb instead of strict keto for better consistency.,"Low-carb, whole food plant-based diets, and intermittent fasting have been effective for some.",,647,train,train
216,59,How does weight loss typically affect breast size?,,"Weight loss can result in a decrease in breast size for many people, though it varies due to genetics and body composition. Some may go from a DD to a B, for example.","Weight loss can cause breasts to shrink and sometimes become saggy. It varies, but many see a reduction in size, which can be distressing.",648,train,train
216,59,What are some challenges associated with having large breasts?,,They can cause back pain and make it difficult to find well-fitting bras. Adjusting wardrobe choices for comfort can also be a challenge.,"Large breasts draw unwanted attention and can cause discomfort and self-consciousness. They often make clothes fit poorly, affecting one's body image.",649,train,train
216,59,How do people cope with sagging breasts after weight loss?,,"Some people embrace chest exercises to strengthen pectoral muscles, while others consider surgical options like breast lifts.","Many feel distressed and consider surgical options like breast lifts. Some accept the changes, whereas others remain self-conscious and continue wearing bras.",650,train,train
217,119,How do members feel about doctors who strictly follow guidelines without questioning them?,It's disappointing. Doctors should constantly question convention and not just practice medicine blindly.,,It’s unprofessional. Doctors need to stay updated with new knowledge and not just follow old guidelines.,651,test,train
217,119,What do members think about doctors who suggest alternative or homeopathic remedies over traditional medicine?,It's frustrating. Doctors should stick to evidence-based medicine and not just give vague suggestions.,,It's concerning. Explaining medical facts to a doctor feels wrong and unprofessional.,652,test,train
217,119,How does the healthcare system impact the trust that members have in their doctors?,The complexity of the American healthcare system and its emphasis on profit over patient care erodes trust.,,Issues like long waiting times and errors in patient files make it hard to trust the system.,653,test,train
218,57,What are the potential side effects of consuming erythritol?,"Erythritol can cause a cooling effect, digestive issues, and sometimes diarrhea.",,Erythritol can cause liquid bowel movements and severe stomach cramps.,654,train,train
218,57,Which sweeteners are preferred for baking among keto practitioners?,"Erythritol, monk fruit, and stevia/erythritol blends are commonly used for baking.",,"Stevia and Splenda are often used for baking, though stevia is sometimes preferred despite mixed opinions on taste.",655,train,train
218,57,How do members of your community typically use monk fruit sweetener?,Monk fruit is used in baking and as a liquid sweetener for coffee and cold drinks.,,"Monk fruit is less commonly mentioned, but some may use it as an alternative to stevia or Splenda.",656,train,train
219,96,Do you find it necessary to weigh your food portions?,"Yes, it helps uncover hidden calories and improve accuracy.","Yes, but it can be tedious. It helps with portion control.",,657,test,train
219,96,How do you handle the mental health aspects of calorie counting?,Avoid counting if it triggers issues; track without focusing on calories.,I prefer calorie awareness over strict counting to avoid stress.,,658,test,train
219,96,What strategies do you use to maintain a calorie deficit without strict counting?,Stick to low-carb foods and monitor portion sizes.,Focus on healthier swaps and listen to hunger cues.,,659,test,train
220,13,How does the keto diet affect cholesterol levels?,"It can raise LDL but often improves HDL and triglycerides, especially if eating healthy fats.","It often increases cholesterol levels, making it risky for those with high cholesterol.",,660,train,train
220,13,What advice is given for someone with high triglycerides on a keto diet?,"Focus on good fats, avoid veggie oils, and check the triglycerides to HDL ratio.","Reduce saturated fats and sugars, increase exercise, and eat more fiber-rich foods.",,661,train,train
220,13,How do people on keto handle high cholesterol concerns?,"They look at the full lipid panel, consider particle size, and sometimes request a CAC test.","They change their diet, focusing on reducing saturated fats and sometimes seek a second doctor’s opinion.",,662,train,train
221,80,At what point did you or others start noticing a difference in your weight loss journey?,People started noticing around 30-45 lbs lost.,Differences became noticeable after losing about 20-35 lbs.,,663,train,train
221,80,How do you track your progress if you don’t see changes in the mirror?,I take progress pictures and measurements.,"I take photos, measurements, and notice changes in clothing fit.",,664,train,train
221,80,What factors might make it hard to see the changes in your weight loss progress?,Seeing yourself daily makes small changes hard to notice.,Seeing yourself every day makes gradual changes invisible.,,665,train,train
222,21,What impact does a keto diet have on A1C levels for people with type 2 diabetes?,"Keto can significantly reduce A1C levels, bringing them from diabetic to normal ranges.","Low carb/high fat diets can lower A1C, but keto might not be suitable for everyone long-term.",,666,train,train
222,21,How do glucose meters' accuracy affect the monitoring of blood sugar levels?,"Glucose meters have a 15-20% tolerance, so readings can vary by that much.","It's important to use glucose meters to track levels, but be aware they aren't 100% accurate.",,667,train,train
222,21,What are some challenges of managing diabetes with dietary changes?,"Avoiding carbs can be tough, but it helps in reversing type 2 diabetes and reducing medication.","Balancing blood sugar levels with diet, especially for type 1, requires careful management and can be challenging.",,668,train,train
223,67,What dietary changes helped improve your GERD symptoms?,Switching to a keto diet and eliminating carbs and grains made my GERD disappear.,,"Avoiding acidic foods like citrus and tomatoes, and consuming small, frequent meals helped me.",669,train,train
223,67,How does apple cider vinegar affect your acid reflux?,Apple cider vinegar helps normalize stomach pH and reduces reflux symptoms.,,Taking a shot of apple cider vinegar in the morning helps balance stomach acidity.,670,train,train
223,67,What over-the-counter medications do you use for acid reflux?,"I used to rely on omeprazole, but keto reduced my need for it.",,I use omeprazole and sometimes take Tums or Pepcid for relief.,671,train,train
224,23,What can cause hair loss when following a keto diet?,Rapid weight loss and not getting enough protein can cause hair loss.,,Hair loss can be due to restriction and low estrogen levels from not getting your period.,672,train,train
224,23,How can biotin supplements help with hair problems?,Biotin supplements can reduce hair loss and promote regrowth.,,"Biotin can help improve hair strength and growth, even if improvement takes a while.",673,train,train
224,23,What are some signs that hair may regrow after initial loss?,Seeing baby hairs and frizziness indicate new growth.,,Hair may regrow after improving diet and taking supplements like collagen and biotin.,674,train,train
225,121,How do you feel after eating a large quantity of Oreos?,I usually feel guilty and remember how much weight I gained.,,"I feel regret and anxiety, especially if I’m trying to restrict sugar.",675,train,train
225,121,What steps do you take to avoid eating cookies?,I keep them out of the house and remind myself of my goals.,,I might ruin the cookies or pour something on them so I can’t eat them.,676,train,train
225,121,"Have you ever substituted a healthy alternative for a sweet treat? If so, what was it?","Yes, sometimes I use sugar-free candy to curb sweet cravings.",,"I’ve tried healthy/low-calorie cookie dough recipes, but they often lead to disappointment.",677,train,train
226,24,How many calories per day are generally considered too low and potentially unhealthy for maintaining proper nutrition?,Under 1200 calories is often considered too low and unhealthy.,Eating under 1200 calories is generally too low and not recommended.,,678,train,test
226,24,"If someone is not losing weight even after consuming 1500 calories a day, what might be the reason according to the community?",They might be underestimating their calorie intake or not logging everything accurately.,They might be eating more calories than they realize or not being accurate with tracking.,,679,train,test
226,24,What is a suggested daily calorie deficit for weight loss according to the community?,A 20% calorie deficit is recommended for weight loss.,A deficit of about 500-1000 calories is recommended for weight loss.,,680,train,test
227,140,How has using a fitness tracker like Fitbit or Apple Watch helped you in your fitness journey?,,"My Fitbit has motivated me to walk more and track calories, leading to weight loss.",My Apple Watch has made me more obsessive about tracking but helps monitor my health.,681,train,train
227,140,What are the main differences you've noticed between Fitbit and Garmin for fitness tracking?,,"Garmin tends to be more durable and accurate, while Fitbit offers better community features.","Garmin seems more accurate for distance and pace, while Fitbit is easier to use but less reliable.",682,train,train
227,140,How do you feel about the accuracy of step counting in fitness apps or devices?,,Fitbit seems more accurate than phone apps for counting steps.,"Apple Health sometimes counts steps inaccurately, especially when biking.",683,train,train
228,263,What are some strategies to prevent binging on unhealthy foods?,,"Keep unhealthy foods out of the house, stock up on low-calorie snacks, and plan meals in advance.","Avoiding restrictive dieting, practicing mindful eating, and keeping low-calorie foods available can help.",684,train,train
228,263,How can drinking water help manage binge eating tendencies?,,Drinking water before and after meals can fill your stomach and reduce the urge to binge.,Staying hydrated can help you feel full and may reduce the desire to binge eat.,685,train,train
228,263,What role does meal planning play in controlling binge eating?,,"Meal planning ensures you have healthy, balanced meals ready, reducing the temptation to binge.",Having pre-prepped meals can prevent impulsive eating and help manage hunger effectively.,686,train,train
229,141,How does caffeine affect your sleep?,Caffeine in the afternoon disrupts my sleep; I use it only in the morning.,,Drinking caffeine after certain points in the day messes with my sleep.,687,train,test
229,141,What withdrawal symptoms do you experience when quitting caffeine?,"Headaches and fatigue, but energy levels improve over time.",,"Brutal headaches and feeling sick, similar to caffeine dependency.",688,train,test
229,141,Why might someone switch to decaf coffee?,Caffeine sensitivity or to avoid jitters and migraines.,,Due to heart troubles but still want appetite suppression benefits.,689,train,test
230,65,How do members of your subreddit typically respond to someone being rude in a post?,"Some people respond with more rudeness or sarcasm, while others try to educate or empathize.",,"Members usually express concern, try to de-escalate, or apologize if they inadvertently offended someone.",690,train,train
230,65,What is the general attitude towards internet downvotes in your subreddit?,Many members believe downvotes are inevitable and advise others to not take them seriously.,,"Downvotes are seen as discouraging, but there is empathy and support for those who feel hurt by them.",691,train,train
230,65,How should someone handle receiving a lot of downvotes in your subreddit?,They should focus on the positive comments and not worry about the downvotes.,,They should not take it personally and remember that downvotes don’t define their worth.,692,train,train
231,46,How do you feel about the shape of your thighs and legs?,,I loathe my thighs as they carry most of my fat. I hope to slim them with exercise.,My thighs trigger me a lot; I’ve always felt they’re disproportionately big.,693,train,train
231,46,What are your thoughts on having broad shoulders?,,I need help and advice on dealing with my broad shoulders.,"I have broad shoulders and it sucks, especially being non-binary.",694,train,train
231,46,Have you noticed any changes in your body shape after losing weight?,,"Yes, I lost weight in my face and boobs but my arms and thighs are still chunky.","Yes, I lost weight in my upper body and boobs, but my thighs and hips remain big.",695,train,train
232,59,What exercises can help improve the appearance of saggy breasts?,,Pectoral exercises like chest presses and push-ups can help tighten and lift the skin.,There's nothing that will make a significant difference; saggininess often comes from rapid weight changes.,696,train,train
232,59,How does weight loss affect breast size and shape?,,"Weight loss usually causes breasts to shrink and may result in sagging, but results vary.","Weight loss can make breasts smaller and saggy, especially if you lose weight rapidly.",697,train,train
232,59,Are there any surgical options for reducing breast size?,,"Breast reduction surgery is an option, and it can sometimes be covered by insurance if deemed medically necessary.","Yes, breast reduction surgery is available but it's a big decision, and you should be prepared for potential scarring and other complications.",698,train,train
233,29,What are some foods or drinks that can help with constipation?,"Fermented vegetables, kombucha vinegar, and fruit-infused water with electrolytes.",,"Papaya, prunes, and coffee can help relieve constipation.",699,train,train
233,29,What is a recommended approach to increase fiber intake without causing digestive issues?,Slowly increase fiber intake and balance it with adequate water and electrolytes.,,"Integrate more dried fruits like apricots, and consider fiber supplements like chia seeds.",700,train,train
233,29,What advice is given for dealing with constipation on a keto diet?,"Increase water and electrolyte intake, consider probiotics, and adjust fat and fiber levels.",,"Try natural stool softeners, drink plenty of water, and avoid overloading on fiber.",701,train,train
234,91,What type of scale is recommended for accurately measuring food portions?,A digital food scale with a tare function.,A kitchen scale that measures in grams and ounces.,,702,test,train
234,91,How do you handle measuring ingredients when dining out or at a restaurant?,Estimate portions and choose options like sauce on the side.,Use visual aids like hand measurements for estimating portions.,,703,test,train
234,91,How do you track the calories of a homemade recipe?,"Weigh each ingredient, record nutritional info, and calculate totals.",Enter all ingredients into an app like MyFitnessPal or Lose It! and divide by servings.,,704,test,train
235,195,How can you manage knee pain while continuing to exercise?,Consider low-impact exercises like swimming or use knee braces during activities.,"Focus on gentle workouts like walking, use knee supports, and consult a physiotherapist if needed.",,705,train,train
235,195,What are some exercises suggested for someone with bad knees?,"Swimming, recumbent biking, and strength training with proper guidance are recommended.","Use exercise bikes, try swimming, and engage in low-impact activities like walking or yoga.",,706,train,train
235,195,How can weight loss impact knee pain and overall joint health?,"Losing weight can significantly reduce pressure on the knees, improving pain and mobility.","Weight loss alleviates joint pressure, reducing pain and making it easier to engage in physical activity.",,707,train,train
236,102,How did tattoos impact your self-confidence or body image?,Tattoos have helped me a lot with self-confidence and realizing my body has changed.,,Tattoos really helped me have a reason to look in the mirror and smile.,708,train,test
236,102,Did you experience any changes in your tattoos after weight loss or gain?,"My phoenix tattoo just wraps around my arm a little more, but it’s hardly noticeable.",,Losing weight made one of mine look better; the lines shrink a bit and look more detailed.,709,train,test
236,102,What advice do you have for someone getting a tattoo while on a specific diet like keto?,Eat plenty of protein beforehand and bring ketoade with you.,,Make sure to eat something beforehand to avoid feeling dizzy or fainting.,710,train,test
237,143,How do you manage cravings during your period to stay on track with your diet?,,I try to have healthier options like protein oatmeal cookies and drink lots of water.,I don't count calories during my period and just eat normally.,711,test,train
237,143,What changes in appetite do you experience before and during your period?,,I often have cravings a week before my period and tend to eat more during that time.,I usually lose my appetite during my period and binge eat before it starts.,712,test,train
237,143,"Do you find it easier or harder to stick to your diet during your period, and how do you cope?",,"Harder, I give myself an extra 300-500 calories a day to avoid binging.","I find it easier because my appetite decreases, and I often don't feel hunger.",713,test,train
238,97,How can someone deal with gym anxiety?,,"Create a workout plan, use an app, and remember no one is watching you.","Exercise at home if it helps, or go during less busy times.",714,train,train
238,97,What should you do if you feel self-conscious at the gym?,,"Wear your favorite workout gear, listen to music, or bring a friend for support.",Try to remember that everyone is focused on themselves and not on you.,715,train,train
238,97,How do gym-goers generally react to overweight individuals at the gym?,,"Most people respect anyone putting in the effort, regardless of their size.","Generally, people are too focused on their own workouts to notice others.",716,train,train
239,58,What strategies do people use to fall asleep when they have insomnia?,"Magnesium supplements, melatonin, chamomile tea, and sleep hygiene practices.",,"Melatonin, Benadryl, magnesium, avoiding caffeine, and sometimes edibles.",717,train,test
239,58,How do people adjust their sleep schedule to improve sleep quality?,"Going to bed and waking up at the same time daily, reducing blue light exposure, and getting morning sunlight.",,"Taking melatonin, avoiding caffeine, and sometimes forcing the body to stay awake longer to reset the schedule.",718,train,test
239,58,What impact does a disrupted sleep pattern have on daily life?,"Feeling groggy, tired, and experiencing difficulty with physical and mental tasks.",,"Increased exhaustion, difficulty concentrating, and sometimes triggering binge eating or other ED behaviors.",719,train,test
240,28,How do members of each subreddit view the health benefits of a vegan diet long-term?,"Many members are skeptical about the long-term health benefits of a vegan diet, believing it lacks essential nutrients found in animal products.",,"Some members find veganism helpful for recovery, while others believe it can complicate eating disorders due to potential for nutritional deficiencies.",720,train,train
240,28,What are the ethical considerations mentioned by members regarding veganism?,Members express concern about factory farming but also highlight the environmental impact of agriculture and crop production.,,"Members value ethical reasons such as animal rights and environmental sustainability, but also struggle with whether these reasons align with their ED recovery.",721,train,train
240,28,How do members of each subreddit address the environmental impact of meat consumption?,Members acknowledge the environmental issues but often argue that sustainable meat farming or local sourcing could mitigate these impacts.,,"Members often mention the environmental benefits of reducing meat consumption, but sometimes debate if it conflicts with their need for recovery.",722,train,train
241,38,How do you typically feel after waking up from a dream about eating foods you avoid?,I often wake up relieved it was just a dream and I didn't actually eat carbs.,,"I wake up in a panic, feeling guilty, before realizing it was just a dream.",723,train,train
241,38,Have you noticed any patterns or triggers that cause these food-related dreams?,They usually happened when I first started keto; cheese at night might trigger them.,,They often occur when I'm restricting heavily or during stressful periods.,724,train,train
241,38,"What foods do you commonly dream about, and how do these dreams affect your waking thoughts or behaviors?","I often dream about eating bread or sugary foods, and it makes me more determined to stick to my diet.",,"I dream about high-calorie foods like ice cream or pizza, and it makes me anxious about my calorie intake when I wake up.",725,train,train
242,25,What is the general consensus on targeting belly fat loss with specific exercises?,You can't target belly fat loss with exercises. You need overall weight loss and muscle building. ,Spot reduction isn't possible. Focus on overall weight loss and core exercises to build muscle.,,726,train,train
242,25,How does genetic predisposition affect where you lose fat first or last?,Genetics largely determine fat storage and loss. Belly fat is often the last to go.,"Genetics play a big role. Some people lose belly fat last, while others lose it first.",,727,train,train
242,25,What are some general tips for reducing belly fat effectively?,"Stick to a keto diet, focus on overall weight loss, and do resistance training.","Maintain a calorie deficit, do regular cardio, and incorporate weight training.",,728,train,train
243,35,Which app do you prefer for tracking macros and why?,"Cronometer, because it offers the most data in the free version and is great for nutrient density.","MyFitnessPal, it's good at real-time calorie tracking and integrates well with my Fitbit.",,729,train,train
243,35,What are the main drawbacks you've encountered with MyFitnessPal?,"The database has too many errors, even in ""verified"" entries.","The free version is crowded with ads, and the barcode scanner often doesn't work.",,730,train,train
243,35,How do you use food tracking apps to plan your meals?,"I use MyFitnessPal to plan my meals the evening before, starting with dinner.",I pre-track my meals on MyFitnessPal to avoid mindless eating and stay on track.,,731,train,train
244,124,What precautions should you take before donating blood if you're on a keto diet?,Stay well-hydrated and avoid fatty meals on the donation day. Take electrolytes.,,"Eat a substantial meal, preferably with carbs, and stay hydrated to avoid fainting.",732,train,train
244,124,How does intermittent fasting impact blood donation on a keto diet?,It’s not recommended to donate blood while fasted. Eating beforehand helps avoid lightheadedness.,,"Fasting before donating increases the risk of fainting and feeling weak, so it's not advisable.",733,train,train
244,124,What effects does blood donation have on your hemoglobin levels and overall health?,Blood donation can improve iron levels over time and make it easier to find veins.,,"It can make you severely anemic and weak, especially if you have an existing health condition.",734,train,train
245,108,What platform do members prefer for creating accountability groups?,Discord seems popular for creating accountability groups.,Many members prefer Snapchat or WhatsApp for accountability groups.,,735,train,test
245,108,Are there any local groups or meetups mentioned for support?,"Yes, some mentioned local meetups and fitness groups like November Project.","Not many mentions of local groups, mostly online suggestions.",,736,train,test
245,108,"What other activities, aside from dieting, are members incorporating in their weight loss journey?","Members are incorporating activities like Orange Theory, Crossfit, and intermittent fasting.","Members mention various workouts, step challenges, and using fitness apps.",,737,train,test
246,75,What is a common cause of bad breath mentioned by people following a keto diet?,"It's commonly caused by acetone, a byproduct of ketosis.",,It's often due to ketosis from burning fat when not eating enough carbs.,738,train,train
246,75,How do some keto followers manage the smell associated with ketosis?,"They use breath mints, mouthwash, or increase water intake.",,"They brush their teeth frequently, chew gum, or use tongue scrapers.",739,train,train
246,75,"What’s a noticeable change in body odor mentioned by people practicing ketosis, either from a keto diet or restricting food intake?",Some people notice a smell similar to nail polish remover or a fruity scent.,,"They notice a sweet, sometimes nail polish remover-like smell.",740,train,train
247,281,What is a common concern for individuals trying to enlist in the military?,"Weight and fitness requirements, especially losing weight to meet the standards.",Meeting the weight requirements and managing a healthy diet to qualify for enlistment.,,741,train,test
247,281,How do you recommend preparing physically for basic training?,"Focus on running, push-ups, sit-ups, and other cardio exercises. Consistency is key.","Start with bodyweight exercises, increase stamina through hiking or running, and follow a calorie deficit diet.",,742,train,test
247,281,What dietary advice would you give to someone preparing for boot camp?,Focus on eating enough calories during boot camp and maintaining a balanced diet afterward.,"Eat a healthy, balanced diet, avoid high-carb foods, and track your calories.",,743,train,test
248,25,Why is belly fat often the last area to lose when dieting?,"Belly fat is usually the last to go because your body loses fat where it prefers, often genetically determined.","Belly fat is generally a ""first on, last off"" situation, so it tends to be the last to go when losing weight overall.",,744,train,train
248,25,Can targeted exercises help reduce fat in specific areas such as the belly?,"No, you can't spot-reduce fat. Exercises can tone muscles but won't specifically reduce belly fat.","No, spot reduction is a myth. You can tone muscles in specific areas, but fat loss occurs overall.",,745,train,train
248,25,How can you maintain motivation if you see slow progress in losing belly fat?,"Take pictures, take measurements, and stay patient. Focus on overall health improvements, not just belly fat.","Keep consistent, focus on a calorie deficit, and remember that persistence and discipline are key to losing stubborn fat.",,746,train,train
249,144,Is fruit considered a good source of vitamins and nutrients?,"Fruit has some vitamins and nutrients, but it's overshadowed by its high sugar content.","Yes, fruit is a good source of vitamins and nutrients, and it's beneficial for overall health.",,747,train,train
249,144,Should you eat fruit if you are trying to lose weight?,"It’s better to avoid fruit due to its sugar content, but some low-carb fruits like berries can be okay.","Yes, fruit can be included in a weight loss diet due to its vitamins and fiber; just watch portion sizes.",,748,train,train
249,144,How does the sugar content in fruit compare to processed foods?,"Fruit sugar can still spike insulin, similar to processed foods, but it has some nutritional benefits.","Fruit sugar is natural and comes with fiber and nutrients, unlike the empty calories in processed foods.",,749,train,train
250,129,What is a common reason for a post to be automatically removed on your subreddit?,"Posts often get removed due to being flagged by the spam filter or violating specific subreddit rules such as being off-topic, self-promotion, or irrelevant links.",,"Posts are typically removed for breaking rules, especially if they contain pro-ED content, specific harmful practices, or promote disordered behaviors.",750,test,train
250,129,How do members usually find out why their posts were removed?,"Members often receive a notification or message stating the reason, sometimes related to the auto-moderator filters or specific rule violations.",,"They are informed through a mod message that cites the specific rule broken, such as no pro-ED content or using harmful language.",751,test,train
250,129,What advice is given to someone whose post was removed due to rule violations?,"They are advised to review the subreddit rules, tweak their post, or contact a moderator to get the post released if it was a mistake.",,"They are told to rephrase their post to comply with the rules, refrain from providing harmful tips, and to read the full subreddit rules.",752,test,train
251,4,What are some common ways to get enough sodium and potassium while on a keto diet?,"Use lite salt or ketoade, mix sea salt and potassium salt in water, and eat salty broth or pickles.",,"Drink pedialyte or hydralyte, eat foods high in potassium like potatoes, and take magnesium supplements.",753,train,train
251,4,How can you easily incorporate magnesium into your diet according to people in these subreddits?,"Take magnesium citrate or glycinate pills, or add high-magnesium foods like almonds to your diet.",,"Use magnesium citrate powder, eat foods with magnesium like spinach, or take magnesium supplementation pills.",754,train,train
251,4,What are some low-calorie ways to ensure you're getting enough electrolytes?,"Use potassium salt, ketoade, and magnesium supplements; avoid high-calorie options.",,"Use zero-calorie sports drinks like propel or nuun, or make your own electrolyte solution with water, lemon juice, and salt.",755,train,train
252,61,How do you cope with feeling cold after losing weight?,"I wear more sweaters, layer up, and use heated clothing like vests and gloves.",,"I use heated blankets, wear thermal-lined clothing, and consume hot foods and drinks.",756,test,train
252,61,What dietary adjustments might help with feeling cold?,"Increasing magnesium intake, calorie cycling, and maintaining proper electrolyte levels can help.",,Ensuring proper nutrition and possibly taking multivitamins to avoid malnutrition can help.,757,test,train
252,61,Do you find summer more tolerable after losing weight?,"Yes, summers are much more bearable now that I don't sweat as much.",,"Not necessarily, I still struggle with heat intolerance and often feel dehydrated.",758,test,train
253,86,What are some potential side effects of gastric bypass surgery?,"Common side effects include malnutrition, difficulty digesting meat, and possible gallbladder removal due to cholecystitis.","You may experience ongoing malnutrition issues, loose skin, and need for lifelong dietary adjustments.",,759,train,test
253,86,How important is it to address mental and emotional health before considering weight loss surgery?,Very important; therapy should be the first step as underlying issues with food need to be resolved.,Critical; changing your relationship with food is essential before surgery to ensure long-term success.,,760,train,test
253,86,Can weight loss surgery guarantee permanent weight loss?,"No, surgery is just a tool; you can regain weight if you don't maintain a healthy lifestyle.","No, many people regain weight if they don't change their habits and lifestyle post-surgery.",,761,train,test
254,123,How can changes in blood sugar levels affect eyesight?,Rapid changes in blood sugar can cause temporary drastic changes in eyesight.,,High restriction and low blood sugar levels can lead to blurry vision and other eyesight issues.,762,train,train
254,123,What are some ways to address dry eyes when following a specific diet?,"Drink more water, use electrolyte supplements, and possibly keto-friendly beverages like ketoade.",,"Use eye drops, stay hydrated, and consider using vaginal care cream for long period moisturizing.",763,train,train
254,123,What might be the cause of vision changes after starting a low-carb or keto diet?,It could be related to electrolyte imbalance or swings in blood sugar levels.,,It might be due to malnutrition or a deficiency in vitamins like B12 and folic acid.,764,train,train
255,151,What are some dietary sources of iron that members recommend?,"Red meat, liver, and leafy greens like spinach.",,"Legumes, dark green leafy vegetables, nutritional shakes.",765,train,train
255,151,How do members suggest improving iron absorption from supplements?,Take iron with vitamin C and avoid calcium-rich foods when taking iron.,,"Take iron with vitamin C, avoid drinking coffee or caffeine around the time of taking iron.",766,train,train
255,151,What are the common issues faced by members when taking iron supplements?,Side effects like constipation and issues with absorption.,,Stomach upsets and the risk of constipation.,767,train,train
256,138,What is a common strategy suggested to avoid snacking due to boredom?,Keep water and salt around to avoid mistaking thirst for hunger.,Engage in activities like walking or yoga to distract yourself from snacking.,,768,train,test
256,138,How do members suggest managing snacks in terms of portion control?,Avoid snacks altogether or reserve small portions for special occasions.,Pre-portion snacks into individual servings to avoid overeating.,,769,train,test
256,138,What is one way to handle snacking when you feel the urge to eat but aren’t actually hungry?,Drink a glass of water to determine if you're truly hungry.,Drink water or have a low-calorie snack like celery to curb the craving.,,770,train,test
257,180,What dietary change can help manage constant hunger according to the members?,Increase fat intake and consider intermittent fasting.,"Eat more protein and fiber, and drink plenty of water.",,771,test,train
257,180,How do members suggest dealing with hunger caused by cravings rather than actual hunger?,"Drink water or broth, and engage in physical activities.",Distract yourself with activities and drink water.,,772,test,train
257,180,What role does electrolytes play in managing hunger according to the members?,Electrolyte balance helps with satiety and reduces hunger.,Staying hydrated with water is emphasized but electrolytes are less frequently mentioned.,,773,test,train
258,89,"What might be a better indicator of progress in the beginning of a weight loss journey, especially for women?",Taking measurements instead of focusing solely on the scale.,Measuring body parts and monitoring how clothes fit.,,774,train,train
258,89,Why might someone not lose weight even if they are eating fewer than 1000 calories a day?,They might not be accurately tracking calories or there could be an underlying metabolism issue.,They could be underestimating their intake or have a medical condition like thyroid issues.,,775,train,train
258,89,How can resistance training benefit someone trying to lose weight?,It helps to build muscle which increases calorie burn even at rest.,"It prevents muscle atrophy and burns more calories, aiding in weight loss.",,776,train,train
259,28,How do members of your community view the environmental impact of meat consumption versus plant-based diets?,"Some say cattle grazing takes up much land, and the Amazon was set on fire for it. Others argue sustainable farming is possible and big agriculture also causes pollution.",,"Many believe that being vegan can positively impact the environment, though some are concerned about restrictive motivations behind the diet.",777,train,train
259,28,What are the health implications of a vegan diet according to your community?,"Views are mixed; some believe it lacks necessary nutrients, while others note it can help control disordered eating.",,"Many find it can help with ED recovery if the motivation is ethical, not restrictive, but others see it as another form of control.",778,train,train
259,28,How does your community approach the ethical considerations of meat consumption?,"There is acknowledgment of humane treatment and sourcing from local farms, but some justify it by comparing it to necessary historical practices.",,"Ethical considerations are significant, with many choosing veganism or vegetarianism to avoid supporting animal cruelty.",779,train,train
260,268,What do members of these subreddits think about the concept of detoxing?,Detoxing is considered pseudoscience; our liver and kidneys naturally detoxify our body.,Detoxing is a myth and a marketing scheme; our body naturally detoxes through liver and kidneys.,,780,train,train
260,268,How do members in each subreddit view the effectiveness of cleanses for detoxifying the body?,Cleanses have no scientific support and are often viewed as scams.,Cleanses are generally seen as scams and ineffective for actual detoxification.,,781,train,train
260,268,What alternatives do subreddit members suggest instead of detox products for maintaining a healthy liver and kidneys?,"Eat a healthy diet, keep carbs low, and let your organs do their job.","Drink plenty of water, eat whole foods, and avoid processed foods.",,782,train,train
261,208,Should you weigh meat before or after cooking to get accurate nutritional information?,Weighing meat raw is more accurate due to water and fat loss during cooking.,It's best to weigh meat raw because it accounts for changes in water and fat content during cooking.,,783,train,train
261,208,How do you account for the drippings and fat left in the pan when logging your meat intake?,"If drippings aren't consumed, weigh cooked and drained; if consumed, include them in the log.","Generally, weigh it raw; but consider if the drippings or fat significantly alter the final serving.",,784,train,train
261,208,"Is it necessary to log food in its cooked state, especially if you find handling raw meat unpleasant?",Weighing and logging cooked food is fine if you find handling raw meat unpleasant.,"Weigh raw for accuracy, but handling preferences matter less than consistent tracking.",,785,train,train
262,4,What is a common method for supplementing potassium while on a keto diet?,Using a salt substitute like NuSalt or Lite Salt.,,Taking NuSalt or other potassium chloride salt substitutes.,786,train,train
262,4,"Why might someone on keto need to supplement magnesium, and what form is recommended?",To prevent muscle cramps and fatigue; magnesium citrate or glycinate is recommended.,,To balance electrolytes and prevent deficiencies; magnesium citrate is commonly used.,787,train,train
262,4,How can someone track their electrolyte intake on a keto diet?,"Using apps like Cronometer to monitor sodium, potassium, and magnesium levels.",,By using nutrient tracking apps like MyFitnessPal or Cronometer.,788,train,train
263,47,How do you manage portion control when it comes to eating nuts or nut butters?,I pre-portion nuts into small bags and use measuring spoons for peanut butter.,,I avoid buying them because I can eat half a jar of peanut butter in one sitting.,789,train,train
263,47,"Which types of nuts do you find easier or harder to overeat, and why?",Roasted and salted peanuts are easy to overeat; raw pecans are not as tempting.,,Peanuts are my downfall; the crunch and taste make them addictive.,790,train,train
263,47,What are your thoughts on natural vs. processed peanut butter?,Natural peanut butter without added sugars or oils is better for keto.,,I prefer natural peanut butter; it's less processed and less addictive.,791,train,train
264,22,How long did it take for you to start seeing noticeable weight loss?,About three weeks. Lost 7 lbs quickly and saw changes.,A little over a month to lose 10 lbs and see progress.,,792,test,train
264,22,What motivated you to start your weight loss journey?,My dad's health scare with diabetes motivated me to change.,Hitting a low point in life inspired me to make a change.,,793,test,train
264,22,How do you handle weight loss plateaus during your journey?,I keep sticking with it and focus on non-scale victories.,I remind myself that all progress is good progress and stay consistent.,,794,test,train
265,220,What steps should you take if your doctor is not helpful in addressing your health concern?,Get a second opinion or find a specialist.,,Advocate for yourself or seek another doctor who listens.,795,test,train
265,220,How should you handle symptoms that persist despite following medical advice?,Consult your doctor again and push for further testing or a referral.,,Keep monitoring symptoms and follow up with your doctor for further evaluation.,796,test,train
265,220,What is the community's stance on seeking medical advice from strangers online?,Not recommended; always consult a medical professional.,,Generally discouraged; better to consult a healthcare provider.,797,test,train
266,62,How has adopting keto helped with PCOS symptoms?,"Keto has regulated my periods and reduced acne, weight, and insulin resistance.","I haven't tried keto, but managing my diet and exercise has helped control some symptoms.",,798,train,train
266,62,What are some common challenges faced when trying to lose weight with PCOS?,"Losing weight can be slower, and it's important to manage insulin resistance with diet.",It's tough due to hormonal imbalances and insulin resistance; being strict with diet and exercise is crucial.,,799,train,train
266,62,What supplements or medications have members found helpful for managing PCOS symptoms?,"Inositol, berberine, and metformin have been helpful, along with a keto diet.","Metformin, omega-3 pills, and Ovasitol have helped; also focusing on a healthy diet.",,800,train,train
267,20,How does starting a keto diet affect your skin condition?,"Many see initial breakouts or rashes that clear up later, while some experience improved skin overall.",,"Some report breakouts due to dietary changes, but restricting diets can also temporarily clear up skin.",801,train,train
267,20,What remedies have people found effective for skin issues while on a keto diet?,"Probiotics, hydrocortisone cream, and eliminating certain foods like dairy.",,"Using moisturizers like Aquaphor, taking omega supplements, and avoiding harsh acne treatments.",802,train,train
267,20,"What effect does increasing food intake have on skin, according to multiple users?",Increasing specific foods like dairy can trigger acne for some people.,,It can lead to breakouts due to hormonal changes and increased oil production.,803,train,train
268,163,What adjustments have you made to your bed or sleeping arrangements due to discomfort from weight loss?,I use a full-body pregnancy pillow and sometimes wrap my duvet around my legs to avoid bone pain.,,"I sleep with a pillow under my hipbone on the side I’m sleeping on, or sometimes in a ""mid-run"" stance to avoid pain.",804,train,train
268,163,How do you manage sitting for long periods given your discomfort?,"I use memory foam cushions for my work chair and car seat, and I’ve added a knee pillow for side sleeping.",,I bring a foldable cushion to class and sometimes sit with my legs apart to prevent my knees from knocking together.,805,train,train
268,163,What changes have you noticed in your body that lead to discomfort when sitting on hard surfaces?,"Losing padding has made chairs very uncomfortable, especially my tailbone and butt bones.",,"My bones, especially my tailbone and butt, hurt a lot more now, making it necessary to use cushions.",806,train,train
269,80,What methods have you found effective for tracking your weight loss progress aside from using a scale?,"Take progress photos, measurements, and use non-stretch clothing as benchmarks.","Take progress photos, track body measurements, and monitor how clothes fit.",,807,train,train
269,80,How do fluctuations in daily weight impact your perception of progress?,Daily fluctuations can be discouraging; it's better to focus on long-term trends and non-scale victories.,Daily weight can be misleading; better to focus on overall health metrics and how clothes fit.,,808,train,train
269,80,"What are some psychological challenges you face during weight loss, and how do you address them?",It takes time for your brain to catch up with body changes; take photos and measurements to see actual progress.,It’s hard to see gradual changes; focus on health benefits and use tools like photos and measurements for validation.,,809,train,train
270,157,How do members typically handle cravings for pizza?,They look for low-carb alternatives like cauliflower crust or just eat the toppings.,,They might give in to the craving or try to find a way to manage the guilt and anxiety.,810,train,train
270,157,What feelings do members experience after eating pizza?,"They often feel bloated and regretful, especially if it affects their diet.",,"They usually experience guilt, anxiety, and sometimes even panic attacks.",811,train,train
270,157,How do members deal with social situations involving pizza?,They might eat just the toppings or bring their own keto-friendly food.,,They often feel pressured to eat but may limit themselves or purge afterward.,812,train,train
271,83,How did quarantine impact your weight and mental health?,,"Quarantine made it harder to stick to a routine, but many people managed to cope by adjusting their diet and exercise habits.","Quarantine increased my struggles with ED and weight fluctuations, leading to heightened anxiety and self-criticism.",813,train,train
271,83,What strategies have you tried to lose weight during the pandemic?,,"I've tried intermittent fasting, Whole30, home workouts, and tracking macros.","I've been restricting calories, exercising in secret, and dealing with heightened anxiety about food.",814,train,train
271,83,How has returning to work or the office influenced your weight management?,,Returning to the office helped me lose weight by being more active and distracted from eating.,It made me very anxious about weight gain and led me to restrict more to avoid judgment from coworkers.,815,train,train
272,222,How do you feel about the flexibility of food choices on Weight Watchers compared to keto?,Keto offers more flexibility as long as you stay under carb limits. WW is restrictive and often leaves you hungry.,"WW allows for a variety of foods, including fruits and vegetables, which are often zero points.",,816,train,train
272,222,What has been your experience with maintaining weight loss using WW?,Most people I know gain back the weight they lost on WW. It’s not sustainable long-term.,"Maintaining is challenging, but if you stick to the habits learned on WW, it can be sustainable.",,817,train,train
272,222,"How important is feeling satiated in your diet plan, and which program fulfills this better for you?","Feeling satiated is crucial, and keto does that with healthy fats. WW left me constantly hungry.","Feeling full is important, but zero-point foods on WW help manage hunger without overindulging.",,818,train,train
273,52,What impact does cutting out sugar have on oral health?,"Reducing sugar leads to less plaque and tartar, which improves dental health.",,Cutting out sugar helps but malnutrition can still weaken enamel.,819,train,train
273,52,How does dry mouth affect dental health?,Dry mouth can be alleviated by chewing xylitol-based gum to increase saliva.,,Dry mouth increases the risk of cavities and enamel erosion.,820,train,train
273,52,What are some recommended dental hygiene practices for maintaining healthy teeth?,"Brush with fluoride toothpaste, use mouthwash, and floss regularly.",,"Avoid brushing immediately after purging, rinse with water, and use mi paste.",821,train,train
274,173,How can you track progress if the scale isn't showing any changes?,"Use a tape measure to track your waist, chest, thighs, and biceps.",Take body measurements and progress photos to see changes in inches.,,822,train,test
274,173,Why might your weight stay the same even though you're losing fat?,"You could be gaining muscle, which weighs more than fat.",You might be losing fat and gaining muscle at the same rate.,,823,train,test
274,173,What additional method can you use to gauge fat loss besides body measurements?,Pay attention to how your clothes fit.,Use a body composition scale to track fat percentage.,,824,train,test
275,19,How do you prepare cauliflower rice to make it taste better?,"Fry it in a pan with butter, salt, and pepper. You can use it in spaghetti or curry for a delicious meal.",,"Season it heavily and cover it with tobasco sauce, shredded cheese, and a dollop of sour cream.",825,train,train
275,19,What are some tasty add-ons for a cauliflower-based meal?,"Add taco seasoned ground beef, black olives, roma tomatoes, and Mexican cheese blend.",,"Mix it with black beans, shredded cheese, and hot sauce for added flavor.",826,train,train
275,19,What is your favorite way to season noodles to make them keto-friendly?,"I add strong cheese like roquefort or some red pesto, sometimes I add diced bacon.",,"A little honey mustard, soy sauce, apple cider vinegar, garlic, and lemon pepper.",827,train,train
276,30,How can someone with a history of bulimia manage their weight without relapsing?,,Seek a specialist to restore a healthy relationship with food and avoid extreme dieting.,Avoid focusing solely on weight; address underlying emotional and control issues.,828,train,train
276,30,What are the potential triggers for relapsing into disordered eating habits?,,"Triggers can be certain foods, stress, or trying to lose weight again.","Triggers include stress, lack of control, and seeing weight changes as failures.",829,train,train
276,30,How should someone handle feelings of guilt after eating more than planned?,,Practice mindfulness and be kind to yourself; consider therapy.,"Understand it's part of the disorder, and try to shift focus from guilt to self-care.",830,train,train
277,54,What strategies do you use to resist sugar cravings?,"Eat salty foods like pickles or olives, and remind yourself cravings are temporary.",Replace sweets with fruit or drink sparkling water to curb the cravings.,,831,train,train
277,54,How do you ensure you don't have sugary foods available at home?,"Don't keep sugary products in the house, and find something else to do when cravings hit.",Get rid of sugar products and stock up on healthier options like fruits and nuts.,,832,train,train
277,54,How long does it typically take for sugar cravings to subside after quitting?,It can take about 10 days to stop thinking about sugar.,It usually takes around two weeks for cravings to diminish.,,833,train,train
278,28,How do members of your subreddit generally feel about the sustainability of a vegan diet?,"Many believe it's not sustainable or environmentally friendly, arguing that plant agriculture harms the environment.",,"Some think it's environmentally beneficial but acknowledge it can be challenging, especially during recovery from eating disorders.",834,train,train
278,28,What are the common health concerns or benefits mentioned about a vegan diet in your subreddit?,"Concerns include the need for supplements and potential digestive issues, while some appreciate that it aligns with certain ethical values.",,"It's seen as helpful for some in recovery, but others find it restrictive or challenging due to existing health conditions or eating disorder histories.",835,train,train
278,28,How do members of your subreddit perceive the social interactions of vegans with non-vegans?,"Many find vegans to be pushy or overbearing, but some acknowledge respectful interactions are possible.",,"They often feel judged or misunderstood, but emphasize that they try to avoid conflict and respect others' choices.",836,train,train
279,291,What are your favorite nut-based snacks for staying full throughout the day?,"Almonds, macadamia nuts, pecans, and peanuts.","Almonds, cashews, nut mixes with dried fruit.",,837,train,train
279,291,What kind of cheese do you usually snack on?,"String cheese, Babybel, cheddar, Old Croc Croc Bites.","Cheese sticks, low-calorie cheese slices.",,838,train,train
279,291,What is your go-to snack when you want something crunchy?,"Pork rinds, celery sticks, cheese crisps.","Air-popped popcorn, baby carrots, celery sticks.",,839,train,train
280,276,What could be causing dizziness on a keto diet?,"Insufficient electrolytes, low fat intake, dehydration, or low blood pressure.",,"It could be dehydration, low blood sugar, or postural blood pressure drops.",840,train,train
280,276,How can you quickly alleviate dizziness caused by dehydration?,Drink a homemade ketoade with electrolytes or pickle juice.,,Drink water and elevate your legs above your heart.,841,train,train
280,276,What role does blood pressure play in causing dizziness?,"Low blood pressure can cause dizziness, especially after losing weight or due to medications.",,"Postural blood pressure drops can cause dizziness, especially when standing up quickly.",842,train,train
281,52,What is a suggested way to clean teeth without overbrushing?,Switch to a good electric toothbrush and use mouth rinse after meals.,,Use an electric toothbrush to avoid triggering the gag reflex.,843,train,train
281,52,What should you avoid doing immediately after purging to protect your teeth?,Not applicable; no specific advice about purging.,,"Avoid brushing your teeth; instead, rinse with baking soda and water.",844,train,train
281,52,What is a natural method mentioned for improving gum health?,Oil pulling with refined coconut oil after brushing.,,Taking vitamin K supplements.,845,train,train
282,28,What are the perceived moral arguments related to veganism?,"Some view veganism as morally superior, but others argue every diet has moral negatives.",,"Veganism is often adopted for ethical reasons, especially to avoid avoidable animal casualties.",846,train,train
282,28,How do members of these subreddits view the environmental impact of meat consumption?,"Grazing cattle are seen as beneficial for soil health, while monocrop farming destroys it.",,Many believe reducing meat consumption helps the environment but stress that large corporations are the main polluters.,847,train,train
282,28,What are the health concerns associated with vegan and vegetarian diets?,Vegan and vegetarian diets are seen as unhealthy and often lead to nutritional deficiencies.,,"Vegan diets can be healthy if well-planned, but they can also exacerbate eating disorders if not managed carefully.",848,train,train
283,38,What kind of dreams do people experience when they are on keto?,"Dreams about breaking keto, often involving eating carbs like donuts and waking up relieved.",,"Dreams about eating forbidden foods and waking up in a panic, often associated with guilt.",849,train,train
283,38,How do dreams change when you start fasting or restricting your diet?,Vivid dreams and nightmares about accidentally eating carbs become more frequent.,,"Vivid dreams increase, often involving eating or binging, and can include hypnagogic hallucinations.",850,train,train
283,38,What emotions do people commonly feel upon waking up from these food-related dreams?,"Relief upon realizing they didn't actually break keto, sometimes mixed with anxiety.",,"Panic and anxiety, followed by relief once they realize it was just a dream.",851,train,train
284,56,How has keto affected your thyroid medication dosage over time?,Many found that keto helped reduce their thyroid medication dosage as they lost weight.,"Some experienced no change, while others needed dosage adjustments as their thyroid condition changed.",,852,train,test
284,56,What are some dietary recommendations for managing Hashimoto's disease?,"Many recommend a strict keto diet, often with a focus on reducing inflammatory foods like dairy and soy.",Avoid inflammatory foods and consider a balanced diet with fresh vegetables and whole grains.,,853,train,test
284,56,How do you handle blood tests related to thyroid issues?,"Ensure comprehensive panels including TSH, FT3, and FT4 are done. Seek telehealth services if needed.",Get a second opinion if initial tests are inconclusive. Regularly monitor thyroid levels and consider seeing a dietitian.,,854,train,test
285,65,How do members of your subreddit typically handle downvotes on their posts?,"Many members see downvotes as inevitable and just move on, sometimes expressing frustration.",,"Members often feel invalidated and wish for comments explaining the downvotes, causing emotional distress.",855,test,train
285,65,What is the general attitude towards rude or aggressive behavior in your community?,"Rude behavior is often called out, with members asking others to read FAQs and show more respect.",,"Rude behavior is generally frowned upon, and members seek to maintain a supportive and inclusive environment.",856,test,train
285,65,How do members of your community respond when they unintentionally upset someone?,"Many apologize if they realize they've upset someone, but some emphasize the need for others to not be overly sensitive.",,"Members often apologize and try to clarify their intentions, aiming to be sensitive to others' feelings.",857,test,train
286,196,How do you maintain your weight loss progress after the initial motivation fades?,Focus on discipline and building new habits. Adjust expectations and stay committed.,"Establish habits and rely on discipline. Motivation wanes, but habits last.",,858,train,train
286,196,What strategies do you use to handle cravings for unhealthy foods?,Stop giving yourself the option to eat junk food. Make healthy food choices a habit.,Practice portion control and find healthier snack alternatives. Track calories to stay within your daily limit.,,859,train,train
286,196,How do you stay motivated when progress seems slow or non-existent?,Reevaluate your macros and try intermittent fasting. Adjust your expectations and focus on long-term goals.,Keep a journal to track progress and lean on support systems. Focus on the bigger picture rather than quick fixes.,,860,train,train
287,147,What are some hobbies you enjoy that keep your hands busy?,,"Knitting, coloring in books, and crocheting.","Crocheting, painting, and making digital art.",861,train,train
287,147,How do you integrate physical activity with your hobbies?,,I combine walking with gaming or gardening.,I play Pokémon Go and take walks to photograph graffiti.,862,train,train
287,147,What creative activities do you find relaxing and why?,,Drawing and painting because they help me avoid boredom eating.,Embroidery and sewing stuffed animals to manage stress.,863,train,train
288,217,What is the common saying about where abs are made?,"Abs are made in the kitchen, not in the gym.","Abs are made in the kitchen, meaning you need a proper diet.",,864,train,train
288,217,How can one reveal their abs according to the members of these subreddits?,By shedding body fat through diet and keto.,By losing body fat percentage and maintaining a caloric deficit.,,865,train,train
288,217,What role do compound exercises play in developing abs?,Compound exercises like squats and deadlifts help build core strength and develop abs.,Compound movements can help build abs without specifically targeting them.,,866,train,train
289,74,"How important is exercise for weight loss, according to members?",Exercise isn’t crucial for weight loss; diet is far more important. Exercise is great for overall health but doesn't significantly help with weight loss.,Exercise is beneficial but not essential for weight loss. The diet plays a much larger role in achieving a calorie deficit.,,867,train,train
289,74,What are the benefits of exercising while trying to lose weight?,"Exercising helps with overall health, body composition, and mood regulation, but it doesn't substantially contribute to weight loss.","Exercise helps tone muscles, improve mood, and increase fitness levels, even though the primary weight loss driver is diet.",,868,train,train
289,74,Can you lose weight without exercising? How?,"Yes, you can lose weight by maintaining a calorie deficit through diet alone.","Yes, weight loss can be achieved by creating a calorie deficit through dietary changes without exercise.",,869,train,train
290,248,What side effects should one be cautious about when starting a new medication for weight loss or mood regulation?,,"Side effects like dizziness, nausea, mental health issues, and heart palpitations can occur.","Side effects include loss of appetite, fatigue, anxiety, and potential weight gain or loss.",870,train,train
290,248,How has your appetite changed since you started taking your prescribed medication?,,"My appetite has decreased significantly, making me much less interested in food.","The medication has killed my appetite, and I often don't feel like eating at all.",871,train,train
290,248,Have you experienced any interactions with other medications or substances while on your current prescription?,,"Yes, I experienced serotonin syndrome when taking a triptan with my medication.","Not yet, but I keep a close eye on my liver due to other meds I take for arthritis.",872,train,train
291,191,How reliable are body fat measurements from home scales?,Home scales are completely inaccurate for tracking body fat and can vary widely due to water weight and other factors.,"They aren't very reliable. They can give you a rough estimate, but there’s a high margin of error.",,873,train,train
291,191,What is a more accurate way to measure body fat percentage than using a home scale?,A DEXA scan or skinfold calipers used by someone experienced is more accurate.,"A DEXA scan is the most accurate, but calipers can be good if used correctly by someone skilled.",,874,train,train
291,191,Why might someone use a body fat scale even if it's not accurate?,"They can show trends over time, even if the absolute numbers are wrong.","They provide a consistent trend, which can be useful for tracking progress over time.",,875,train,train
292,38,How often do you experience dreams related to your diet or eating habits?,"Frequently, especially at the beginning of keto.",,"Almost every night, especially involving fear foods or binging.",876,train,train
292,38,How do you feel upon waking up from a dream where you broke your dietary rules?,Relieved it was just a dream and didn't impact my actual diet.,,"Panicked and disoriented, but relieved it wasn't real.",877,train,train
292,38,Have you noticed any patterns in the types of foods that appear in your dreams?,"Yes, usually high-carb foods like pizza and donuts.",,"Yes, often high-calorie foods or fear foods.",878,train,train
293,0,What are some tips for dealing with a weight loss plateau on keto?,"Reevaluate your macros and calories, stay consistent, and don't get discouraged. Make sure you're in ketosis.",Sometimes increasing calorie intake for a day can help break the plateau. Ensure you're not too strict on calories.,,879,train,train
293,0,How important is it to track macros while on a keto diet?,Very important. Tracking macros helps ensure you stay in ketosis and make progress.,"It depends on individual needs. Some people manage without tracking, focusing on calorie deficit instead.",,880,train,train
293,0,What are your recommendations for someone starting keto?,"Keep your macros on point, stay hydrated, and ensure you get enough electrolytes to avoid the keto flu.","Be very strict in the beginning, and make sure to monitor how your body feels. Consult a doctor if needed.",,881,train,train
294,20,How does a keto diet impact acne according to your experience?,Keto can help reduce acne due to its anti-inflammatory properties.,,Restricting can sometimes worsen my acne; my skin gets very oily or dry.,882,train,train
294,20,What remedies have you tried for managing itchy skin or rashes?,"I’ve used sulfur soap, ACV, and aloe vera for keto rash.",,"I’ve tried cerave cream and drinking more water for dry, itchy skin.",883,train,train
294,20,Have you noticed any skin improvements after cutting out specific foods?,"Yes, cutting out gluten cleared up my acne and eczema.",,"My skin improved after cutting out certain foods, but I can't pinpoint which ones.",884,train,train
295,131,What dietary changes have you found helpful in managing IBS symptoms?,Going on a keto diet has significantly improved my IBS symptoms by eliminating trigger foods.,,Following a low-FODMAP diet and avoiding gluten and dairy have helped me manage my IBS symptoms.,885,train,train
295,131,How do you handle IBS flare-ups when they occur?,Cutting back on excess fat and taking electrolytes helps during flare-ups.,,I avoid trigger foods and sometimes take probiotics and digestive enzymes to manage flare-ups.,886,train,train
295,131,Have you noticed any correlation between stress and your IBS symptoms?,"Yes, stress seems to exacerbate my IBS symptoms, but keto has helped reduce anxiety.",,"Stress makes my IBS much worse, and managing stress is crucial for reducing symptoms.",887,train,train
296,73,What are some common sources of vitamin D mentioned by users?,"Red meat, eggs, dairy, and sunlight are common sources.",,"Sunlight and vitamin D supplements, either D2 or D3.",888,train,train
296,73,Why might someone choose to take a multivitamin despite eating a varied diet?,"Multivitamins help cover any potential gaps in nutrition, especially micronutrients.",,They help mitigate effects of a restrictive diet or eating disorder by preventing deficiencies.,889,train,train
296,73,How should someone track their nutrient intake to avoid deficiencies?,Use apps like Cronometer to log food and see what micronutrients might be missing.,,Use a tracking app like Cronometer to ensure detailed breakdowns of vitamins and minerals.,890,train,train
297,74,"Is exercise necessary for weight loss, or can it be achieved through diet alone?",Exercise is not necessary for weight loss; it's primarily controlled by diet.,You can lose weight without exercise; focus on calorie deficit and diet.,,891,train,train
297,74,What role does exercise play in weight loss according to the members of your community?,Exercise helps with health and maintaining a caloric deficit but isn't crucial for weight loss.,Exercise has health benefits and supports weight loss but isn't the main factor; diet is more important.,,892,train,train
297,74,How do you maintain a calorie deficit for weight loss?,By following a keto diet and tracking caloric intake.,"By counting calories, using apps, and making healthier food choices.",,893,train,train
298,62,What dietary approach do members recommend for managing PCOS symptoms?,"Members recommend a low-carb or keto diet to manage PCOS symptoms, citing benefits like reduced inflammation and stable energy levels.","Members suggest calorie counting and intermittent fasting, with some recommending low-carb diets as well.",,894,train,train
298,62,How effective is keto in managing insulin resistance associated with PCOS?,"Keto is highly effective for managing insulin resistance and improving PCOS symptoms, including weight loss and regular cycles.","Keto can help with insulin resistance, but overall calorie deficit and mindful eating are also emphasized for weight loss.",,895,train,train
298,62,What experiences do members have with metformin for PCOS?,Some find metformin helpful but prefer managing symptoms through keto and supplements like inositol.,Metformin is commonly suggested and can aid in weight loss and symptom management.,,896,train,train
299,29,What fiber sources are recommended to help with constipation?,"Chia seeds, soluble fiber powder, psyllium husk, avocados.",,"Blueberries, prunes/prune juice, psyllium husk, fiber one bars.",897,train,train
299,29,How does magnesium citrate help with bowel movements?,"It can work within an hour, making stools liquid/soft for about 24 hours.",,It helps by softening stools and ensuring regular bowel movements when taken nightly.,898,train,train
299,29,What are some potential risks of using laxatives frequently?,"It can mess up your intestines, causing more problems with constipation later.",,"Frequent use can cause loss of bowel control, dehydration, and GI system damage.",899,train,train
300,170,How do members cope with the loss of their pets?,They often grieve deeply and suggest adopting a new pet when ready.,,They struggle with intense grief and sometimes create remembrance corners.,900,train,train
300,170,What are the benefits members mention about having pets during difficult times?,Pets provide unconditional love and emotional support.,,Pets help distract from negative thoughts and provide a reason to stay healthy.,901,train,train
300,170,How do pets help members with their routines?,Pets remind them of mealtimes and provide companionship.,,Pets ensure members get up and take care of daily responsibilities.,902,train,train
301,55,What is the general opinion about the sustainability of CICO for long-term weight loss?,"CICO isn't sustainable long-term; keto, paleo, and similar diets are more sustainable.","CICO can be effective, but it can become challenging and may need adjustments over time.",,903,train,train
301,55,How do members view the relationship between CICO and metabolism?,CICO can lower metabolism; hormones and insulin play a significant role.,"Metabolism can adapt to CICO, making it less effective; other methods may be needed.",,904,train,train
301,55,What are some concerns mentioned about using CICO as a weight loss strategy?,"It's overly simplistic, ignores hormonal factors, and can be hard to sustain.","It can potentially lead to eating disorders, and metabolism adaptation is a concern.",,905,train,train
302,61,How has your body's tolerance to cold changed after weight loss?,I feel much colder now after losing weight; I have to wear extra layers in the winter.,,"I'm constantly cold since my weight dropped; even in mild temperatures, I feel freezing.",906,train,train
302,61,What methods do you use to stay warm during winter?,"I use space heaters, heated blankets, and wear multiple layers of clothing.",,"I layer up with sweaters, use heated blankets, and drink hot tea.",907,train,train
302,61,Have you noticed any differences in your body's response to hot weather after weight loss?,"Yes, I'm more comfortable in the heat now and enjoy being outside without sweating profusely.",,"I find it more bearable, but I still get cold easily even in warmer temperatures.",908,train,train
303,36,What could be a possible side effect of taking the depo provera shot mentioned by users?,,Significant weight gain.,Hormonal changes impacting periods.,909,train,train
303,36,How do users suggest addressing irregular periods caused by weight changes?,,Consult a doctor for proper diagnosis.,Consider nutritional intake and consult a medical professional.,910,train,train
303,36,What is a common experience users have when their period stops due to dietary restrictions?,,It might be a sign of not eating enough.,It indicates possible malnutrition and hormonal imbalance.,911,train,train
304,29,What should you do if you experience severe constipation for several days?,"Drink plenty of water, take magnesium, and try a glycerin suppository. Consult a doctor if needed.",,"Eat bran flakes, drink lots of fluids, stay active, and consider a full glass of prune juice.",912,test,train
304,29,How can you use fiber supplements to address constipation?,"Use psyllium husk or chia seeds, but ensure you're drinking plenty of water.",,Buy fiber cereal and eat it with almond milk; it helps without needing laxatives.,913,test,train
304,29,What natural remedies can help stimulate bowel movements?,"Smooth Move tea with senna leaf, sauerkraut juice, or coconut oil.",,"Dried apricots before bed, lemon ginger tea with apple cider vinegar, or a green smoothie with psyllium husk.",914,test,train
305,0,How long did it take you to see noticeable weight loss on keto?,Around 1-2 weeks for initial water weight; actual fat loss after that.,"About a month, but it varies; many see initial water weight loss first.",,915,train,train
305,0,Do you need to strictly adhere to low carb intake to stay in ketosis?,"Yes, keep carbs under 20 grams daily to stay in ketosis.","Yes, strict carb limits are essential for maintaining ketosis, but it can be hard.",,916,train,train
305,0,What are common challenges people face when starting keto?,Overcoming initial carb cravings and managing macros properly.,Dealing with the lack of energy and mood swings due to carb restriction.,,917,train,train
306,52,How does your diet impact your dental health?,Switching to OMAD has made my teeth whiter and harder.,,Restriction can lead to tooth sensitivity and decay.,918,train,train
306,52,What are some alternative methods you've tried for brushing your teeth?,I've used dry powdered toothpaste and baking soda.,,I've used baking soda water and activated charcoal capsules.,919,train,train
306,52,How do you handle tooth sensitivity or pain?,I drink water with apple cider vinegar and use hydrogen peroxide as a mouth rinse.,,I use Sensodyne toothpaste and try to avoid purging.,920,train,train
307,8,How do you cope with triggers related to your eating disorder?,,"Seek professional advice, avoid triggering videos/blogs, and talk to therapists.","Avoid triggering spaces, remind yourself others struggle too, and seek understanding friends.",921,test,train
307,8,What are your thoughts on the effectiveness of therapy for treating eating disorders?,,"Therapies like CBT, EMDR, and somatic experiencing can be effective, but addressing root causes is crucial.","Therapy can be helpful, but it depends on the therapist's approach and understanding of EDs.",922,test,train
307,8,How do you feel about discussing your eating disorder with friends and family?,,"It can be helpful, especially if they are supportive and encourage professional help.",It can be risky due to potential misunderstandings or dismissive reactions from loved ones.,923,test,train
308,73,What are some common supplements recommended for fixing a vitamin D deficiency?,"Vitamin D3/K2 supplements are commonly used, often starting with high doses and then adjusting based on blood tests.",,"Vitamin D supplements are recommended, preferably high-dose ones if blood tests indicate a severe deficiency.",924,train,train
308,73,How do people ensure they get enough calcium in their diet?,"Many get calcium from dairy products or by taking supplements if needed, especially as they age.",,"Non-dairy milk like soy, oat, or rice, and leafy greens, nuts, and seeds are good sources; some also use vegan calcium supplements.",925,train,train
308,73,What are your thoughts on the effectiveness of multivitamins?,"Many believe multivitamins are not very effective and prefer getting nutrients from food, but some use them as a backup.",,Multivitamins can help but are not a substitute for food. It's crucial to avoid over-supplementing.,926,train,train
309,273,What are some benefits of seeing a dietitian?,,"They can design a personalized meal plan, help with accountability, and educate you on nutrition.","They help manage food strategies, provide support, and gradually reintroduce fear foods.",927,test,train
309,273,How can you find a dietitian or nutritionist through insurance?,,Call your insurance provider; they often cover dietitians if you have a doctor's referral.,"A physician can write a prescription for a dietitian, making it more likely to be covered by insurance.",928,test,train
309,273,What should you expect during the first visit to a dietitian?,,"Discussion about food concerns, current diet, and possibly a meal plan.","They will go over your current diet, fears, and anxieties, and get to know you.",929,test,train
310,34,What are some common ingredients people mix with their protein shakes?,"Almond milk, heavy cream, spinach, and flax seeds.","Almond milk, banana, Greek yogurt, and berries.",,930,train,train
310,34,How do members use protein shakes as meal replacements?,Mix with almond milk and heavy cream; sometimes add peanut butter.,Not recommended as a meal replacement; use for supplementing protein intake.,,931,train,train
310,34,What are some recommended brands or types of protein powders?,"Isopure, Premier Protein, and MyProtein.","Optimum Nutrition, ESN Designer Whey, and Premier Protein.",,932,train,train
311,15,How do family dynamics affect your eating habits?,"Family dynamics can trigger unhealthy eating patterns, like when parents offer sugary snacks or don't support dietary choices.",,Family dynamics often result in restrictive eating or emotional eating due to comments and pressures about food.,933,train,train
311,15,What are some strategies you use to handle unwanted food offers?,"Politely decline, set boundaries, or ask for alternatives like coffee or diet soda.",,"Make excuses, claim to have eaten earlier, or simply say you're not hungry.",934,train,train
311,15,How do you respond when someone comments on your eating habits?,"I set boundaries, politely enforce them, or sometimes humorously deflect the comments.",,"I try to avoid the discussion, get defensive, or sometimes respond with a deadpan expression.",935,train,train
312,145,"What should you do if your doctor only gives you a generic ""ok"" after a blood test?","Ask for a detailed copy of your results, either printed or electronic, to understand and monitor trends.",,Request the complete results and discuss any concerns or unusual patterns with your doctor.,936,train,train
312,145,What type of blood tests should you consider if you're on a keto diet and experiencing significant weight loss?,"Check thyroid, liver function, cholesterol, iron, vitamin D, magnesium, and diabetic markers.",,"It’s essential to monitor electrolytes, vitamin levels, thyroid function, and possibly additional markers if you have any specific symptoms.",937,train,train
312,145,Why might someone be upset even if their blood test results come back normal?,"They might still be experiencing symptoms despite normal results, leading to frustration.",,"Normal results can feel invalidating if you still feel unwell, as it doesn't explain ongoing symptoms.",938,train,train
313,0,What are some common reasons for experiencing a weight loss plateau on keto?,"Not tracking calories properly, eating too many keto ""treats,"" or not counting exercise calories accurately.","Not being in a calorie deficit, inaccurate tracking of calories, or underlying health conditions.",,939,train,train
313,0,How do you manage your macros when starting keto?,"Keep carbs under 20 grams, aim for 70% fat, and 20% protein.","Focus on reducing carbs gradually, increase protein and vegetables, and decrease calorie intake steadily.",,940,train,train
313,0,What are the initial side effects you might experience when starting keto?,"Keto flu symptoms like headaches, fatigue, and electrolyte imbalance.","Headaches due to low electrolytes, feeling miserable, and fast initial water weight loss.",,941,train,train
314,233,Have you noticed any changes in your nail health since starting keto? ,"Yes, my fingernails are much stronger and less brittle.",,"No, but I have to keep them short due to their brittleness.",942,train,test
314,233,How do you manage anxiety-related nail-biting?,Keto helped me control anxiety and I stopped biting my nails.,,"Painting my nails helps, but I still struggle with it sometimes.",943,train,test
314,233,What are some methods you use to strengthen your nails?,Supplementing with collagen and using a strength top coat.,,Taking multivitamins and using nail polish to prevent peeling.,944,train,test
315,22,How has the keto diet helped you with your weight loss journey?,Keto has helped me lose pounds quickly and manage my diabetes. ,I haven't tried keto; I focus on reducing calories and exercise.,,945,train,train
315,22,What is your current weight loss goal and starting weight?,I started at 325 lbs and my goal is 220 lbs.,"I started at 270 lbs, and my goal is to reach 170 lbs.",,946,train,train
315,22,How do you stay motivated during plateaus in your weight loss journey?,I look at the progress I've made and stay committed to keto.,I remind myself of how far I've come and celebrate small wins.,,947,train,train
316,47,How do people typically handle the high calorie content of macadamia nuts?,"By limiting to small portions, like 10 nuts, or pre-measuring servings.",,I usually avoid them because they are too calorie-dense and can be addictive.,948,train,train
316,47,What is a common issue people face when consuming peanut butter?,"It's too calorie-dense, making it easy to overeat and misjudge portions.",,"The high calorie content makes it tempting to binge, causing regret after consumption.",949,train,train
316,47,Why might someone choose almond butter over peanut butter?,They might prefer the taste or are looking for a different fat source.,,"It might feel like a ""safer"" option, especially in controlled portions.",950,train,train
317,100,What is a common strategy to handle cravings when they first appear?,Drink water or distract yourself with an activity like knitting or puzzles.,Focus on an activity or hobby to divert your attention from the craving.,,951,train,train
317,100,How can you prepare ahead to combat cravings effectively?,"Keep portioned snack bags of nuts, seeds, or cooked bacon ready.",Have healthy alternatives like fruit or protein bars available.,,952,train,train
317,100,What role does hydration play in managing cravings?,"Drinking a lot of water helps, as cravings could be due to thirst.",Drinking water throughout the day can prevent and reduce cravings.,,953,train,train
318,62,How does keto help with managing PCOS symptoms?,"Keto helps regulate insulin levels and improve hormone balance, which can alleviate PCOS symptoms.","Keto helps by reducing insulin resistance and aiding in weight loss, which can improve PCOS symptoms.",,954,train,train
318,62,What are some supplements recommended for PCOS and why?,Inositol is recommended because it helps with insulin sensitivity and hormonal balance.,Metformin and inositol are often recommended to manage insulin resistance and hormonal imbalances.,,955,train,train
318,62,What has been your experience with weight loss and PCOS while on the keto diet?,"I've lost weight, regulated my cycle, and improved my overall symptoms since starting keto.","Weight loss has been slow but steady with keto, and it has helped manage my PCOS symptoms better.",,956,train,train
319,73,What are some reasons people might take vitamin D supplements?,People often take vitamin D supplements due to low blood levels or living in areas with limited sunlight.,,Vitamin D supplements can help with bone density and are necessary when sunlight is scarce.,957,train,train
319,73,How can you ensure that your body absorbs fat-soluble vitamins effectively?,Take fat-soluble vitamins like D3 with a meal that includes fat.,,Fat-soluble vitamins should be taken with a fatty meal to ensure proper absorption.,958,train,train
319,73,What vitamins and supplements do you recommend for someone who is constantly feeling fatigued?,Vitamin B12 and iron supplements can help with fatigue and provide more physical energy.,,"A B-complex vitamin and iron supplements can help alleviate fatigue, especially if you're deficient.",959,train,train
320,4,What are some concerns about taking magnesium citrate supplements on a keto diet?,Some feel 750mg might be too high; typical intake is around 400mg.,,"Magnesium citrate is often a laxative, and some prefer magnesium glycinate for health benefits.",960,train,train
320,4,How do people on a keto diet typically manage their electrolyte intake?,"They use homemade ketoade with lite salt, supplement with magnesium pills, and salt their food liberally.",,"They use electrolyte tablets like Nuun, mix salt in water, and sometimes use coconut water.",961,train,train
320,4,What are the potential issues with overhydration in relation to electrolyte management?,"Overhydration can lead to flushing out electrolytes, requiring more intake of sodium and other electrolytes.",,Overhydration is very dangerous and can lead to electrolyte imbalance; sodium helps to retain the water.,962,train,train
321,186,What are some benefits of intuitive eating mentioned in the comments?,,It helps fix your relationship with food and understand hunger cues. ,It can stop bingeing and promote more natural eating patterns.,963,train,train
321,186,"According to the comments, what are some challenges people face when practicing intuitive eating?",,Many struggle with portion control and recognizing hunger/fullness cues. ,People with disordered eating find it hard to distinguish mental from physical hunger.,964,train,train
321,186,How do people suggest integrating intuitive eating with other practices for better results?,,Combining intuitive eating with calorie counting can help maintain control.,Using a meal plan initially and gradually incorporating intuitive eating can be effective.,965,train,train
322,6,How much protein should you aim for daily on a keto diet?,You should aim for 0.8-1g of protein per lean pound of body weight every day. ,"Aim for 0.8-1g of protein per pound of body weight, especially if you're doing resistance training.",,966,train,train
322,6,What are the macros you should focus on if you're trying to lose weight on keto?,"Prioritize protein, keep carbs below 20g, and use fat to fill in the rest until satiated.","Focus on protein to preserve muscle, then balance carbs and fats according to your calorie limit.",,967,train,train
322,6,How should you adjust your fat intake if you feel you're not losing weight on keto?,Lower your fat macro a bit and increase protein if needed to stay full.,Reduce fat intake and increase protein to maintain muscle mass while staying in a calorie deficit.,,968,train,train
323,229,How does age affect the shape of one's face?,,"Some people's face shapes continue to evolve until their mid-20s, and faces can naturally slim down with age.","Baby fat in the face can diminish in the early 20s or later, leading to more defined features.",969,test,train
323,229,What role do genetics play in facial fat distribution?,,"Genetics can determine if someone has a rounder face, even if they have low body fat.",Genetics can cause some people to have a round face and chubby cheeks regardless of their overall weight.,970,test,train
323,229,What are some common non-surgical methods to reduce facial puffiness?,,"Reducing sodium intake, drinking plenty of water, and using facial rollers can help reduce puffiness.","Drinking more water, using facial rollers, and freezing spoons to massage the face can reduce puffiness.",971,test,train
324,244,How have changes in your appearance due to weight loss affected your experiences with official identification?,TSA agents and officers often don't recognize me; I have to explain my weight loss and show old IDs.,,"Security questioned me about my ID, thinking it was fake because my appearance changed a lot.",972,train,train
324,244,"Do you think it's necessary to have weight listed on driver's licenses, and why?","No, weight fluctuates too much to be a reliable identifier. Height and eye color are more stable.",,"No, weight isn't a static variable and can change significantly. It shouldn't be on IDs.",973,train,train
324,244,How do you handle discrepancies between your current weight and the weight listed on your driver's license?,I often lie about my weight on my license to match my future goals or keep it the same for motivation.,,I keep my old weight as a motivator but sometimes feel pressured to stay below it.,974,train,train
325,91,How do you handle measuring ingredients for a recipe that uses volume measurements rather than weight?,I convert volume measurements to weight using a food scale. Cups are inaccurate; weighing is more precise.,"I often use measuring cups for convenience, but I know a scale is more accurate for precise tracking.",,975,train,train
325,91,What is your method for estimating calorie content in homemade meals when dining out is unavoidable?,"I guesstimate based on similar ingredients, then choose the highest calorie option in my tracker.",I find a similar meal on myfitnesspal and add extra calories just in case I'm underestimating.,,976,train,train
325,91,How do you ensure that your calorie tracking is accurate when dealing with oils and dressings?,Weigh all oils and dressings. Eyeballing can lead to large inaccuracies.,I measure oils and dressings using measuring spoons or cups and sometimes add extra calories to be safe.,,977,train,train
326,73,What supplements are recommended for someone following a keto diet to address vitamin and mineral deficiencies?,"Vitamin D, magnesium, potassium, and sometimes multivitamins.",,"Multivitamins, B vitamins, iron, magnesium, and potassium.",978,train,train
326,73,How do members of your subreddit feel about the effectiveness of multivitamins?,Generally skeptical; many think they are worthless or not well-absorbed.,,"Mixed; some find them helpful for deficiencies, while others are cautious about their effectiveness.",979,train,train
326,73,How should fat-soluble vitamins be consumed to ensure proper absorption?,With meals that contain fat for better absorption.,,"With a meal that contains fat, preferably the biggest meal of the day.",980,train,train
327,166,What are some common side effects mentioned after receiving the Pfizer vaccine?,"Sore arm, chills, fever, fatigue, headache.",,"Sore arm, fatigue, slight fever, some nausea.",981,train,train
327,166,How did members suggest dealing with soreness in the injection arm?,"Use the arm actively, play tennis or VR games, take Tylenol.",,"Relax the muscle during injection, move the arm afterward, use ice.",982,train,train
327,166,What are the experiences of people who restricted eating before getting vaccinated?,Not mentioned.,,Increased severity of side effects like fever and fatigue.,983,train,train
328,91,How do you measure ingredients when following a recipe that lists quantities in cups?,Convert to grams and weigh everything for accuracy.,"Use volume measurements like 1/2 cup or 1 cup, a gram scale if more precise.",,984,train,train
328,91,What tools do you find essential for accurately tracking your food intake?,A food scale and a liquid measuring cup.,A kitchen scale and a calorie tracking app.,,985,train,train
328,91,How do you handle estimating calories for homemade meals?,"Weigh each ingredient, input into an app like Cronometer.","Weigh ingredients, sometimes estimate based on similar recipes online.",,986,train,train
329,52,How can switching to hydroxyapatite toothpaste benefit your dental health?  ,Hydroxyapatite toothpaste can help remineralize and protect teeth effectively.  ,,"It strengthens enamel and may prevent decay, which is crucial for damaged teeth.",987,train,train
329,52,What are some strategies to deal with tooth sensitivity when eating cold foods?  ,Using anti-sensitivity toothpaste like Sensodyne and avoiding cold foods helps.  ,,"Avoid cold foods, use Sensodyne, and consider magnesium supplements to strengthen teeth.",988,train,train
329,52,How should you care for your teeth after consuming acidic foods?  ,Rinse with water and wait at least 30 minutes before brushing to avoid enamel damage.  ,,Rinse with water or fluoride mouthwash and wait an hour before brushing to protect enamel.,989,train,train
330,237,How has wearing masks due to the pandemic affected the frequency of common colds or flu?,Wearing masks has significantly reduced the frequency of common colds and flu; many people noticed they didn't get sick often.,,"Wearing masks has reduced exposure to colds and flu, but some still worry about catching strong viruses like COVID-19.",990,train,train
330,237,"Have you experienced any lingering symptoms after recovering from COVID-19, and if so, what were they?","Lingering symptoms include fatigue, loss of smell, and elevated heart rate; some have experienced long COVID.",,"Lingering symptoms reported include brain fog, fatigue, and muscle aches; long COVID can be a significant issue.",991,train,train
330,237,What was your experience with COVID-19 vaccinations and any side effects you encountered?,"Most were vaccinated, with some reporting mild side effects like fever or headaches, but generally manageable.",,"Some experienced significant side effects like severe migraines and brain fog, which can be discouraging.",992,train,train
331,168,What steps can you take to break a weight loss plateau?,"Track your intake, switch things up, and consider troubleshooting your current methods.","Adjust your calorie deficit, reframe your mindset, and incorporate new exercises.",,993,train,train
331,168,How can you stay motivated during a plateau?,Remind yourself that plateaus are normal and keep doing what you're doing.,"Focus on your achievements, practice positive self-talk, and stay patient.",,994,train,train
331,168,How do you determine if you’ve hit a true plateau?,Consistent tracking and monitoring your progress can help identify plateaus.,Evaluate if you’re still in a caloric deficit and track for an extended period.,,995,train,train
332,53,How should you handle a situation where a family member makes disrespectful comments about your lifestyle choices?,"Set boundaries firmly and calmly. If they persist, consider distancing yourself or seeking therapy for support.",,"Acknowledge their insecurities but prioritize your well-being. If needed, distance yourself and find supportive people.",996,train,train
332,53,What is a good approach to take when a friend continues to engage in behavior that you find triggering?,"Talk to them directly and calmly about how their behavior affects you. If they don't change, limit your interactions.",,"Be honest and tell them how their behavior triggers you. If they don’t stop, consider distancing yourself for your own health.",997,train,train
332,53,How can you help a friend who is struggling with their relationship with their parents?,Suggest they set firm boundaries and seek professional help if needed. Offer your support and understanding.,,Encourage them to seek therapy if possible and reassure them they’re not alone. Be there to listen and provide support.,998,train,train
333,72,What steps can you take if you suspect your bloating is due to a food intolerance?,,"Keep a food diary, experiment with foods, and visit a doctor or dietitian.",Try the low FODMAP diet and use an app to track symptoms alongside food choices.,999,train,train
333,72,How can you manage bloating if you're on a weight loss journey?,,"Drink more water, avoid certain foods like dairy and wheat, and incorporate lower-carb, higher-protein diets.","Stay hydrated, avoid fizzy drinks and artificial sweeteners, and try gentle yoga or stretching.",1000,train,train
333,72,What dietary changes might help reduce bloating?,,"Cut down on carbs, avoid junk food, and focus on eating less processed foods.","Avoid excessive fiber, limit dairy and sodium, and consider taking probiotics.",1001,train,train
334,124,How important is it to stay hydrated before donating blood?,Very important; it helps speed up the donation process and prevents dehydration.,,Extremely important; dehydration can make the process unsafe and lead to fainting.,1002,train,train
334,124,"What adjustments, if any, should you make to your diet before donating blood?",No need to change carb intake; focus on hydration and electrolytes.,,Eat a substantial meal and ensure sufficient iron intake to avoid complications.,1003,train,train
334,124,How should you prepare if you have a history of anemia but still want to donate blood?,"Eat iron-rich foods like red meat the night before, and stay hydrated.",,Take iron supplements and ensure you are eating enough calories beforehand.,1004,train,train
335,141,How do you manage your caffeine intake to avoid anxiety?,"I cut down on caffeine, switched to decaf, and sometimes add l-theanine.",,"I try to limit my intake to avoid jitters and anxiety, but it's tough.",1005,train,test
335,141,What alternatives to caffeine do you use for energy or focus?,I use taurine and l-theanine; they help with focus without the jitters.,,I don't use much else; sometimes I just drink water to stay hydrated.,1006,train,test
335,141,How has quitting caffeine impacted your daily energy levels?,"Quitting made me tired initially, but my energy levels improved after a few weeks.",,"Surprisingly, I felt more energy after quitting cold turkey, even during 12-hour shifts.",1007,train,test
336,29,What can be used to alleviate constipation without creating dependence?,Magnesium citrate and proper hydration can help alleviate constipation without creating dependence.,,Osmotic laxatives like Miralax are better than stimulant laxatives for avoiding dependence.,1008,train,train
336,29,How does increasing dietary fiber affect bowel movements?,"Increasing fiber helps in bulking up stool and can alleviate constipation, but balance it with hydration.",,"Increasing fiber can help with regular bowel movements, but it may not work for everyone and sometimes other measures are needed.",1009,train,train
336,29,What are some non-laxative methods to stimulate bowel movements?,"Hydration, magnesium supplements, and fiber intake can help stimulate bowel movements.",,"Drinking more water, green tea, and gentle abdominal massage can help stimulate bowel movements.",1010,train,train
337,214,What are some potential side effects of taking creatine?,"Water retention, possible bloating, and rage issues.","Water retention, weight gain, and potential kidney issues if not monitored.",,1011,test,train
337,214,How can creatine impact your weight when starting a new workout routine?,"It can cause water retention, making you look and feel bloated.","It can add 2-5 pounds of water weight initially, hiding fat loss.",,1012,test,train
337,214,What is the recommended daily dose of creatine monohydrate?,"5 grams a day, no need to load more.","3-5 grams daily, with an optional loading phase.",,1013,test,train
338,48,How should you calculate your TDEE if you are mostly sedentary?,,"Use a TDEE calculator and select ""sedentary"" as your activity level.","Use a conservative multiplier, like BMR x 1.4, to estimate your TDEE.",1014,train,train
338,48,What should you do if you suspect your TDEE calculation is inaccurate?,,Track your weight and adjust your calorie intake based on trends over time.,Consider that online calculators can be unreliable and adjust based on personal experience and activity levels.,1015,train,train
338,48,Why is it important not to eat below your BMR for weight loss?,,Eating below BMR can harm your health and is unsustainable long-term.,Eating below BMR is unsafe and can lead to serious health issues and metabolic damage.,1016,train,train
339,120,How can muscle gain affect what you see on the scale?,"Muscle weighs more than fat, so gaining muscle can offset fat loss and keep the scale number steady.","Gaining muscle, which is denser than fat, can keep or even increase your weight while you're losing fat.",,1017,train,train
339,120,Why might measurements be a better indicator of progress than the scale?,"Measurements can show body composition changes and fat loss, even if the scale doesn't move.","Measurements can reflect fat loss and muscle gain, providing a clearer picture of progress than the scale alone.",,1018,train,train
339,120,What common issue might cause the scale to not accurately reflect fat loss?,Fluid retention from muscle repair can mask fat loss on the scale.,Fluid retention due to muscle repair and other factors can hide true fat loss on the scale.,,1019,train,train
340,191,How reliable are body fat percentage (BFP) measurements from scales?,"They are generally inaccurate, fluctuating often due to hydration levels and other factors.",They are not very reliable but can provide a rough trend over time.,,1020,train,train
340,191,What methods can be used to measure body fat percentage more accurately than scales?,DEXA scans and calipers are more accurate. Bioelectrical impedance scales often give inconsistent results.,"DEXA scans, calipers, and the Navy method using measurements are more reliable.",,1021,train,train
340,191,What are the pros and cons of using calipers for measuring body fat percentage?,Pros: More accurate than scales. Cons: Requires skill and can be painful.,Pros: Provides consistent results when used by an experienced person. Cons: Hard to use on yourself and can be uncomfortable.,,1022,train,train
341,138,What techniques do you use to avoid snacking when you feel the urge?,"Drink water, keep busy, brush teeth, or go for a walk to avoid snacking.","Remove yourself from the kitchen, drink water, or take a walk to curb the urge.",,1023,train,test
341,138,How do you handle emotional triggers that make you want to snack?,Identify the emotion and use non-food activities like hobbies to cope.,Address the emotional trigger directly and find healthier distractions like chewing gum or taking a walk.,,1024,train,test
341,138,What role does meal planning play in your strategy to avoid snacking?,"Plan satisfying, protein-rich meals to reduce the need for snacking.",Ensure meals are filling and nutritious to minimize snacking temptations.,,1025,train,test
342,209,What are some foods that members from both subreddits recommend including in a diet when cutting carbs?,"Meat, eggs, cheese, nuts, and cauliflower.","Fruits, starchy vegetables, whole grains, and legumes.",,1026,train,train
342,209,How do members from both subreddits view the relationship between carbs and calorie intake when it comes to weight loss?,"Weight loss is driven by caloric intake, but reducing carbs can help control hunger and cravings.",Calorie deficit is crucial for weight loss; carbs can be part of a healthy diet if portions are controlled.,,1027,train,train
342,209,What is a common concern for individuals going on a low-carb diet according to both subreddits?,The potential difficulty of maintaining the diet long-term and the initial adjustment period.,Sustainability of the diet and avoiding nutritional deficiencies.,,1028,train,train
343,182,What should someone do if they are in a severe calorie deficit but not losing weight?,They should see a doctor to rule out medical issues and ensure accurate food tracking.,"They should reassess their calorie intake and exercise routine, and possibly consult a nutritionist.",,1029,train,train
343,182,How can one ensure they are not underestimating their calorie intake?,"Use a food scale to measure ingredients and track everything, including snacks.",Keep a detailed food log and be mindful of all snacks and small bites throughout the day.,,1030,train,train
343,182,Why might someone who is significantly overweight lose weight quickly at first and then slow down?,"Initial weight loss might be rapid due to tapping into stored fat, but the body adapts over time.","The body adapts to reduced calories and increased activity, slowing down the weight loss.",,1031,train,train
344,183,How do you usually consume apple cider vinegar?,I dilute it in water or use it in salad dressings.,I prefer apple cider vinegar gummies or pills to avoid the taste.,,1032,train,train
344,183,Have you noticed any side effects from taking apple cider vinegar?,It can be quite acidic and hurt my stomach if not diluted properly.,It upset my stomach and gave me diarrhea when taken undiluted.,,1033,train,train
344,183,"What benefits, if any, have you experienced from using apple cider vinegar?",It helps with my digestion and reduces the insulin response to food.,It helps with reducing bloating and sometimes suppresses appetite.,,1034,train,train
345,22,How much weight have you lost in the first month of starting your weight loss journey?,I lost 28 pounds in my first month.,I lost about 20 pounds in the first few months.,,1035,test,train
345,22,What was the highest point of your weight before you started losing?,I started at 300 lbs in December.,I began at 287 lbs.,,1036,test,train
345,22,Did you incorporate any fasting methods in your weight loss routine?,"Yes, I fast nearly every day for at least 16 hours.","Not mentioned, but I focused on calorie counting and healthier eating.",,1037,test,train
346,306,How many calories can you consume before breaking a fast?,"Opinions vary, but some say up to 50 calories, while purists say zero.",,"Many believe under 50 calories is fine, but it depends on personal definition.",1038,train,train
346,306,What type of beverages are typically allowed during a fast?,"Water, black coffee, and plain tea are common choices.",,"Water, tea, and coffee; some might include low-calorie drinks like diet soda.",1039,train,train
346,306,Does consuming fat break a fast?,"Some believe it doesn't, especially if the goal isn't related to autophagy.",,"Yes, calories from any source, including fat, break a fast for most.",1040,train,train
347,55,What are some reasons why CICO might not work for everyone?,CICO oversimplifies complex biological processes and ignores the impact of hormones like insulin.,CICO might not work due to inaccurate BMR calculations or not addressing nutrient deficiencies.,,1041,test,train
347,55,How do hormones influence weight loss according to the members of these subreddits?,"Hormones like insulin regulate fat storage, and keeping insulin low can help with weight loss.","Hormones such as cortisol and insulin can affect metabolism and fat retention, impacting weight loss.",,1042,test,train
347,55,What role does exercise play in a weight loss plan based on CICO?,Exercise isn't the focus; managing insulin and hormones is more crucial for effective weight loss.,"Exercise helps create a caloric deficit and improves physical fitness, aiding in weight loss.",,1043,test,train
348,262,How does breastfeeding affect weight loss efforts according to your experience?,"Many found it difficult to lose weight while breastfeeding, as it affected milk supply and the body clung to fat due to hormones.",Breastfeeding can make it harder to lose weight because prolactin makes the body cling to fat. Weight loss often happens after weaning.,,1044,train,train
348,262,What dietary adjustments are recommended for breastfeeding mothers to support weight loss?,"Eat healthy, nutrient-dense foods and avoid drastic calorie cuts to maintain milk supply. Focus on clean eating.",Consume a minimum of 1800-2000 calories to maintain milk supply. Focus on nutrient-dense foods and staying hydrated.,,1045,train,train
348,262,Is it advisable to follow a strict calorie deficit while breastfeeding?,Generally not advisable. Most recommend not dropping below 1500-1800 calories to avoid affecting milk supply.,"No, it's important to ensure enough calories (at least 1800) to maintain milk production and avoid nutritional deficiencies.",,1046,train,train
349,47,What are some reasons people on keto might avoid consuming nuts?,"Nuts are high in calories and can be easy to overeat, leading to weight gain. They are also high in omega-6 fatty acids, which can stimulate hunger.",,They might avoid them due to their high calorie content and because they can be a binge trigger.,1047,train,train
349,47,How do people from both communities view peanut butter as part of their diet?,Peanut butter is often seen as easy to overconsume and not filling despite its high caloric content.,,"It’s viewed as both a safe and fear food, often being a binge trigger but also comforting and enjoyable when consumed in moderation.",1048,train,train
349,47,What alternatives do people suggest for those who struggle with portion control of high-calorie nuts?,"Suggested alternatives include more filling, lower-calorie foods like chicken breast or eggs, and portioning nuts immediately.",,Some suggest using individual packets of nut butters to help control portions and prevent binging.,1049,train,train
350,155,"Why might someone experience sudden, rapid weight gain despite a stable lifestyle?",,It could be due to medical issues like thyroid problems or metabolic conditions.,"It might be water retention or food weight, which can fluctuate rapidly.",1050,train,train
350,155,How can a person gain significant weight in a single day?,,Fluid retention or eating a large meal could cause temporary weight gain.,It's likely water weight or food still being digested.,1051,train,train
350,155,What should someone do if they are gaining weight despite exercising and eating in a calorie deficit?,,Consult a doctor to rule out medical issues and check for hidden calories in food.,Focus on consistency and not daily fluctuations; it might be water weight.,1052,train,train
351,93,What is a recommended strategy to manage calorie intake effectively?,Track your calories tightly and consider intermittent fasting.,Use a kitchen scale to weigh food and track calories with MyFitnessPal.,,1053,train,train
351,93,How important is it to focus on specific foods for weight loss?,"Focus on whole foods like meat, and avoid processed foods and sugar.",What you eat matters less than consuming fewer calories than you expend.,,1054,train,train
351,93,What role does physical activity play in weight loss according to the advice given?,Incorporate daily cardio and exercises like dumbbell routines; start small and be consistent.,"Exercise regularly, even if it's just walking daily, but focus primarily on diet.",,1055,train,train
352,165,How do symptoms of gluten sensitivity manifest in individuals without celiac disease?,"Symptoms can include bloating, gas, insomnia, and joint pain.",,"Symptoms can include depression, bloating, stomach pain, and random hives.",1056,train,train
352,165,"Have you tried any gluten-free alternatives, and how did they affect your symptoms?","Yes, but some gluten-free products caused worse reactions than gluten-filled equivalents.",,"Yes, most of the food I keep is gluten-free, and it helps manage my symptoms.",1057,train,train
352,165,How has eliminating gluten from your diet impacted your overall health or lifestyle?,Eliminating gluten has reduced my acid reflux and made me feel better overall.,,Going gluten-free has lessened my food anxiety and improved my digestion.,1058,train,train
353,38,How do members typically feel after waking up from a dream where they ate non-keto or high-calorie foods?,They usually feel relieved that it was just a dream and didn't ruin their diet.,,"They often feel guilty and anxious, fearing it might have happened in reality.",1059,train,train
353,38,What types of foods do members often dream about consuming?,"They dream about carb-heavy foods like bread, pasta, and sweets.",,"They dream about calorie-dense foods like pizza, cookies, and ice cream.",1060,train,train
353,38,How do intense dreams affect the sleep quality of members?,Intense dreams can cause interrupted sleep and make them wake up feeling awful or tired.,,Intense dreams can lead to poor sleep quality and feelings of guilt or anxiety upon waking.,1061,train,train
354,52,What are some common suggestions for dealing with gum soreness?,Use a softer toothbrush and be gentler when flossing.,,Use a softer toothbrush and brush with less force.,1062,test,train
354,52,How do dentists typically react when they notice signs of an eating disorder?,They often give advice on diet or care but may not directly ask about eating disorders.,,They provide harm reduction techniques without directly asking about the eating disorder.,1063,test,train
354,52,What are some methods people use to reduce the impact of acidic foods or drinks on their teeth?,Swishing with water or baking soda solution after consuming acidic foods.,,Rinsing with water or using a fluoride mouth rinse after purging.,1064,test,train
355,146,What temporary solutions do people use when their rings become too loose?,"People use silicone inserts, plastic spirals, or tape to temporarily adjust their rings.",,Rubber ring adjusters or clear ring inserts are commonly used.,1065,train,train
355,146,How do members feel about the fit of their rings after weight loss?,"They feel happy and proud, seeing it as a non-scale victory.",,"They have mixed feelings, finding comfort in loose rings but also worrying about losing them.",1066,train,train
355,146,What alternative ways do people suggest wearing rings that have become too loose?,Wearing the ring on a necklace or moving it to a different finger.,,Wearing the ring on a necklace or switching fingers if it fits better.,1067,train,train
356,54,What are some substitutes for sugary snacks that help manage cravings?,"Stevia in coffee, sugar-free jello, and almond butter with sugar-free chocolate are good substitutes.",Eating fruits like berries or having small portions of high-quality dark chocolate helps manage cravings.,,1068,train,train
356,54,How long does it typically take for sugar cravings to decrease after starting a new diet?,It usually takes about a week to ten days for sugar cravings to start diminishing.,It can take a few tough days to a couple of weeks for cravings to decrease.,,1069,train,train
356,54,What role does meal timing and frequency play in managing sugar cravings?,Eating high-fat foods regularly helps manage sugar cravings by keeping you full and satisfied.,"Eating regular meals and snacks, especially those high in protein and fiber, helps to manage cravings.",,1070,train,train
357,37,Which medication has been mentioned as not contributing to weight gain?,,Wellbutrin is known to be less likely to cause weight gain.,Wellbutrin is often mentioned as not causing weight gain and even leading to appetite loss.,1071,train,train
357,37,How do antipsychotics affect metabolism and weight?,,"Antipsychotics can decrease the body's ability to metabolize food into energy, leading to fat storage.","Antipsychotics don't slow metabolism directly but can increase appetite, making weight management harder.",1072,train,train
357,37,What strategies have been suggested to manage weight while on medications that cause weight gain?,,"Incorporate CICO, IF, OMAD, and low-carb diets; consult a doctor about switching meds.","Monitor eating habits, choose weight-neutral meds, and discuss concerns with a psychiatrist.",1073,train,train
358,27,What factors influence the development of loose skin after weight loss?,"Age, genetics, and how long you've been overweight.","Age, duration of being overweight, and skin elasticity.",,1074,test,train
358,27,Can collagen supplements help with loose skin? ,"Some data suggests it might, but the science isn't fully conclusive.",Using lotions with collagen can help with skin elasticity.,,1075,test,train
358,27,Is it better to lose weight quickly or slowly to minimize loose skin?,Losing weight slowly helps the skin adjust better.,Slow weight loss is better to allow the skin to shrink with you.,,1076,test,train
359,18,How often do members typically allow themselves cheat days or meals?,"Rarely, as it can lead to falling off the wagon and carb addiction.","Occasionally, some prefer cheat meals over cheat days to avoid binge eating.",,1077,train,train
359,18,What are some common foods members choose for their cheat meals?,"Pizza, wings, or low-carb alternatives like Halo Top.","Pizza, birthday cake, or foods enjoyed during social events.",,1078,train,train
359,18,How do cheat days affect your weight loss progress according to members?,"Cheat days can cause significant setbacks, making it hard to resume the diet.",They can stall progress but are manageable with portion control and getting back on track.,,1079,train,train
360,6,How often should you recalculate your macros when losing weight?,Recalculate every 10 pounds lost.,Adjust when you hit a plateau or every few weeks.,,1080,train,train
360,6,What role does fat play in a keto diet as compared to protein?,"Fat is a limit, not a goal, while protein is a minimum goal.",Fat and protein intake should be balanced based on personal goals.,,1081,train,train
360,6,How should you determine your daily protein intake for weight loss?,Aim for around 1g per pound of lean body mass.,Focus on 0.8 to 1g per pound of body weight.,,1082,train,train
361,59,What are some ways to keep breasts firm while losing weight?,,"Incline bench press, weight training, and chest exercises help firm up breasts during weight loss.","Toning chest muscles might help, but sagging can still occur after weight loss.",1083,test,train
361,59,How does losing weight impact bra size and fit?,,Losing weight can change both band and cup sizes; proper fitting bras are essential as sizes change.,"Weight loss often leads to smaller, saggy breasts; fitting bras can be a challenge.",1084,test,train
361,59,How do large breasts affect one's perception of their weight?,,Large breasts can make you feel bigger; losing some cup sizes can help achieve a balanced look.,"Large breasts make me feel fatter, especially in baggy clothes; I prefer a smaller chest.",1085,test,train
362,6,How important is it to hit your fat macro target when trying to lose weight?,You don't need to hit your fat macro. Prioritize protein and use fat to satiate.,Focus on overall calorie deficit. Hitting specific fat macros isn't as crucial.,,1086,train,train
362,6,How should you adjust your protein intake if you are not reaching your weight loss goals?,"Protein is a goal, so increase it. More protein helps with muscle mass.",Increase protein to maintain lean mass. Aim for 0.8-1g per kg of body weight.,,1087,train,train
362,6,What role do carbohydrates play in your diet according to your weight loss strategy?,Carbs have a strict limit. Keep them under 20g daily.,You can have more flexibility with carbs. Just ensure you're in a calorie deficit.,,1088,train,train
363,182,Why might someone not be losing weight despite eating a low-calorie diet?,"Metabolic adaptation could be stalling weight loss, or they're snacking without realizing it.",They might not be accurately counting their calories or their metabolism has slowed down.,,1089,test,train
363,182,How can someone ensure they are accurately tracking their calorie intake?,"They should measure and log everything, including oils and sauces, to avoid underestimations.","Use an app like MyFitnessPal and weigh all foods, including condiments and snacks.",,1090,test,train
363,182,What role does protein intake play in weight loss for someone on a keto diet?,"Sufficient protein helps maintain muscle mass while losing weight, and it’s more nutritious than added fats.","Protein is important for maintaining muscle, but overall calorie deficit is more crucial for weight loss.",,1091,test,train
364,175,How does lack of sleep affect cortisol levels and weight loss?,"Lack of sleep increases cortisol, which can inhibit weight loss by promoting fat storage.","Lack of sleep raises cortisol, leading to increased hunger and fat retention, especially around the middle.",,1092,test,train
364,175,What are some strategies to improve sleep quality to aid in weight loss?,"Try a consistent sleep schedule, avoid screen time before bed, and consider magnesium salts in bath water.","Develop a regular bedtime routine, use a good pillow, keep the room dark and cool, and avoid screens before bed.",,1093,test,train
364,175,"Can weight loss itself improve sleep quality? If so, how?","Yes, losing weight can reduce sleep apnea and improve sleep quality.","Yes, weight loss can alleviate sleep apnea and lead to better sleep.",,1094,test,train
365,119,How do you feel about doctors' ability to keep up with current medical research?,Many doctors are outdated in their knowledge and rely too heavily on medication without understanding underlying issues.,,"Some doctors are incompetent and provide outdated or incorrect advice, adding to patients' frustration.",1095,train,train
365,119,What are your thoughts on the relationship between doctors and pharmaceutical companies?,"It's concerning that pharma influences doctors through things like paid conferences, leading to biased treatment.",,"The healthcare system is flawed, with doctors sometimes giving poor care, potentially influenced by pharmaceutical interests.",1096,train,train
365,119,How important is it for a doctor to listen to and respect their patients' concerns?,It's crucial; doctors should treat patients as equal partners in their healthcare.,,Very important; dismissive doctors contribute to mistrust and poor patient experiences.,1097,train,train
366,66,How do you handle birthday celebrations while on a diet?,"I usually allow myself a cheat meal, but get right back on track the next day.",,"I try to balance enjoying some food and maintaining control, but it's often a struggle.",1098,train,train
366,66,What are some alternative ways to celebrate a birthday without traditional cake?,I go for a steak or low-carb alternatives like a Quest birthday cake bar.,,"I might treat myself with something small or focus on activities I enjoy, like watching a movie.",1099,train,train
366,66,How do you feel about eating high-carb foods on your birthday?,"It's tough, but I remind myself of my long-term goals and try to moderate my intake.",,"I often feel guilty and stressed, but I try to allow myself some enjoyment for the day.",1100,train,train
367,100,How do you deal with severe food cravings if they occur late at night?,"Drink water or a Diet Coke, make a big salad, or have a pinch of cheese.","Drink water, chew gum, or go for a run to release endorphins.",,1101,train,train
367,100,What role does water play in managing your cravings?,Drinking water helps trick the mind and can reduce the feeling of hunger.,Thirst is often mistaken for hunger; drinking water can reduce cravings significantly.,,1102,train,train
367,100,Do you find it helpful to remove certain foods from your environment to manage cravings?,"Yes, removing problematic foods can help, especially if you're an abstainer.","Absolutely, not buying the foods you crave helps prevent giving in.",,1103,train,train
368,22,How much weight have you lost within the first month of starting your journey?,Around 18 pounds.,I lost 20 lbs in a month.,,1104,train,train
368,22,What has been your key to staying motivated on your weight loss journey?,Consistency and tasty food are my keys to success.,Celebrating small wins has kept me going.,,1105,train,train
368,22,What was your starting weight and your current weight?,I started at 284.6 lbs and am now around 203-205 lbs.,I started at 254 lbs and now weigh 238 lbs.,,1106,train,train
369,58,How does caffeine consumption affect your sleep?,Dropped caffeine years ago; now sleep like a baby. It used to mess with my sleep patterns.,,Avoid caffeine after 3-4 pm; it helps me fall asleep easier and stay asleep through the night.,1107,train,test
369,58,What are some natural supplements you use to help with sleep?,Magnesium glycinate and melatonin before bed. They help with sleep and other health benefits.,,Melatonin and magnesium before bed. Sometimes herbal teas like chamomile also help.,1108,train,test
369,58,How has your sleep schedule changed due to seasonal changes or diet?,"Seasonal changes cause insomnia for me. My sleep improved after starting keto, now I wake up without an alarm.",,"Restriction worsens my insomnia. My sleep schedule is erratic; sometimes I oversleep, other times I can't sleep at all.",1109,train,test
370,38,How do you typically feel upon waking up from a dream involving eating forbidden foods?,"I usually wake up feeling guilty and panicked, but then relieved when I realize it was just a dream.",,"I wake up feeling scared and sometimes even cry, but then relief floods in when I realize it was just a dream.",1110,train,train
370,38,Have your dreams become more vivid since starting your current diet or lifestyle change?,"Yes, my dreams have definitely become more vivid since I started keto.",,"Yes, my dreams have become way more vivid and often revolve around my eating disorder.",1111,train,train
370,38,Do you find that your dreams about eating tend to affect your mood for the rest of the day?,"Sometimes they make me feel anxious and guilty, but I try to shake it off.",,"Yes, they can ruin my entire day because the emotions feel so real.",1112,train,train
