Topic,Count,Name,Representation,Representative_Docs
-1,1079610,-1_it_is_have_your,"['it', 'is', 'have', 'your', 'like', 'just', 'if', 'be', 'can', 'eat']","[""mine stopped for like a year (i didn't keep track of how far in i was), and then came back for some reason?? even though i weigh less than when it stopped?? now i miss sometimes, but not often. idk, i think it's different for everyone depending on genetics, how long/much you restrict, how much you exercise, and probably other stuff that i'm not thinking of too."", 'i feel the same when i see my mom eating one sandwich and one frozen pizza and she\'s full, and i eat 4 huge meals a day, but still she\'s overweight and i\'m not. the difference is that i eat mostly vegetables, and her food will swim in mayo, extra cheese and lots of ham. sometimes it works both way, either i feel fat or i feel like those ""naturally skinny"" people who eat a lot and not gain weight (tbh i like to hear people say that about me ).', 'so it’s super hard for us short people because almost anything you look as says that you should never eat less than 1,200 calories a day. they say that’s the lowest you should go to stay healthy. but, since our bodies are so much smaller we can go less. i stay under 1,000 on most days when i’m trying to lose weight. i’m not a doctor or anything but my aunt is and she is who recommended that caloric intake for my size']"
0,20585,0_keto_protein_ketosis_started,"['keto', 'protein', 'ketosis', 'started', 'macros', 'back', 'weeks', 'carbs', 'diet', 'calories']","['if you’re doing keto for weight loss, fat macros are not a a goal. don’t go out of your way to add fat to your diet, you want your body to use the fat it already has. the only macro you should try to meet is protein, and honestly 96 g is a little low.', 'if you are trying to lose weight, you don’t have a fat goal you have a fat limit. also, protein doesn’t kick you out of ketosis, so you don’t need to restrict it. if you want to eat more, eat more protein/fat.', ""you don't need to force fats at all-- i get all of my fats from meat (chicken breast, drained hamburger), eggs, and cheese. protein is the goal to meet or exceed. fat are for satiation. i found from the beginning i am far more comfortable without excess fats. just stay under 20g net carbs. some people track their macros from day 1 (i did and do) others wait a few weeks to get used to ketosis before tracking. staying under carbs is necessary for ketosis, beyond that it's just sticking to your macros. if you keep those carbs down, you will lose water weight, and your appetite decreases if you tough out the carb cravings.""]"
1,14573,1_skinny_thin_girls_like,"['skinny', 'thin', 'girls', 'like', 'overweight', 'body', 'underweight', 'weight', 'hate', 'myself']","[""yeah. its sad. i have felt this way since i was like 10. in high school i wasn't even overweight but after i graduated i became actually overweight and looked back at pics and couldn't believe i was bullied for being fat. i'm now back at my high school weight, which is the same weight people made fun of me for having a stomach bigger than my tits...my stomach isnt even bigger than my tits but i still think im fat even tho i used to wish i could be this skinny again. its just so god damn frustrating. im fucking 30 i shouldn't care this much. i have the worst body dysmorphia no matter how fat or skinny i am. hate it."", 'this is what i’m going through now i don’t want to be ig skinny but i want to look in the mirror and not hate how my entire body looks. i just want to feel good and look good for a change. 3 years ago, i lost like 30+ pounds and then college happened so i gained all of it back and more. this time around i’m trying to stick it out and try to love myself (but it’s still hard). so thanks for saying this', ""i don't want people to like me just for being skinny""]"
2,11356,2_thank_therapy_relapse_recover,"['thank', 'therapy', 'relapse', 'recover', 'help', 'life', 'support', 'yourself', 'proud', 'treatment']","[""thanks. can't afford help so just trying to get better on my own :') i have a very supportive s/o luckily so i'm not going through it alone, and with this sub's support i was able to talk to him about it recently too (not like...all of the details but he at least knows there's a lot of mental stuff going on with it). thanks <3 hope you're doing well now friend."", ""i wish i had some advice to give but i'm in the exact same boat as you. if it makes you feel any better, you're not alone. i'm so sorry that you're going through this and i hope that one day you can be at peace with yourself"", ""i feel this so hard. i don't have any advice or help to give but just know you're definitely not the only one, and be kind to yourself when you can. life is so difficult already, no point to beat ourselves up about it when we're just trying to make it through.""]"
3,10932,3_scale_week_water_lose,"['scale', 'week', 'water', 'lose', 'weighing', 'daily', 'trend', 'fluctuates', 'months', 'plateau']","[""i weigh daily, always right after waking up and peeing.it was more fun when i was losing weight because every day i weighed less so every day felt like a success. i've been maintaining for a few years since and still weigh in every day because although the normal fluctuations are not enjoyable, seeing myself gain or lose up to a pound each day helps me to know i'll be fine."", 'my weight fluctuates up to 3 pounds, sometimes more, day over day. month over month is where you see the actual weight loss ). that being said, weigh and track everything you eat to make sure you are actually eating at a calorie deficit, and make sure you have accurate macros--those things are what drive the weight loss.', ""i weigh daily, log the number and forget about it. so long as my month over month trend is going the direction i want, i am good with that. i lose weight very very slowly when i am losing, about 1-1.5 pounds a month. as such, if i didn't weigh daily i might well not even see a loss, since weight can fluctuate up to 3 pounds or more day over day.you can also get a tape measure and take measurements monthly of various body parts. i am still losing inches and changing shape even though i have been maintaining for several months now.""]"
4,8190,4_potassium_sodium_magnesium_electrolytes,"['potassium', 'sodium', 'magnesium', 'electrolytes', 'mg', 'supplement', 'ketoade', 'citrate', '5000mg', 'chloride']","['salt mostly. you can also use potassium salt if you wish, it usually called lo salt, nu salt, no salt, low blood pressure salt, half salt, etc. magnesium can help as well, try a good form of magnesium like glycinate or citrate.', ""yes. yes you should. have you read the sidebar? there's a big chunk about electrolytes in the faq. read that, stop at the store and get yourself the stuff to make up a batch of ketoade. you need to be taking a high absorption magnesium, either citrate or chelated magnesium works, and although some people take a potassium supplement in the form of a pill as well, most of us use no salt, nu salt, or light salt in water with flavor and plain old salt. i use himalayan pink sea salt to get my sodium in, but hey... salt is salt."", 'both. i change the amounts of salt (sodium) and nusalt (salt replacement for potassium) i use in my ketoade every day depending on where i’m at with the sodium and potassium i get from food, and i take magnesium citrate in pill form.']"
5,7322,5_alcohol_drinking_beer_drink,"['alcohol', 'drinking', 'beer', 'drink', 'drinks', 'liquor', 'alcoholic', 'gin', 'booze', 'drinker']","['interesting... so even if it’s the “right” alcohol it’s still alcohol which is not good for our body anyways. i’m seriously thinking about giving up drinking but of course it’s not that easy.', 'alcohol with keto what’s everyone’s advice on that?', 'can bring myself to eat and drink alcohol']"
6,6739,6_protein_macros_fat_min,"['protein', 'macros', 'fat', 'min', 'kcal', '20g', 'carbs', 'bf', 'lean', 'need']","[""most of those folks are trying to make $$ off you, so best to just skip.don't overcomplicate it:\\- read the faq\\- calculate your macros at a 20% deficit\\- weigh/measure what you are consuming and use an app like cronometer or carb manager to track\\- stay <20g net carbs\\- hit or exceed your protein macro\\- stay below your fat limit (it's a max limit not to exceed, not a goal to hit)\\- stay at or slightly below your 20% deficit calorie limit.that's it. you're body, and science, will take care of themselves.."", ""what are your macros exactly? for fat and protein? if you're aiming to lose weight, i believe you'd want more protein than fat. protein is a goal, fat and carbs are a limit (seems you have carbs down)."", 'you guys are fairly close in protein, you get more fat.but on that note, protein is a goal, hit or exceed daily. fat is a limit. 20 net carbs is a limit.i have her higher protein since she\'s more active. yours:generated by  9.1322/f/5\'7""   cw 265   49% bf   mostly sedentary 1642 kcal goal, a 25% deficit. (810 min, 2189 max) 20g carbohydrates 115g protein (81g min, 134g max) 122g fat (30g min, 183g max)your moms:generated by  9.1350/f/5\'3""   cw 210   48% bf   mostly sedentary 1272 kcal goal, a 25% deficit. (790 min, 1697 max) 20g carbohydrates 110g protein (66g min, 109g max) 84g fat (30g min, 130g max)']"
7,6521,7_binging_restricting_binges_eating,"['binging', 'restricting', 'binges', 'eating', 'hunger', 'control', 'bingeing', 'cycle', 'guilt', 'feeling']","[""not even hungry. just want to binge because i hate myself so much. i'm so close after being so good."", 'i used to think the longer i wait the better because i always think i’ve lost some weight but then i realize i’ve gained so i give up on life and start binging again then it makes me depressed because i feel fat because i binge, but i binge because i’m fat ……..', ""i feel like i'm going to binge again.""]"
8,5823,8_ed_eds_recovery_recover,"['ed', 'eds', 'recovery', 'recover', 'therapist', 'treatment', 'me', 'help', 'coping', 'talk']","[""it's like i never had an ed at all"", 'help me to know if i have an ed', ""i don't feel like this is an ed""]"
9,5482,9_coffee_tea_chocolate_brew,"['coffee', 'tea', 'chocolate', 'brew', 'creamer', 'starbucks', 'latte', 'unsweetened', 'flavors', 'sweetener']","['i drink unsweetened vanilla almond milk now, but when i first started i was a milk fiend too. i used to water down some half and half or heavy cream and have a glass of that. it’s not as sweet as milk, but it hits the spot.', 'in my experience black coffee is much better than black tea. if i’m drinking tea without milk and sweetener it’s either herbal or cold.i’d say see if you can develop a taste for black coffee. for tea, budget for the calories from what you’re adding. that means measuring, not eyeballing, what you’re putting in. for the milk you can sub skim milk or an unsweetened plant milk (almond milk, oat milk, etc.). for the sugar you can replace it with your preferred sugar substitute, such as erythritol.there are also sugar-free creamers from international delights and coffee mate that are pretty good. they’ve got some calories, but a lot less than the high-test varieties.', 'a tablespoon of sugar free creamer, a bit of milk, and some stevia. i don’t like my coffee very sweet, but i like it milky. almond milk doesn’t cut it for me.my starbucks order is a venti iced coffee with whole milk and one pump of sugar free vanilla. it’s perfect.']"
10,5426,10_clothes_jeans_fit_clothing,"['clothes', 'jeans', 'fit', 'clothing', 'baggy', 'dress', 'thrift', 'wardrobe', 'sizing', 'dresses']","['idk how people wear baggy clothes when big, it makes me feel even bigger.. but yeah, i wear baggy clothes when small bc it makes me feel small. i also wear perfectly fitted clothes to show off my figure. when fat, i wear ugly clothes as a consequence', ""my clothes, i gained a bunch of weight in lockdown and now all my favourite clothes don't fit me, i live in baggy clothes and all i want is to be able to fit into all my clothes again"", 'i never have enough clothes that fit me']"
11,4919,11_ketones_strips_ketosis_urine,"['ketones', 'strips', 'ketosis', 'urine', 'test', 'ketoacidosis', 'diabetics', 'measuring', 'glucose', 'carbs']","[""i fell into this trap a few years ago when i started. those strips are really for diabetics, to monitor for ketoacidosis. in nutritional ketosis, they aren't useful at all. what they're measuring in your urine is excess ketones. early on, the body tends to just yeet out ketones, and what's not needed or used, goes out through your pee. over time, it will fine tune, and the strips will show a zero ketones result - even if you eat 0g carbs.trust the process - log your carb intake, and as long as you remain at or under 20g net carbs you are in ketosis. we promise."", 'ketone strips high and then low? am i out of ketosis?', ""pee strips measure ketones in your pee. ketones in your pee are ketones your body didn't need. they're excess ketones that have been excreted. if your body produced only the right amount of ketones that your body needed, your pee strip would show negative results. yet you're still very much in ketosis. see the problem here?toss the strips and trust the macros. stay under 20g net carbs per day and you're in ketosis, i promise.""]"
12,4820,12_cardio_muscle_walk_workout,"['cardio', 'muscle', 'walk', 'workout', 'gym', 'exercise', 'workouts', 'treadmill', 'exercises', 'yoga']","[""i'm not an expert but i just do gym 3 times a week. 30 mins of cardio. 30 mins of strenh training on every part of my body. 20 reps here 30 there etc. usually takes an hour or so to get some good cardio in and mild strenh training on most of my muscle groups."", ""lifting isn't bad for weight loss, especially free weights. it's just that it doesn't burn as many calories as cardio. walking and weight lifting consume about the same amount of calories, while running burns more than twice as much. cardio is often high-impact though, and kind of hard on the body. that's why i recommend walking, which is easy to do high volumes of without hurting yourself.here's a handy  and how much they burn."", 'also about exercise, cardio is good for health and weight loss, but it won’t do all the work. maybe try incorporating strenh training of any kind a few more times a week to keep muscle mass while losing weight! too much cardio will burn muscle instead of fat, but you don’t just have to lift weights to strenh train. do anything fun for you :)']"
13,4790,13_cholesterol_ldl_hdl_triglycerides,"['cholesterol', 'ldl', 'hdl', 'triglycerides', 'statins', 'lipid', 'doctor', 'ratio', 'fats', 'cvd']","['been on keto for 2.5 years and cholesterol is a little high.', 'i have high ldl cholesterol for the first time in my life', 'what is high cholesterol? 300 plus?if you are eating keto and no grains, your cholesterol will straighten out. hdl will go up, triglycerides will go down and ldl will change particle size.your body needs cholesterol for memory, brain function, to create sex hormones, create vitamin d and to help heal.check out cholesterol clarity and the cholesterol myth books. truth about statins is also good.']"
14,4642,14_keto_people_diet_about,"['keto', 'people', 'diet', 'about', 'talk', 'sub', 'are', 'fad', 'just', 'how']","['i would tell them to google it if they want to learn about it because i can\'t explain it in my own words (even if i could). i\'m not sitting there explaining myself to people who just want to argue.also, i learned not tell people i\'m on keto. if it comes up, i call it ""low carb."" people tend to be less negative toward that.', ""i don't tell people i'm doing keto. i have made the same frustrating experience that you describe, with other ways of eating i've tried in the past. ultimately, most people can't imagine that anything other than their own way of eating could be healthy or good. if they thought that keto was the way to go, then they'd be doing keto, right?i no longer wish to explain and defend myself. i just eat what i want to eat, and it's nobody's business."", 'omg... simply ask him to point out where it says ""sugar is great and ok to eat"" in a regular diet. tell him low carb (avoid the word ""keto"") is how humans are supposed to eat i can\'t stand people who have no clue what they\'re talking about, yet put down others on their life choices.']"
15,3948,15_eat_eating_they_parents,"['eat', 'eating', 'they', 'parents', 'family', 'like', 'hate', 'mum', 'tell', 'dinner']","['i feel like i have to eat less than my mum at dinner every day :( i would never say she’s eating too much, but i think she feels like i am because she always says she almost gets bakery sweets but doesn’t because she thinks i’ll tell her off. runs in the family i guess', 'i feel this. sometimes i’ll mention getting/making food and i ask my boyfriend if he wants something and if he says no i can’t eat it. i hate eating by myself. he always says that he doesn’t mind if i eat and i need to but i just can’t do it.', ""i'm always very self conscious about what i eat when i'm with people too. but one thing to remember is that you're all there to spend a good time together and talk, not look at each other's food. since food takes so much place in our mind we think it's the same for everyone but it's most likely that your friends don't care about what you're eating. but even if they do and say something about your food intake, tell them it's none of their business because it really isn't.""]"
16,3701,16_watched_ed_herself_eugenia,"['watched', 'ed', 'herself', 'eugenia', 'skinny', 'who', 'episode', 'recovery', 'shes', 'character']","['dont like her at all she seems like she genuinely doesnt care about all the kids developing eating disorders because of her. i personally dont care what happens to her she can ruin her body as much she likes if she doesnt care about all those girls starving to look like her i sure as hell dont give 2 fucks about her well being . lots of us have this problem and would never do something like that so its completely on her.', 'it gave me hope to see her doing better. i just feel bad for her because some people are being so rude about her being in denial , and telling her she looks healthy which can be triggering. i wish her the best though, it’s amazing to see her doing so well.', 'i watched it and it basically said that she binged about a week ago bc of stress from exams and she was kinda freaking out cuz she hadn’t eaten that much in a rly long time and it made her feel really shitty like she wanted to relapse but she says she’s telling her self it’s fine it’s just cuz her body has been malnourished for so long and she wanted to make a video to show that it’s normal and ok to struggle with binging during recovery. so she’s not doing great ig but she was pretty adamant that recovery is important to her so she’s not gonna give up it was just really hard to experience something like that']"
17,3603,17_fasting_intermittent_fasts_days,"['fasting', 'intermittent', 'fasts', 'days', 'fasted', 'eat', 'eating', 'hunger', 'schedule', 'meals']","['go read up on intermittent fasting. some people have gone days without food but they do drink water and electrolytes. most people who practice intermittent fasting typically do it 16:8 or 20:4 (hours fasted each day: hours where they can eat).', 'should i start intermittent fasting for weight loss?', 'does intermittent fasting really work? how do you do it?']"
18,3601,18_cheat_days_week_meals,"['cheat', 'days', 'week', 'meals', 'pizza', 'month', 'eat', 'calorie', 'track', 'diet']","['how many calories can you eat on a cheat day?', 'i really want to have a cheat day', 'what to do when you want a cheat day but your whole life has been a cheat day']"
19,3523,19_cauliflower_noodles_pan_add,"['cauliflower', 'noodles', 'pan', 'add', 'cook', 'seasoning', 'salad', 'mix', 'bacon', 'cooked']","['i dislike it because it tastes gross. i will make a keto version of chicken fried rice and use cauliflower rice instead of white rice, but the soy sauce and garlic mask the cauliflower taste so much that i hardly realize it’s cauliflower. i’ve tried using it for several different other recipes though and it’s just gross to me.', ""i can't stand freshly riced cauliflower. it just smells funky to me.but i love the green giant frozen riced cauliflower.i use it in stir fry dishes and soups, usually mixed with other diced vegetables and some type of meat and cheese, with lots of spices. some combination of smoked paprika, black pepper, italian seasoning, ground ginger, onion powder, garlic powder, ...if i'm doing a curry, i'll add some (sweet or hot) curry powder with some cream cheese and unsweetened coconut milk.if i'm doing a chili, i'll add a lot of chili powder. and a fair bit of salsa or ro-tel diced tomatoes and peppers.lately, to add a little sweet flair, i've been adding some chinese five spice."", 'i make a cauliflower “potato” salad! it is fresh cauliflower roasted in the oven with olive oil and garlic powder, salt pepper at 350 for about 30mins. i mix it with diced hard boiled eggs, chopped bacon, mayo, mustard, and shredded cheddar cheese.']"
20,3500,20_rash_acne_eczema_psoriasis,"['rash', 'acne', 'eczema', 'psoriasis', 'itchy', 'rashes', 'breakouts', 'dermatologist', 'rosacea', 'hives']","['this isn’t what you are going to want to hear but i had the same thing and the only thing that made it go away was to stop keto. i’ve done keto many times in my life and not once gotten the rash until this last time. it took a solid two weeks to have the rash be completely gone. i haven’t started it again but hopefully this was a one time thing. good luck to you on your journey.', 'gluten gave me skin issues including acne and eczema. the acne cleared within a month of going keto, but the eczema took a lot longer to go away. just wanted to share as skin issues can sometimes take a bit longer to go away once you clean up your diet. good luck!', 'is there anything that can help with the keto rash?']"
21,3450,21_a1c_diabetes_diabetic_metformin,"['a1c', 'diabetes', 'diabetic', 'metformin', 'glucose', 'keto', 'levels', 'diagnosed', 'hba1c', 'prediabetic']","['before keto, my a1c was 7.3, while using both insulin and metformin. since going keto over 2 years ago, my a1c has been as low as 5.2 without any t2d medications. keto has been a far better treatment than medications for the symptom of high blood sugars. a doctor looking at the standard blood tests would not diagnose me as a diabetic today.', 'i really worry that the keto diet will not be manageable as a type 2 diabetic.when i started keto, my a1c was 7.3 while using insulin and metformin. i was able to stop the insulin immediately and weaned off the metformin months later. since starting keto over 3 years ago, my a1c has been as low as 5.2 without any t2d medications. keto works better than the medications did.', 'if adding sugar back in the diet will bring your a1c into a diabetic range then you aren’t cured. a non- diabetic person will have a normal a1c even if they consume sugar. controlling diabetes with keto is just another way of controlling diabetes, just like lowering a1c to healthy levels using insulin or t2 meds. it doesn’t mean it’s cured.']"
22,2997,22_lbs_down_started_congrats,"['lbs', 'down', 'started', 'congrats', '200', 'congratulations', 'progress', 'journey', 'month', 'been']","['wow congratulations to you what a great accomplishment. i am trying to finish my journey for good - 25 lbs to go. little hard just after thanksgiving but your post is very inspiring. i want to lose 10 lbs before year end.', ""thank you, after about 4 months and 40 lbs the weight loss slowed and then stopped all together and that's were i just started eating too much. some time in june i lost another 14 lbs and then since i've been stuck in the hell that is 13 stone. although with my focus of the last two weeks i've gotten that down quickly. i'm just hoping it will continue. haha"", 'we’re like the same started in the beginning of the month. started at 200 lbs the heaviest i’ve ever been. lost 5 lbs in two weeks. feel so great and i’m full all the time. i eat about two meals a day and don’t force myself to eat. would like to lose a total of 50lbs. keep up the good work everyone']"
23,2833,23_hair_biotin_thinning_collagen,"['hair', 'biotin', 'thinning', 'collagen', 'shampoo', 'grow', 'shave', 'supplements', 'shedding', 'regrowth']","['all i am losing is my hair and will to live', 'how long did it take for your hair to go back to normal?', 'my hair got very thin (lost most of my weight from march to september) and just this month my hair is pretty much back to where it was before. hair loss is usually from big weight loss, not keto.']"
24,2622,24_calories_deficit_calorie_weight,"['calories', 'deficit', 'calorie', 'weight', '1400', 'cals', 'maintain', 'low', 'eat', 'week']","['at 1500 calories you probably should be losing weight. i would try some of the suggestions of the other person that posted. but i did want to point one thing out. you are not at a 2000 calorie deficit. eating 2000 calories less than you did when you were 225-230 is very different. use a tdee calculator to find out what your current maintenance goal is. then you can subtract 500-1000 calories from that. but you should stay at least at 1500. this will at least give you a better expectation of where you should be at.', 'they generally recommend that women eat 1200 and men eat 1500.so if you want to net 1200 calories per day... eating 1500 and then burning 300 thru exercise is a good way to do it. eating only 1200 is not a great way to do it.', 'you need to eat at a deficit but not a starving deficit. anything under 1200 more than likely won’t work. going down to 500 cals a day is too extreme. it will cause your body to store everything you eat as fat so it won’t starve. you need/should eat between 1200-1600 calories a day. but figure out what you tdee and drop a deficit from there. you have to be able to fuel your body for what it uses otherwise like i said your body will just store it all as fat.']"
25,2580,25_belly_fat_areas_reduce,"['belly', 'fat', 'areas', 'reduce', 'exercises', 'body', 'specific', 'abs', 'tone', 'arms']","['do you need muscles to lose belly fat?', 'how do you lose belly and face fat?', 'how to lose weight   lose belly fat   how to lose belly fat']"
26,2472,26_anorexia_disorders_eating_anorexic,"['anorexia', 'disorders', 'eating', 'anorexic', 'recovery', 'illness', 'valid', 'treatment', 'bulimia', 'anorexics']","['i’m not sure if i have an eating disorder or not', 'don’t know if i have an eating disorder or not', 'i don’t know if i have an eating disorder or not']"
27,2295,27_surgery_tighten_collagen_autophagy,"['surgery', 'tighten', 'collagen', 'autophagy', 'saggy', 'genetics', 'muscle', 'arms', 'stretch', 'elastic']","['i’m not sure if i’m still “fat“ or if it’s just loose skin.', 'loose skin or just some more fat to lose?', 'would i have loose skin when i lose weight?']"
28,2201,28_vegan_veganism_vegetarian_animals,"['vegan', 'veganism', 'vegetarian', 'animals', 'vegans', 'plants', 'agriculture', 'environmental', 'cancer', 'diet']","['i started as vegetarian 21 years ago, then went vegan at 19. it was definitely an ethical thing. i had to not be vegan in treatment a few times, and broke vegan a couple times while pregnant on the suggestion of my provider. but i love being vegan and it has nothing to do with my ed. there are so many yummy vegan options.', 'yeah, i totally agree! i stopped eating meat way before any kind of restriction came into my life. i think telling people they can\'t be vegan and recover is really dismissing the ethical side of veganism. like, as much as they wouldn\'t want to eat their pet, i don\'t wanna consume animal products.also it doesn\'t feel like restriction to me (being vegan) because animal products just aren\'t even a thought for me when it comes to food if that makes sense. i don\'t think, ""i wish i could eat that but i can\'t cause i\'m vegan,"" if it\'s not vegan, i don\'t even consider eating it (all it reminds me of is animal suffering tbh )', 'people think i’m healthy when they find out in vegan']"
29,1978,29_laxatives_poop_laxative_constipation,"['laxatives', 'poop', 'laxative', 'constipation', 'stool', 'fiber', 'constipated', 'miralax', 'toilet', 'digestive']","['so i bought laxatives for the first time……', ""i used to abuse laxatives too, even before i developed an ed i suffered from severe slow transit constipation. my doctor now put me on osmotic laxatives (lactulose) that i take twice a day. they are much, much easier on your body and (almost) completely safe for long term use. of course the effects aren't as dramatic as with stimulant laxatives, but if you want to reduce the harm you do to your body and genuinely need laxatives to poop, maybe try those and see how you feel <3"", 'how many laxatives you use in a day?']"
30,1970,30_bulimia_eds_disordered_bulimic,"['bulimia', 'eds', 'disordered', 'bulimic', 'eating', 'anorexia', 'recovery', 'restrictive', 'binge', 'purging']","['it’s not my place to give a diagnosis, but whatever you feel you are doing/experiencing is totally valid. you do show some ed behaviors so that could totally be the case. if you’re really not sure if you’re “faking” or not, maybe talking to a psychiatrist could help? sometimes that helps people feel valid and sometimes it doesn’t so that’s up to you of course. and remember, you can have an ed at any weight. no matter how high, low, or “normal” the number on the scale is, eds are a psychological problem and have less to do with weight than it seems. i wish you the best and i hope this helped.', 'having an ed is about the mindset. i\'ve had bmi\'s in underweight, normal, overweight, obese over the years. i\'ve struggled with bulimia, anorexia, and bed. it\'s not about being ""sick enough"", though our ed\'s love to tell us it is, it\'s about our brain worms telling us we need to be different in the first place. just focus on yourself and what you need. competitive mindsets are hard to avoid, i know, but they have no place in recovery and very little use in active eds behind just making you miserable.', ""this is a common thought loop for people with eds/disordered eating. some people say i'm skinny some say i'm normal so idk but i don't think i'm skinny but my bmi says i'm normal. you can totally have an ed and realize that you are in fact skinny. everyone with an ed is different. just like you don't have to be skinny to have an ed, you don't have to feel fat all the time either.""]"
31,1914,31_soda_sodas_pepsi_carbonated,"['soda', 'sodas', 'pepsi', 'carbonated', 'cola', 'seltzer', 'tastes', 'flavored', 'sweeteners', 'flavor']","[""dude soda is soda. it's full of sugar regardless of it being diet or not. i've been eating less sugar and i've lost a few pounds but soda is still soda there's no drink that can make you lose weight. just cut back."", 'is diet soda good for your body? no.is regular soda good for your body? no. diet soda is zero calories, so if you’re switching out diet soda for otherwise calorie-having food/drink, it’s good for your weight loss', ""i just discovered coke zero and i love it! i don't really like diet soda, and i've never really been a huge soda guy, but i like a coke zero now and again when i break my omad fast""]"
32,1859,32_smoking_weed_nicotine_vape,"['smoking', 'weed', 'nicotine', 'vape', 'cigarettes', 'cigarette', 'cigs', 'edibles', 'tobacco', 'vapes']","['i started only smoking right after i eat then telling myself i already ate. also only smoking a weed vape for a month or so until i got comfortable. i find it gives me much less munchies. weed has become a tool for me this time around whereas i was scared to touch it in the past when i was dieting. i find it controls my food anxiety which would lead me to binge.', ""do what you've gotta do <3 i smoke, and sometimes my bf gives me kinda a hard time (he used to smoke a lot but quit). he hasn't said anything since i told him that smoking for me is harm reduction when i have b/p urges. i mean, i like smoking too, but that's a big part of it. vaping isn't great, but if it keeps you from doing something worse for you, it isn't that bad."", 'as i started smoking more weed i stopped getting the munchies as bad. it might be a tolerance thing. i still do get them occasionally but it’s not all consuming like the munchies i had when i first started smoking']"
33,1804,33_ketosis_carbs_50g_20,"['ketosis', 'carbs', '50g', '20', 'grams', 'limit', 'everyone', 'total', 'keto', 'threshold']","[""a few people can get in ketosis at 50 net carbs. a few more people can get in ketosis at 30 net carbs. pretty much everyone will be in ketosis at 20 net carbs. 20 is the gold standard because it's the one that guarantees ketosis."", ""no, it's individual. i almost never went below 30-35g in the first months (20g was out of question), got into ketosis and became fat adapted just fine.50g was too much for me even after fat adaptation. 40g is still my limit and it seems the number of my meals doesn't matter. i will experiment more but now i'm fine under 20g.x200b;20g is a safe number. very very nearly everyone gets into ketosis under 20g net carbs.many of us can go higher.and some people are in ketosis a little beyond 50g as well but that's probably very rare. i consider myself lucky."", 'i you’re under 20g of carbs you should still be in ketosis. i know personally i can have about 15-20g of carbs when i break my fast and stay in ketosis and i can have another 15-20g of carbs at dinner and stay in ketosis. if i do go over i never get kicked out of ketosis for very long. not long enough to really make a difference it seems.']"
34,1795,34_protein_shakes_whey_isopure,"['protein', 'shakes', 'whey', 'isopure', 'powders', 'milk', 'chocolate', 'meal', 'mix', 'flavors']","['delicious low calories protein shakes. using a protein powder blend', 'i’m not big on protein powder either but i have started incorporating premier protein shakes into my diet to help boost my protein intake. they’re simple and pretty decent in taste, however i too would like to also know which whey protein powder is good as hopefully powder would be cheaper in the long run and just easier to incorporate into my diet as i can use it in different ways..', 'protein shakes are the best if you can’t complete your protein intake through whole foods. i would suggest you to buy a good quality whey protein(concentrate/isolate) if you want to add protein shakes to your diet. please don’t go for ‘meal replacement shakes’ or those ‘weight loss shakes’. they are the most worthless and money wasting products out there.']"
35,1790,35_mfp_myfitnesspal_apps_tracking,"['mfp', 'myfitnesspal', 'apps', 'tracking', 'fitness', 'macros', 'loseit', 'barcode', 'recipes', 'chronometer']","[""i think most people here tend to use cronometer or carb manager personally i couldn't really get into carb manager so cronometer is what i use. before discovering cronometer i used my fitness pal religiously but it doesn't track net carbs and imo it wasn't very accurate"", ""both of you might want to look into cronometer. i heard it's great for people in the us. i used mfp back when i was tracking my food but i've since stopped and mfp is fine as long as you make sure the database entries are correct. but cronometer is curated and only has accurate database entries."", 'cronometer is soooooo much better than mfp. i’ve used to use mfp and i like cronometer so much better. cronometer has net carbs built in but i love that the entries for food items are reliable.']"
36,1771,36_periods_iud_pill_hormones,"['periods', 'iud', 'pill', 'hormones', 'irregular', 'spotting', 'doctor', 'pregnant', 'bmi', 'depo']","[""if this is the time i lose my period, i'm losing it."", 'me when i get my period for the first time in months', 'to those of you who have lost your period: do birth control pills give you a ""period""?']"
37,1560,37_gain_wellbutrin_antidepressants_prozac,"['gain', 'wellbutrin', 'antidepressants', 'prozac', 'seroquel', 'antipsychotics', 'sertraline', 'medications', 'ssris', 'antidepressant']","['i was taking zoloft and idk if this is a common side effect or not but i lost my appetite. i literally was never hungry when taking it. after a bit, i switched to prozac (zoloft gave me headaches) which also took away my appetite and had less negative side effects. this is just me tho, usually anti-depressants vary wildly from person to person. hope this helps!', 'most ssri’s increases appetite as a side effect, if she asks for wellbutrin i would be concerned. more likely than not her appetite would increase with an antidepressant since weight gain/appetite increase are common side effects.', 'zoloft didn’t make me gain weight at all. i did have some improved appetite with lexapro but it also made me nauseous. i took wellbutrin for a bit and barely ate. i’ve never had one make me gain weight, and if i did, it was because i felt better and actively wanted to eat.']"
38,1551,38_dream_dreams_woke_nightmares,"['dream', 'dreams', 'woke', 'nightmares', 'nightmare', 'dreamed', 'waking', 'sleep', 'panic', 'donuts']","['literally last night i had a dream where i ate a lot and then in the dream i felt guilty and upset about eating the food...had to remind myself it was just a dream when i woke up.', ""i keep having dreams where i binge a load of unhealthy food, then wake up and feel guilty because i don't know if it was a dream or not."", 'in my dreams, i don’t eat the cake and i wake up angry because “dream me” is the only time i can have sweets and carbs live your sugar life, dream me']"
39,1543,39_flu_electrolytes_potassium_sodium,"['flu', 'electrolytes', 'potassium', 'sodium', 'symptoms', 'ketoade', '5000mg', 'supplementing', 'deficient', 'glycinate']","[""keto flu is optional. you decide if you'll suffer the keto flu, or avoid the keto flu. it's totally up to you. just follow recommendations on electrolytes from faq in this subreddit, and you'll never experience the keto flu."", 'going through keto flu and the real flu at the same time', 'is this the keto flu, or something else?']"
40,1502,40_carbs_total_fibre_labels,"['carbs', 'total', 'fibre', 'labels', 'sugar', 'nutrition', 'subtracted', 'carbohydrates', 'uk', '1g']","['easy thing to miss! total carbs are all carbs. net carbs are total carbs minus fiber and sugar alcohols. you want to look at net carbs. fiber doesnt impact your blood sugar.', 'i could be wrong, but i do not think its possible for anything to have negative carbs as fiber is consider a carb. so when calculating net carbs its generally: (total carbs)-(fiber)=(net carbs)and since fiber is a carb, it is included in total carbs. best you could do is a 0 net carb food.', 'if you’re in the us, sugar is included in the carb count, as well as fiber. so to get net carbs, you take the grams of carbs — fiber= net carbs. that sugar will be in the net carbs.']"
41,1494,41_anxiety_depression_keto_health,"['anxiety', 'depression', 'keto', 'health', 'meds', 'bipolar', 'improved', 'moods', 'inflammatory', 'symptoms']","[""my anxiety and depression has gone down, but since those were symptoms of my disease, i couldn't give you a straight answer. keto did help me very much with mental clarity, and i could see that helping out anxiety."", 'keto ( for anxiety and mental health) question', ""keto has helped me a lot with my anxiety and i've only had one panic attack since starting. it's helped me some with my depression as well.if you're on medication for anxiety, depression, or any other mental health issue, do not stop taking it. these meds can't be quit cold turkey, you need to speak with your doctor before quitting them. if keto does help you then that's great, just be sure to safely move off your meds if that's the way you choose to go.""]"
42,1424,42_omad_meal_fasting_hour,"['omad', 'meal', 'fasting', 'hour', 'calories', 'fast', 'schedule', 'works', 'days', 'hunger']","[""20% deficit on days in doing omad if i'm also doing if?"", 'question: those of you on keto+omad, what time of day do you eat your one meal?', 'not everyone needs to do omad. how am i not starving is hard to answer. i’m just not that hungry during the day/busy enough to not care if i do get hungry. omad doesn’t need to be some ultimate goal. in fact, on days i don’t work i purposely don’t do omad. what are you eating? also if you’re doing omad then that one meal would be bigger than what you’re currently eating.']"
43,1396,43_he_relationship_deserve_boyfriend,"['he', 'relationship', 'deserve', 'boyfriend', 'partner', 'leave', 'dump', 'bf', 'ex', 'abusive']","[""if you feel you are ready to tell him and want to tell him, i say go for it. don't tell him just because he told you personal stuff and u feel obligated to share stuff about you. that's not how a relationship should work. u should tell him of your own free will and because u feel safe and comfortable. it's probably important too if you see yourself with him in the long term. better to know how he reacts to it now rather than later. good luck :)"", 'i don’t think it’s fair to yourself to say you were asking to get hurt. he’s the one who brought it up in the first place. it’s on him. sounds like he tried to word it in a way that he thought you couldn’t get too mad at him. very manipulative. i really think you should break up with him. you deserve someone who will love you for who you are. this would not be a happy relationship.', 'same, he has depression and i see how much i affect him on top of his own issues. he has to stay at home some days, this week he is off due to me, because he really wanted me to open to him, and i did, it was too much for him. i feel like shit. (he still refuses to admit he needs therapy)']"
44,1352,44_bmi_healthy_underweight_obese,"['bmi', 'healthy', 'underweight', 'obese', 'body', '140', 'normal', 'percentage', 'fat', 'would']","['i was focusing more on how a healthy bmi is usually a bmi around 20-25, and i have seen the 18,5-20 being ""excluded"" from the healthy range in some circumstances. also, the ""ideal weight calculators"" usually end up putting your weight in the 20-25 range.i also know that a bmi of even 19 would not be very healthy for me, personally.however, what i said is mostly made up of my opinion, in that particular case i did not read anything that specifically said that 18.5-20 bmi was underweight.edit: you should also note that i am talking about adult bmi, which isn\'t the same as a bmi for children/teenagers that are developing', 'what are you looking at that says that? your bmi is 21. any bmi from 18.5-25 is still considered normal/healthy range. at 5’4, up to 145lbs would still put you at 25 and “normal” bmi. also, bmi is absolutely not everything and not a great metric to fixate on. someone can be a low bmi but still not very healthy or in shape. you should not be fixated on having the lowest bmi possible… especially at age 13', 'do i go off the bmi of a 5’4”f or 5’3”f?']"
45,1314,45_purging_purge_gag_reflex,"['purging', 'purge', 'gag', 'reflex', 'teeth', 'throat', 'vomit', 'stomach', 'vomiting', 'puke']","['how to feel better about eating something without purging?', 'do you think this will help me stop purging?', 'i feel like purging but i also do not want to.']"
46,1310,46_thighs_hips_arms_butt,"['thighs', 'hips', 'arms', 'butt', 'waist', 'shape', 'boobs', 'stomach', 'skinny', 'body']","['i’m the same way. i’m ok with my upper body most of the time, it’s pretty bony, but then i have huge hips and thick thighs. i’m underweight, shouldn’t i have thin legs???', ""my hips are also wide, but im convinced almost all of my fat goes to my thighs. no matter how much i lose or gain, thighs for days. you definitely aren't the only one."", ""me too ! it sucks right :( it feels like it doesn't matter how much weight i lose bc i will always be big on the lower half of my body. i just want a thigh gap :( i dont even have an ass let alone boobs. and i have wide hips so that makes it worse. hips and thighs with no ass.""]"
47,1279,47_peanut_pb_almonds_bananas,"['peanut', 'pb', 'almonds', 'bananas', 'cashews', 'macadamia', 'walnuts', 'snack', 'pecans', 'pistachios']","['where would one find powdered peanut butter? is it typically kept in the same area as regular peanut butter? thank you have you tried it in oatmeal? i love pb in my oats', 'can i eat a whole jar of peanut butter?', 'get peanut butter powder. 87% less fat than regular peanut butters, even the natural ones that are just peanuts and salt. it’s really good in smoothies and protein shakes. it’s excellent for making thai peanut sauce. and it’s adequate as simply peanut butter.']"
48,1254,48_tdee_bmr_500_calories,"['tdee', 'bmr', '500', 'calories', 'sedentary', 'deficit', 'calculate', 'exercise', 'calorie', 'weight']","['any advice for losing weight and help with my tdee', 'bmr is different from tdee! your bmr is how many calories you’d burn if you were literally in a coma, so at the very least i’d consider calculating your deficit from your sedentary tdee', 'hi there. 500 calorie deficit from your tdee, not from your bmr. basically bmr is the calorie amount your body needs to function well. tdee is all the calories you burn in a day with added exercise on your bmr. try not to go under your bmr, you wouldn’t want your metabolism to slow down.']"
49,1249,49_chicken_recipes_keto_cook,"['chicken', 'recipes', 'keto', 'cook', 'recipe', 'eggs', 'bacon', 'microwave', 'taco', 'meals']","[""here are some foods that are a big part of my diet: eggs, bacon (i don't eat pork so turkey or chicken bacon), hot dogs, avocado, cheese, cauliflower (can be used as rice substitute or you can make cauliflower mash), bbq chicken or steak, cabbage, i'm indian so i eat curries with cauliflower rice or joseph's low carb tortillas (i believe one is like 6g net carbs). you can make salad bowls too. pick up some almond flour and erythritol and you can bake low carb cupcakes or cake as well youtube and instagram are full of keto channels and pages and you'll find lots of recipes there good luck"", 'bake 6+ chicken breasts at once and then use for multiple meals: chicken club lettuce wraps, chicken pizza on keto friendly flatbread, chicken salad, buffalo chicken wraps, etc. i love chicken salad (shredded chicken mixed with mayo) on top of a bowl of lettuce. salt, pepper and a drizzle of buffalo sauce super easy lunch to take to work.', 'pot roast, pulled pork, taco meat, fajita meat and peppers, casseroles (google, there are hundreds), frittata, burgers, roasted chicken, tuna/chicken/egg salad, chili, soups, stir fry, marinara sauce with zucchini noodles, deli meat lasagna, crack chicken, salsa chicken, meatballs, meat loaf, tuna or salmon patties, cauliflower fried rice, boiled eggs/r/ketorecipes/r/ketomealseatingnow google “keto meal prep”']"
50,1204,50_hunger_keto_eat_ketosis,"['hunger', 'keto', 'eat', 'ketosis', 'full', 'protein', 'carbs', 'normal', 'weeks', 'fasting']","[""two options, seeing as less hunger is a part of keto. you can accept the lack of appetite and focus on simple snacks while tracking calories. or you can force yourself to eat more.personally, i'd say listen to your body. let it consume body fat if you're not feeling hungry. your appetite will come back."", 'keto is about just eating enough fat to keep you from feeling hungry and get enough omegas and of course don’t eat carbs. you have fat on your body that your body can burn for energy. so if your hungry, drink some water and electrolytes (sometimes we mistake thirst for hunger) and if you’re still hungry have something with a bunch of fat. you can try to and only eat healthy fats if you’re worried about it but it’s really not an issue. over time your body will get used to this new diet and you’ll feel hunger less and less.', ""that sounds serious... i can eat without appetite but it's no fun. i lost my appetite when i ate extremely little carbs (i did a very short fat fast, it was surreal) and i had that on keto omad lately. so it's normal i think but to the point that you can't eat and are always hungry, well that's definitely not good.it's easily possible you get back your appetite, mine always come back after a while even if i change nothing. my hunger typically goes away for longer but i'm used to eating without hunger.""]"
51,1188,51_cheat_keto_ketosis_back,"['cheat', 'keto', 'ketosis', 'back', 'carb', 'meals', 'weeks', 'cravings', 'adapted', 'diet']","['can people on keto have a cheat day once a week and eat carbs?', 'do you have cheat days on keto where you eat carbs?', 'can i have one cheat day on keto.']"
52,1185,52_teeth_dental_toothpaste_cavities,"['teeth', 'dental', 'toothpaste', 'cavities', 'brushing', 'fluoride', 'mouthwash', 'gums', 'gum', 'flossing']","[""biggest thing for me was realising i will lose my teeth. it feels like it doesn't matter at that moment, but think about it. it's your teeth. they will literally fall off if you continue. it's difficult to hear, but you can't really fix your teeth. you can get fake teeth, but that's not really the same. people will always see your teeth, you can't really hide them if you want to talk and smile."", 'the tips from the pamphlet she gave me• rinse the mouth out thoroughly with water, milk, or fluoride mouth rinse•rub tooth paste over your teeth with your finger, this will help to toughen your teeth•avoid brushing your teeth until the enamel has had a chance to recover (my dentist said ideally two hours but minimum 30mins) and use a soft bristled tooth brush to reduce wear on the teeth that are exposed to acid attack•do not rinse your mouth out with water after brushing your teeth at night, just spit out the excess toothpaste hope this helps', 'the tips from the pamphlet she gave me• rinse the mouth out thoroughly with water, milk, or fluoride mouth rinse•rub tooth paste over your teeth with your finger, this will help to toughen your teeth•avoid brushing your teeth until the enamel has had a chance to recover (my dentist said ideally two hours but minimum 30mins) and use a soft bristled tooth brush to reduce wear on the teeth that are exposed to acid attack•do not rinse your mouth out with water after brushing your teeth at night, just spit out the excess toothpaste hope this helps']"
53,1184,53_mom_talk_friend_herself,"['mom', 'talk', 'friend', 'herself', 'boundaries', 'own', 'support', 'family', 'relationship', 'sister']","['sorry to hear that. i don’t think you should be with her out of pity for her because she has been depressed. if you feel that being around her will be bad for you, then please don’t hang with her. on the other hand, if you really like her and feel like you can handle being around someone who has had this influence on you, then go for it.but i agree with the other comment, meet her and see how it feels.', ""she seems to have good intentions, but that is not her job. she is definitely not going about that in a good way, i would talk to her and tell her that she's making things worse for you"", ""sorry i thought you were upset because she didn't put an tw! it must be sad, yeah.. :( did you try to message her to ask her how she's doing? maybe she would open up to you and although i know you can't help her, maybe she needs a genuine friend""]"
54,1167,54_cravings_craving_addiction_crave,"['cravings', 'craving', 'addiction', 'crave', 'sugary', 'sweeteners', 'addicted', 'foods', 'eat', 'weeks']","['how to stop eating sweets when you have a sweet tooth?', 'it doesn’t help cause even if it’s not sugar, your body thinks it’s sugar, so you’ll still crave for sugary thing. the only thing you can do is stop sugar or sweet things for at least a month, because sugar is way more addictive than cocaine, so you have to re use yourself not to eat too much sugar. same for salt, i stopped salt for a long time and now if something is too salty i can’t eat it.', 'it takes like 30 days to lose your sugar cravings. but if you eat sweet foods (low carb or not) then the sugar cravings will never go away i even had to give up diet coke to stop craving sweet things now i don’t look twice at fruit honestly.']"
55,1167,55_cico_calories_weight_insulin,"['cico', 'calories', 'weight', 'insulin', 'calorie', 'burn', 'exercise', 'metabolism', 'metabolic', 'eating']","['i know weight is supposed to just be cico', 'what should i eat for my calories so i can cico', 'it seems like cico only works half the time for me.']"
56,1083,56_thyroid_hypothyroidism_tsh_levothyroxine,"['thyroid', 'hypothyroidism', 'tsh', 'levothyroxine', 'hashimoto', 'synthroid', 'hypothyroid', 'endocrinologist', 'hyperthyroidism', 'dosage']","[""went to three different doctors to be put on thyroid medication. yes, i went to doctors to convince them i needed medication to speed up my thyroid. when one told me there was nothing wrong with my thyroid, i'd just go to another.part of me knew nothing was wrong with my thyroid. the other part of me just couldn't figure out why i wasn't losing weight fast enough."", 'i don\'t think you can ""naturally"" fix an under-performing thyroid i.e if you have hypothyroidism you only option is to take thyroxine, your body will suffer otherwise. and that is literally the goal of the thyroid meds - maintaining your thyroid levels i.e making up for what your body can\'t produce itself. i\'m not sure what else you expect. it\'s not like there\'s a drug to cure thyroid issues.', ""i would suggest going to see a/your doctor, who know you could have something else going on. you can ask for a blood test and have them get your levels. you could have a low thyroid, i have one and when i'm not taking my thyroid meds i can feel pretty low.""]"
57,1060,57_erythritol_stevia_allulose_monkfruit,"['erythritol', 'stevia', 'allulose', 'monkfruit', 'sucralose', 'sweetener', 'splenda', 'sugar', 'sweeteners', 'xylitol']","[""i hate stevia. lakanto monk fruit/erythritol sweetener is the only one i like and i haven't noticed an aftertaste. i only use it for baking, though, since i'm over the sweetness craving stage. i've tried krisda monk fruit/erythritol sweetener but much prefer lakanto. the ratio of monk fruit to erythritol is probably different in each."", 'looks like you need to experiment with sweeteners.some people prefer liquid stevia/monk fruit when the sugar alcohols give them stomach issues, i’m personally fine with a small amount of erythritol but ‘swerve’ brand with imo fibre makes me clutch my stomach and brace for death.. lakanto monk fruit/erythritol blend works like a charm though. so, which brand of erythritol were you using? any other ingredients? try using half, with some stevia stops to even out the sweetness? if it’s still causing issues, maybe try xylitol? allulose? a different brand?lots of other baking substitutes!', ""i have to watch the erythritol, sugar alcohols give me a small blood sugar boost. i actually do better with the monk fruit erythritol mix than with erythritol alone. the only one that doesn't seem to have any impact for me is stevia.""]"
58,1057,58_sleep_melatonin_hours_sleeping,"['sleep', 'melatonin', 'hours', 'sleeping', 'insomnia', 'waking', 'magnesium', 'bedtime', 'schedule', 'caffeine']","[""i knock out the moment too but what i feel amazing is the sleep quality. so you're saying you go to bed at the same time and wait to fall asleep? if you get up at the same time, why don't you go to bed when you feel the need for it since you have to sleep less hours? or do you feel sleepy?"", 'i sleep 8 hours every night, usually i only get about 30 min of deep sleep. i end up waking up around 5, but try to sleep until 7am. typically i start getting tired around 4 or 5pm. but i’ve never been a night owl or morning person. as a teen/young adult i slept for 12 + hours sometimes. but i do practice healthy sleep habits. no caffeine, or alcohol. no blue light an hour before bed. i don’t exercise before bed either. my environment is ideal, very dark, cool, and quiet. i even sleep in my own bed.', 'i can’t sleep. i’m a month in i’m losing weight but i’m waking up at 3:30 every morning and can’t go back to sleep. anyone experience this? do i need melatonin?']"
59,1032,59_breasts_bra_bras_size,"['breasts', 'bra', 'bras', 'size', 'boob', 'breast', 'saggy', 'dd', 'reduction', 'surgery']","['i want to lose weight but i don’t want to lose my boobs', 'is there anything i can do to not lose my boobs?', 'how to i lose weight but keep my boobs?']"
60,989,60_fasting_intermittent_keto_ketosis,"['fasting', 'intermittent', 'keto', 'ketosis', 'fasts', 'hours', 'if', 'fasted', 'meals', 'diet']","['keto + intermittent fasting. should i break the fast with my sugar of the day?', 'is the keto diet right for you? intermittent fasting keto.', 'how to do intermittent fasting for weight loss on keto']"
61,983,61_winter_heater_weather_warmer,"['winter', 'heater', 'weather', 'warmer', 'jacket', 'temperature', 'sweaters', 'heating', 'insulation', 'shivering']","['i am freezing cold. all the time now.', 'are skinny people just cold all the time?', 'right there with you. so, so cold. cold enough that i wake up at 2am, freezing cold, in sweat pants and shirt, under an electric blanket. i can handle being weak and dizzy, but cold... ugh. i have taken so many hot baths that i should buy stock in the company that produces those bath bombs. the only thing that helps is exercise, but i have to venture out in the freezing cold weather to do that.']"
62,980,62_pcos_insulin_symptoms_metformin,"['pcos', 'insulin', 'symptoms', 'metformin', 'pregnant', 'diagnosed', 'keto', 'hormones', 'inositol', 'cysts']","[""i have (had?) pcos and any sort of weight loss will help, and since pcos comes with insulin resistance any kind of low carb will help even if you're not losing weight!"", ""pcos insulin: i have pcos, after i got female hormones again, i've lost a lot of weight. pcos could be what's stopping you"", 'i have pcos and i’m not sure if i’m in the right sub, is keto good for pcos?']"
63,948,63_bread_aldi_loaf_breads,"['bread', 'aldi', 'loaf', 'breads', 'sandwich', 'keto', 'sandwiches', 'slices', 'bagels', 'recipe']","['i have finally made a keto bread that tastes exactly like real bread! (recipe)', 'keto bread recipe as near bread as possible…', 'anyone tried this bread? i really miss eating bread and this looks good.']"
64,936,64_pizza_toppings_dough_pizzas,"['pizza', 'toppings', 'dough', 'pizzas', 'recipe', 'crustless', 'pan', 'gluten', 'tortilla', 'slices']","[""i've made fat head keto crust of pizza before it was a simple crust compared to cauliflower pizza, but i will try to use recipes with fewer ingredients maybe that'll also help me."", 'i’ve tried it twice so far. after trying a variety of keto crusts, i would recommend canadians try making a fathead pizza before trying the pizza pizza crust. the pizza pizza crust isn’t comparable to a fathead pizza. but if you’re not in the mood for cooking, give it a try!', 'i made pizza using that unbun crust last month and it’s pretty good. i thought it tasted closer to pizza than the other crusts i’ve tried like the fathead crust. i’ll give this pizza pizza pizza a try sometime.']"
65,841,65_post_comment_sub_rude,"['post', 'comment', 'sub', 'rude', 'someone', 'internet', 'downvotes', 'apologize', 'account', 'read']","[""i asked a specific question and specified that i've already referred to other sources. instead of answering the question, you made an irrelevant comment about your personal choice about something i did not ask when the clear option was not to comment if you couldn't help or provide any useful information.you have an entire community of people asking questions relevant ro what you commented: this wasn't one of those questions. if you don't want to be helpful, you are free to go anywhere else where you can be helpful and continue on with an amazing day. i'm sure other people who are interested in what you said would love the company.as i said before, have a blessed day."", 'it’s the price you pay being on the internet. every post, every comment, every picture; you should expect that there is someone who will be overly critical or mean. as unfortunate as it is, that’s life. i didn’t see the post/comment so i can’t speak for what they said but you’re always welcome back to the sub. one person shouldn’t ruin that for you. best of luck.', 'wow this sub is toxic as fuck. been nothing but polite and asking for advice and getting downvoted all over the place. y’all are something elsei helped you. i didn’t downvote you. i even asked for more information to help you out with your problem. don’t come at me complaining about downvotes. you were likely downvoted for asking a question that’s been asked many times. you have 3 downvotes and plenty of comments helping you. you might chill as it likely wasn’t the people who took time out of their day to comment here and help you. that’s not toxic but direct your nonsensical anger about internet points to someone who didn’t spend time to help you. coming at anyone here who helped you is toxic as fuck.']"
66,821,66_birthday_cake_birthdays_enjoy,"['birthday', 'cake', 'birthdays', 'enjoy', 'bday', 'celebrate', 'yourself', 'party', 'celebrating', '21st']","['today is my birthday, all calories are on me!', 'it’s my birthday today calories are on me!', ""it's my birthday and i think i might eat""]"
67,803,67_reflux_heartburn_gerd_stomach,"['reflux', 'heartburn', 'gerd', 'stomach', 'prilosec', 'esophagus', 'acidic', 'symptoms', 'antacids', 'omeprazole']","[""had suffered from strong heartburn and acid reflux for years, was on a daily prescription for prylosec for a couple of years, then i began keto last january.heartburn and acid reflux went away in the first couple of weeks, i stopped taking prylosec, and haven't had an issue with either heartburn or acid reflux since."", 'have you had any issues with heartburn / acid reflux? just asking because i have some issues with reflux and get intermittent pain in the same area - mostly during/after large meals or tons with a lot of spices like sausage, garlic-heavy foods, etc. you can have stomach acid related issues without traditional heartburn symptoms', 'i had bad acid reflux gerd pre keto. i eliminated it with keto within a week or two. during covid i started eating heavy carbs again and started getting acid reflux again. i went back on keto and within days my acid reflux vanished. i sleep much better on keto. i hope this helps.']"
68,800,68_sleep_insomnia_melatonin_keto,"['sleep', 'insomnia', 'melatonin', 'keto', 'waking', 'slept', 'bedtime', 'alarm', 'early', 'nights']","['do you sleep for less hours in ketosis?', 'do you actually need as much sleep as you’re trying to get? when i’m on keto i need 1-2 hours less sleep a night - i can fall asleep a couple hours later than before and still wake up fine.', ""for the first few weeks when i originally started keto, my sleep was garbage. i found it hard to get to sleep, and when i did i'd only sleep for a couple of hours and be awake again. now, i sleep much much better. i'm getting a good 7-8 hours sleep a night.""]"
69,797,69_gallbladder_bile_gall_gallstones,"['gallbladder', 'bile', 'gall', 'gallstones', 'issues', 'surgery', 'keto', 'liver', 'gallbladders', 'digestive']","[""i have done keto with no gallbladder and did not have problems. however now i'm more low-carb for a couple of reasons not related to gallbladder. it's really individual - i have a friend who had severe digestive issues after her gallbladder was removed."", 'no gallbladder for almost 4 years, keto/low carb for almost 2 and no issues from fat intake. i feel way better without my gallbladder with keto than i did when i had a non-functioning gallbladder.', 'no gallbladder but want to keep going on keto']"
70,778,70_bp_meds_hypertension_readings,"['bp', 'meds', 'hypertension', 'readings', 'lower', 'keto', '90', 'normal', 'lisinopril', 'sodium']","[""but it also increases your blood pressure.nope. not true at all. i've been keto for 4 years. bp is consistently right around 110/68. before i ate keto, my bp was 140/90 pretty consistently. i donate blood regularly, so i get regular bp measurements. when i started keto, my bp dropped almost immediately."", 'if you are on meds for blood pressure, you should check your bp daily, it might be too low with your new weight loss. losing 10% of your bodyweight will noticeably drop bp.', 'you have to work with doc to monitor bp meds on keto. if you stay on them while keto you can get low blood pressure and fall. some people come off bp meds in as little as 3 days. ask your doc to lower or take you off. eat more salt.']"
71,773,71_foods_safe_afraid_bread,"['foods', 'safe', 'afraid', 'bread', 'eat', 'chips', 'cheese', 'cakes', 'pasta', 'chocolate']","['at least for me fear foods are foods i fear would give me acne. so i can eat more calories of my safe food but a bite of one of my fear food makes me feel so guilty.', 'is it weird that i don\'t really have any ""fear foods"" or ""safe foods""?', 'what are your fear foods? what are your safe foods?']"
72,703,72_bloating_bloat_bloated_stomach,"['bloating', 'bloat', 'bloated', 'stomach', 'probiotics', 'digestive', 'probiotic', 'foods', 'digestion', 'gluten']","[""bloating is normal, and doesn't last please don't feel bad"", 'why am i bloating now 2 months into recovery?', 'please help me with bloating, it’s been too long']"
73,696,73_vitamin_vitamins_multivitamin_supplements,"['vitamin', 'vitamins', 'multivitamin', 'supplements', 'multivitamins', 'b12', 'supplement', 'deficiencies', 'nutrients', 'zinc']","['you need to add in there taking some good supplements like a good multi vitamin and especially and i mean especially vitamin d3. you can mess around like i did and become severely deficient if your not careful', 'what vitamin supplements should i take while restricting', 'yes it’s “better” for you, but not by much. multivitamins are better than nothing as well, but still not as good as actual food lol. a lot of vitamins can compete for absorption though, so it’s better to take a multiple different supplements than one multivitamin. important vitamins to keep from dying include magnesium, sodium, and potassium (all electrolytes that your heart needs). also iron, b6 and b12, calcium, glucose (you can get glucose tabs), and vitamin d.if the supplement says “take with food”, it’s probably fat soluble and won’t absorb hardly at all if you take it without food.']"
74,691,74_exercise_burn_weight_lose,"['exercise', 'burn', 'weight', 'lose', 'deficit', 'calories', 'diet', 'exercising', 'gym', 'fitness']","['exercise helps very little with weight loss. it is important for your overall health so do what you can. however, weight loss is a result of calorie deficit. eat fewer calories than you burn. you burn most of your calories just living life. exercise is not required.', 'exercise is not the best way to lose weight', ""well weight loss is 80% good diet and 20% exercise. but i don't eat the best and i've lost 20 pounds in 2.5 months. i didn't exercise the whole time but if you exercise a lot you will lose the weight. burn more calories you put in your body. (i am far from an expert)""]"
75,678,75_odor_smells_ketones_candida,"['odor', 'smells', 'ketones', 'candida', 'urine', 'stink', 'smelling', 'tongue', 'stinky', 'deodorant']","['how long have you been eating this way? it is normal to smell like that for a couple of weeks in the beginning. this is from the faq:""acetone breathacetone breath, otherwise affectionately known as “metal breath” or “keto breath”, is the presence of ketones in your body being produced and turned into acetone. it will taste metallic and have faint wafting essence of ammonia. you may also notice a change in the smell of your sweat. ""', 'that is the smell of acetone that comes from the ketones.it\'s the same acetone that causes ""keto breath"".after a few weeks, your body learns to burn up all the ketones, so then there are no ketones floating around your system to cause an acetone smell on your hands or keto breath.', ""welcome! it's in the wiki, but:\\ acetone breath, otherwise affectionately known as “metal breath” or “keto breath”, is the presence of ketones in your body being produced and turned into acetone. it will taste metallic and have faint wafting essence of ammonia. you may also notice a change in the smell of your sweat.your breath might smell a bit different. it's not unhealthy/bad for you but for others might be surprised by it. anyway it's generally a small price to pay for all the benefits you get""]"
76,677,76_diarrhea_constipation_poop_fiber,"['diarrhea', 'constipation', 'poop', 'fiber', 'constipated', 'keto', 'stool', 'psyllium', 'electrolytes', 'bowels']","[""it's pretty typical to not poop as often on keto. that doesn't mean constipation, there's just less stuff there. if you do start to get constipated, then add extra salt and magnesium to get a better water balance in your bowels. just make sure the magnesium is a bioavailable form like magnesium citrate or magnesium glycinate (better). magnesium oxide is not bioavailable and you'll get major diarrhea from it."", ""totally normal, keto is a low waste diet. poop is stuff you don't use. when 90 percent of what you eat gets used or more, why would you not poop less?i go 2 to 3 times a week, total normal poop. a nice change from random diarrhea alternating with constipation."", 'how long have you been doing this for?for me, before keto, too much meat gave me diarrhea. after keto, too much carbs gives me diarrhea.what do you typically eat every day? are you getting enough fiber?']"
77,670,77_oils_lard_fats_coconut,"['oils', 'lard', 'fats', 'coconut', 'butter', 'cooking', 'fish', 'linoleic', 'soybean', 'inflammatory']","['olive oil, avocado oil, coconut oil, butter, flaxseed oil. fats from meat, fish, eggs, avocados, olives, macadamia nuts, and almonds. avoid trans fat, peanut oil, corn oil, and seed oils (canola, soybean, sunflower). grass-fed meats and fish are also beneficial because they improve your omega-3/omega-6 ratio.', 'dairy and seed oils flare up my eczema and back pain. they also stall my weight loss. so any seed oils like canola, vegetable oil, soybean oil etc. the only oils i eat now are olive and coconut oil. seed oils will mess up your metabolism and hormones and cause inflammation.', ""seed oils have too much omega 6, and the way seed oils are made oxidizes the fats, which makes them extremely bad for you. eat animal fat, olive oil, butter, or coconut oil, don't eat any oils that come from seeds. (olive oil and coconut oil are oils pressed from the fruit, the oil does not go through heating and chemical processes to be extracted.)""]"
78,649,78_adhd_adderall_vyvanse_ritalin,"['adhd', 'adderall', 'vyvanse', 'ritalin', 'stimulants', 'medication', 'adderal', 'diagnosis', 'amphetamine', 'prescribe']","['you guys, vyvanse is so much better than adderall', 'is anyone else here on adderall or vyvanse', 'dae actually have adhd but abuse adderall for ed']"
79,641,79_carbs_grams_50g_limit,"['carbs', 'grams', '50g', 'limit', '30g', 'total', 'daily', 'less', 'intake', '25g']","['going over 20g net carbs just for today?', 'staying under 20g net carbs is important. how many net carbs are you eating? a free app like cronometer can help you track the net carbs -- and your electrolytes, which are important when you eat under 20 net carbs per day.', 'i went over 20g net carbs - how much is too much?']"
80,640,80_difference_clothes_changes_noticed,"['difference', 'clothes', 'changes', 'noticed', 'measurements', 'progress', 'fit', 'pics', 'compare', 'weight']","['“i don’t notice a difference. my clothes are fitting better. but that’s it.”i think you do notice a difference. it’s just the difference you noticed wasn’t noticeable enough.i’m curious.how are you actually measuring progress beyond weight loss?clothes? inches? pant sizes?', 'take pictures and measurements. it’s hard to notice a difference just looking at yourself. you see yourself every day. so it’s hard to see the difference. photos and measurements will give you a better reference.', 'don’t worry about it to much, you probably already look a lot different than you were at your starting weight. your brain just needs some time to catch up with the new you. i also lost about 35 pounds at this point, so i can notice that my clothes are getting to big and people comment on my weight loss. but for the life of me, when i look into the mirror without clothes on, i can’t see it. maybe try to take some pictures/measurements before you start your strenh training... then you can compare it in a few months. or focus on non scale goals. your doing great, just keep going :)']"
81,640,81_cico_keto_insulin_calories,"['cico', 'keto', 'insulin', 'calories', 'diet', 'fat', 'carb', 'ketosis', 'diets', 'less']","['i did straight cico for 1/2 my weight loss and keto cico for the other half, have been maintaining now on keto for over 9 months. keto is cico, the advantage comes when you cut carbs and drop excess water weight you never lose with cico on a carb heavy diet.keto also kills cravings and stabilizes blood sugar so very little or no hunger, and no cravings.', 'i’ve read so many people say that keto only works because you’re eating less - and that is true for me - i am eating less. however. there is one huge difference for me between cico and keto, and that’s the way my body feels on keto. i feel great on keto. cico didn’t do that for me.', 'should i stay with cico or try keto ?']"
82,624,82_pregnancy_breastfeeding_supply_ketobabies,"['pregnancy', 'breastfeeding', 'supply', 'ketobabies', 'keto', 'postpartum', 'carbs', 'wife', 'women', 'congratulations']","['my experience with keto and breastfeeding was also not great i started keto and very quickly my milk supply depleted. i was drinking a lot of water and following all of the “keto breastfeeding rules” but things didn’t go well. i tried to get my supply back but it is still very low and this happened at the end of february i would honestly wait until baby is done breastfeeding. my baby is only 6 months old and my supply is almost non existent. but to each their own, some ladies have great success', 'i have very good experience with it. i stayed keto during all my pregnancy’s 4. but during breastfeeding it was for me totally impossible. every time i tried my milk supply just stopped', 'yes ) my baby is 7 months old and i am breastfeeding while low carb. i feel great and have started loosing some of the weight gained through pregnancy and in the months after. milk supply hasn’t reduced.']"
83,607,83_quarantine_covid_pandemic_during,"['quarantine', 'covid', 'pandemic', 'during', 'lost', 'weight', 'back', 'gaining', 'been', 'stress']","['i want to lose weight while in quarantine', 'have gained weight during quarantine, how much do you think i should try to lose?', ""can't lose the quarantine weight i gained :(""]"
84,598,84_doctors_keto_she_diet,"['doctors', 'keto', 'she', 'diet', 'diabetes', 'nutritionist', 'advice', 'dietitian', 'dietician', 'nutrition']","['sounds like time to change doctors! i’ve had a couple different doctors who were both positive about me eating keto. one doctor is in her 50’s and the other in 30’s. they even noted my blood sugar was improved.', ""you tell your doctor, and then find a different doctor if their knowledge of research is still stuck in the 70's.i've found younger doctors to be much better in pretty much every way with regard to new research. they were actually trained in modern medicine, unlike many of the elderly doctors out there. get a young doctor up on their research and they will have already recommended keto to all of their diabetes patients."", 'my doctor told me not to do keto']"
85,585,85_ketones_mcts_coconut_coffee,"['ketones', 'mcts', 'coconut', 'coffee', 'benefits', 'ketone', 'ketosis', 'oils', 'keto', 'bulletproof']","[""is mct oil actually necessary? yes--if you want to crap through a screen door, then mct oil is necessary. seriously, i am doing pretty good on this keto thing and not only do i not use mct oil, i can't even spell mct oil :)"", ""yeah i'd not use the mct oil - that stuff will go right through you. all you need to do is be under 20g net carb. i've been doing keto 3 years, never had mct oil yet lol."", 'mct oil vs. mct powder? are the benefits the same?']"
86,581,86_surgery_gastric_sleeve_bypass,"['surgery', 'gastric', 'sleeve', 'bypass', 'bariatric', 'surgeries', 'complications', 'surgical', 'insurance', 'back']","['i want weight loss surgery. i have a 16 bmi but i really want weight loss surgery', 'do i have to gain weight for surgery?', 'weight loss surgery, should i go for it?']"
87,580,87_cravings_keto_binge_sugar,"['cravings', 'keto', 'binge', 'sugar', 'weeks', 'addiction', 'foods', 'eating', 'carbs', 'bread']","[""i also noticed this i thought i'd have huge sugar cravings and cravings for carb-y snacks like chips etc, but since being on keto, i haven't wanted any. i don't think about food as much anymore. it's so nice"", ""doesn't really sound like you want to start keto then. after a few weeks on keto the cravings go away, stick to under 20g of carbs a day for 3-4 weeks and you'll have a much easier time with cravings."", ""stick with it!the longer you do keto the better you will feel and the more you'll learn about dealing with cravings. cravings will likely happen less, but will probably never go away. you'll learn more recipes to help you through cravings.""]"
88,566,88_nutritionist_nutritionists_dietician_dietitian,"['nutritionist', 'nutritionists', 'dietician', 'dietitian', 'doctor', 'dietitians', 'dieticians', 'med', 'professional', 'physicians']","[""med school unfortunately has very little time spent on nutrition.i'm not sure that is inherently bad as nutrition education is still dominated by low fat diets, so if they had more nutrition they would just learn that.there are a lot more doctors open to keto diets than nutritional professionals."", ""i am curious as to the differences in training that a nutritionist goes through vs a doctor. a doctor practices medicine: you're sick, take this drug...a nutritionist, i thought, studies nutrition and the effects it has on the body: you're hunger hungry? eat this root food with these benefits.what am i missing about this? why are doctors being held to this standard? it's not their practice. while nutrition directly affects (i hope i am using those correctly) health, health does not affect nutrition.cause and effect...good nutrition and a properly-fueled body would mean that you're not going to have to see the doctor as often, anyway.edit: clarity and misspelling"", ""the doctors unfortunately are educated towards medicine rather than nutrition - that's probably why they didn't tell you simply because it's not part of doctors training. you can however find nutritional based doctors. they are popping up more and more now""]"
89,566,89_she_weight_deficit_eats,"['she', 'weight', 'deficit', 'eats', 'doctor', 'exercise', 'calorie', 'metabolism', 'healthy', 'gaining']","['losing weight is more about diet. get her to track her calories, and find out what she needs to eat to lose weight. if she can meet with a nutritionist that will help.', ""has she seen a doctor about the chest pains? that's not anything to mess around with since she is obese.i mean... you can't really force her to do anything. she has to finally snap in to reality and help herself out before it's too late.maybe just sit her down and have a good conversation about it. ask her why she's hesitating? what's holding her back from starting? if it's the thought of it being too hard, tell her you're going to be there for her when she needs you. she needs to know that you're gonna be there and you love her no matter what and you want her with you for as long as possible, but with the path she's currently on, that's not going to happen."", ""does she weigh and track her food so she knows she is eating at a deficit? what she is eating looks great. how much of it she eats is what will determine whether she loses weight. we don't know any of her stats so it's hard to be sure.""]"
90,561,90_sex_libido_pregnancy_abortion,"['sex', 'libido', 'pregnancy', 'abortion', 'babies', 'hormones', 'adoption', 'restricting', 'fear', 'feel']","['how long does it take to get your sex drive back when you’re at a healthy weight?', 'how do you get your sex drive back?', 'i have no sex drive at all now']"
91,556,91_scale_measure_measuring_weighing,"['scale', 'measure', 'measuring', 'weighing', 'tare', 'servings', 'count', 'calories', 'recipe', 'cooking']","['weigh all ingredients going into the meal to get their individual calories. add them up for the complete meal calorie count. weigh the portions out and divide into the total calories to get portion counts.', ""i forgot to check back so im just seeing this. yes i don't weigh my food so maybe you're right. i measure it by cup usually. so if i am eating rice, i measure it by dry cup. but maybe weighing is more accurate. i will try to do that :)"", 'most of what i eat is seasoned meat with veggies, so i weigh my meat and measure my veggies with measuring cups. when i follow recipes, i find it easier to put all of the ingredients into a recipe tracker to calculate nutrition myself and then divide it by the number of servings i get from it rather than using the nutrition info on a post that i got it from.']"
92,543,92_dr_chiropractor_medical_products,"['dr', 'chiropractor', 'medical', 'products', 'claims', 'thomas', 'youtube', 'scientologist', 'info', 'scientology']","['he has been getting better compared to his older videos, but i definitely trust other people more (fung, delauer, teicholz, etc...) the thing is, berg has books and products he promotes, so there is an underlying agenda. that said, whenever he comes up in autoplay on youtube, he sounds like a keto bob ross and i mostly forget to switch to other videos.i also like dr. berry. he studies whatever his topic at hand is, and he makes things very easy to understand. also he seems like a solid dude.edit: a word', ""oh ok, i'm on keto and on this thread for more than 6 months now, and i've heard some opinions about him. basically people think that he doesn't provide much scientific information in his videos, unlike delauer for example.and using his dr-title, although he is a chiropractor, makes him look like he's just jumping on the keto-train for the one and only purpose: to grow his channel."", ""i like him and trust him far more than the chiropractor dr berg. i've pointed people to his videos for intro to keto a few times. ya he does seem to be more carnivore, but i've learned doing this that it really doesn't matter at all if you are clean keto, dirty keto or carnivore, only thing that matters is staying in ketosis. it isn't about inflammation, and supplements, like dr berg and others are always talking about""]"
93,530,93_calorie_calories_exercise_walk,"['calorie', 'calories', 'exercise', 'walk', 'cut', 'lose', 'weight', 'diet', 'myfitnesspal', 'soda']","['cut out all sugary drinks. drink water and zero calorie drinks.calorie counting allows you to eat mostly what you want if it fits within your calorie limit for the day. download an app like my fitness pal. enter your personal information and it will give you a calorie limit for each day. try to keep you calories within that range. make sure you eat protein with each meal, protein will help keep you fuller longer.exercise is good but you can not out exercise a bad diet. weight loss is 80% nutrition and 20% exercise.lasting weight loss takes time so do not do anything extreme to lose weight. if you do you are more likely to return to your bad habits and gain it back.', ""regarding diet, you'll still need to count your calories even if you're eating healthy for weightloss. healthy foods don't necessarily mean less calories. your body might be getting healthier, but to achieve weight loss, you'll need to be on a calorie deficit. depending on your bmi, you can estimate your needed calorie intake and try cutting your calorie intake to 300 below your maintenance caloric intake and see how that works out after a week. don't weigh yourself everyday, because the majority of weight you lose first will just be water weight. if you're sorta lazy like me and don't really like jogging, you should also try to get at least 10k steps in a day. walking helped me a ton with weight loss"", ""what has helped me the most is counting calories. i use myfitnesspal to do this. also do a bit of research to find out how many calories you need to maintain your current weight, 500 less and you will lose 1 pound, 1000 less and you will lose 2. as someone with your weight i imagine you'll still be able to put away quite a few calories and lose weight.cut out sugary drinks (if you haven't already) and you'll be saving yourself a ton of calories. i didn't even have to change my diet much because cutting out sweet tea, fruit juice, soda and alcohol cut out a ton of calories that weren't filling at all.""]"
94,530,94_songs_playlist_lyrics_album,"['songs', 'playlist', 'lyrics', 'album', 'listening', 'fiona', 'sara', 'melanie', 'queen', 'maria']","[""i literally know one and it only mentions ed behaviors at the beginning, (still a beautiful song), but, what are y'all's favorite ed songs?"", 'scars to your beautiful was always on when i would drive to the gym when i was at/near my lw. so now i can’t really listen to it without getting upset at myself for not being in that place or being triggered.also, not necessarily an ed song solely but the song coma baby by nicole dollanganger is such an emotional and important song for me. it’s like my sicide/depression/ed song wrapped into one. one of my favorite songs and lowkey another trigger. the song please eat (also by nicole dollanganger) is definitely an ed song though lol.', 'if y’all like listening to songs about body issues you gotta go listen to this song']"
95,517,95_restricting_restrict_restriction_control,"['restricting', 'restrict', 'restriction', 'control', 'like', 'life', 'restricted', 'stop', 'grades', 'back']","['restricting is the only thing that makes me feel better', 'going back to restricting i can’t do this', 'i do so much better when i’m restricting']"
96,514,96_counting_calories_tracking_portions,"['counting', 'calories', 'tracking', 'portions', 'weighing', 'eat', 'foods', 'measure', 'log', 'without']","[""you don't need to count calories to lose weight. you'll just be in the dark. counting helps being aware of what you're doing, what you can eat, what you should slow down on,..."", ""i always count calories that the meal might have. of course i'm not 100% right when doing it, but it's better than not counting at all. i always count more calories than the meal probably has 🤷"", 'yup. it\'s how i lost 90 lbs. i do look at calories when i buy food or go out to eat, but i don\'t track them throughout the day or week. i just like to be mindful of what i\'m consuming. i think counting calories is great, but if you are still losing weight in a healthy way, why spend unnecessary time counting and tracking? for me it was ""just eat smaller portions, and if i don\'t lose weight i\'ll get serious about counting calories."" it just never got to the point of needing to.']"
97,506,97_gym_people_gyms_workout,"['gym', 'people', 'gyms', 'workout', 'equipment', 'go', 'headphones', 'conscious', 'attention', 'fitness']","['hey. i know how it feels. remember that a lot of people at the gym used to be overweight or obese, and almost everyone is there because of weight (gaining or losing).everyone goes to the gym to get better. you deserve the space as much as anyone going to the gym in the first place is so brave :)good luck', 'i say keep going to the gym. i try not to let the other people at the gym affect me. most of the time they aren’t even paying attention to anyone else. i like having the variety of workout options at the gym versus what i can do at home,', 'people are talking about me in my gym']"
98,483,98_christmas_holidays_thanksgiving_family,"['christmas', 'holidays', 'thanksgiving', 'family', 'celebrate', 'merry', 'season', 'spending', 'december', 'binge']","['went into christmas thinking „christmas calories dont count 🤪“ and never felt worse lol', 'so this is christmas - what have you done?', ""i hate christmas. i always feel so left out. i go to work in school during all of my normal family holidays. and then i get a break for christmas and everyone's doing family things and christmas is everywhere and being pushed in my face and i'm just sitting here like my family doesn't do christmas and we're never going to do christmas. the whole experience makes me feel left out and lonely""]"
99,468,99_fitbit_burn_calories_apple,"['fitbit', 'burn', 'calories', 'apple', 'trackers', 'watches', 'inaccurate', 'sedentary', 'steps', 'calculators']","['do you increase the calories you eat daily based on how much your watch says you burn?the trackers are known to be inaccurate when it comes to calories burned, so if you are factoring those in (eating back what your watch says you burned), that might be the issue.', 'a fitbit seems to overestimate the calories burned about 20% by my estimate, but, honestly, i have no idea. i do know that if use that number as my calorie deficit base for the day, i would not lose. i consider the number entertainment. i use an online tdee calculator. estimate my calorie burn at a sedentary activity level. i never, ever eat back the calories my fitbit says i burned. it is false. my fitbit is terrific for the food log, and so many other things. it is just not that good at estimating calorie burn.', 'is the apple watch good for tracking calories burned']"
100,463,100_cravings_craving_helps_crave,"['cravings', 'craving', 'helps', 'crave', 'food', 'eat', 'hungry', 'get', 'snack', 'help']","['why do my bad cravings not go away?', 'cravings are so hard to manage so i completely understand! i am in a high stress job so i always turn to sugar to help me manage. recently i’ve been mentally talking to myself about these cravings every time i get them. i say “look here potato, you know this craving is just for your brain and not your body.” i really really try to address the craving so my brain can understand it isn’t necessary. been doing in for about 3 weeks now and i feel like it’s really getting under control. talk to yourself and rationalize those cravings so the next time they happen, your brain will automatically know it’s fake and will just let it go. trust me, my cravings are bad.', 'should you listen to your cravings and what does it mean if the craving is really strong']"
101,459,101_oats_oatmeal_porridge_cinnamon,"['oats', 'oatmeal', 'porridge', 'cinnamon', 'breakfast', 'flax', 'quaker', 'mix', 'noatmeal', 'berries']","[""idk. i think they are very tasty and versatile! you can eat plain oatmeal, dress it up, bake it, make overnight oats. you can add it to smoothies, cakes, muffins, cookies. i'd go as far as to say that oats are more versatile than flour (oats can be flour). i love oats."", ""my restriction oatmeal was a half cup oats cooked with water that i stirred an egg white into at the end to make it thick and creamy, plus salt and cinnamon.my current oatmeal is still a half cup of oats with water (my family has always made oatmeal with water ) but with a nicely sized spoonful of creamy peanut butter (and on rare occasions almond butter) stirred into it. i still too it with cinnamon and salt, but sometimes i'll add chia seeds in with the dry oats and cook my oatmeal with chia in it."", 'i go through a lot of “food kicks,” and at one point i had an oatmeal one. i think i tried just about every variation except adding cauliflower/zucchini to thicken it lol. sweet oatmeal, savory oatmeal, warm oatmeal, cold overnight oats, add oats as a topping, you name it.']"
102,448,102_tattoo_tattoos_piercing_artist,"['tattoo', 'tattoos', 'piercing', 'artist', 'tattooed', 'symbol', 'sleeve', 'tattooing', 'scars', 'healing']","['why do they say to eat before getting a tattoo?', 'both of my tattoos are on places where i did not gain weight, even with a significant amount of weight gain. the top of my shoulder and one of my ankles. i did this because my tattoo artist, who i wanted to get a big piece done by, said that if i lose weight the tattoo will look f up and getting it covered up might be more expensive. if you want to get a tattoo, i would wait until you finished your weight loss goal and your skin has shrunk as much as possible.', ""did you find that your tattoos changed at all after you lost weight? i have been wanting to get my first tattoo but i'm kind of worried that it will change when i lose weight""]"
103,448,103_pills_supplement_diet_caffeine,"['pills', 'supplement', 'diet', 'caffeine', 'burn', 'hydroxycut', 'fat', 'exercise', 'appetite', 'prescription']","['would you recommend diet pills, if so which pills would you recommend?', 'what are the best weight loss pills out there?', 'is there any pills for weight loss ?']"
104,446,104_chocolate_bars_cheesecake_keto,"['chocolate', 'bars', 'cheesecake', 'keto', 'cookies', 'dessert', 'desserts', 'cake', 'recipes', 'sugar']","[""if you like cream cheese, i make keto cheesecake bites now and then. i use flavored zero carb isopure protein powder for the sweetener so i get more protein and vitamins.low carb yum has a no bake peanut butter cheesecake recipe (no bake) that i like.for me they are dessert but being a serious calorie bomb as well as fat bomb it isn't a regular thing.i used a muffin tin to make crustless baked cheesecake bites more than once. also mini muffin cups for making peanut butter cups with lilly's chocolate."", 'i love trying new baking recipes with almond flour. i made a ""king cake"" coffee cake thing that night that\'s pretty good, and i have a really good chocolate cupcake recipe.if i\'m feeling lazy, sometimes i\'ll mix some lily\'s chocolate chips up with some peanut butter or have a few pieces of a lily\'s bar. rebel ice cream is great, too. i love the mint chip and peanut butter fudge ones. i\'d like to the the enlightened keto options, but they don\'t sell them where i live. the regular enlightened ice creams have sugar in the mix ins, so i don\'t eat those.', 'quest everything. cookies and bars all over the place in my house. i love the chocolate chip, peanut butter, and snickerdoodle cookies. the birthday cake protein bars are to die for. i also always keep extra dark chocolate on hand and i’ll eat one or two squares for dessert, or whenever i have a bad craving for chocolate. i love lindt 85% cocoa. if i want something crunchy, i’ll eat pork rinds or make my own tortilla chips out of low carb tortillas. i use mission or la banderita. sola (if you can find it) makes great keto ice cream. i have also heard good things about rebel, but i have yet to try it.']"
105,443,105_fruits_carbs_keto_sugar,"['fruits', 'carbs', 'keto', 'sugar', 'ketosis', 'raspberries', 'macros', 'skittles', 'fit', 'diet']","['if you can make fruit fit your carb budget, then you can have it. most fruits are too high in carbs for you to eat more than a small amount, but most berries are pretty low carb and easily squeezed into a ketogenic diet. it’s too many carbs that will kick you out of ketosis, doesn’t matter where those carbs come from. but also, remember that ketosis does not control weight loss…a calorie deficit does. so if what you’re doing now is working for you, ketosis is secondary to your goals. keep doing what works!', 'stay under 20g net carbs a day. if you can fit fruit in to this, go ahead. keto friendly fruits are strawberries, raspberries, blackberries, small amounts of blueberries and small amounts of honeydew.i eat berries daily. carbs matter for ketosis and nothing else.', 'berries are really the only fruits ""allowed"" on keto because they are the fruits with the least amounts of sugar. some berries are higher in carbs than others, such as blueberries. it all depends on your macros really.']"
106,438,106_omad_keto_fasting_eat,"['omad', 'keto', 'fasting', 'eat', 'days', 'fast', 'ketosis', 'adapted', 'hours', 'insulin']","['hi what are your hours for omad? when do you usually eat your meal and do you do it m-f? and how long have you been doing keto + omad? i’ve been looking around for others who have been doing the same', 'can i ask about what you eat for your omad? i’ve wanted to try keto, but being on omad i asked for advice and mostly got “keto might now be for you if your omad”.', 'what diet helps to lose weight keto or omad']"
107,434,107_gout_flare_allopurinol_hydration,"['gout', 'flare', 'allopurinol', 'hydration', 'levels', 'purines', 'keto', 'fructose', 'symptoms', 'ketones']","['i have gout.. honestly without gout medicine i would probably flare up more because your kidney filters ketones out and will be fighting with uric acids to be removed from the body. being on gout medicine i haven’t had any flare ups on keto if that helps', 'it’s not counterintuitive considering uric acid metabolism and ketosis. it’s much more of an issue when you’re also eating high carbs. hence why most people even eating high fat on keto don’t experience gout, yet pretty much anyone with gout is eating high carb high fat', 'i did keto for 3 months now i feel i have gout']"
108,427,108_group_join_discord_buddies,"['group', 'join', 'discord', 'buddies', 'accountable', 'motivation', 'hi', 'lbs', 'support', 'weightloss']","[""does anyone here have an accountability buddy in their fitness journey? i would love to have one and i don't know where to find!"", 'looking for weight loss advice and accountability buddy', 'looking for a female weight loss / accountability buddy']"
109,426,109_periods_cycle_hormones_keto,"['periods', 'cycle', 'hormones', 'keto', 'menstrual', 'irregular', 'spotting', 'iud', 'pcos', 'ladies']","['this i started keto because i have not had a period in four months and it was recommended to help me lose some weight and get my hormones in check. after one month on keto i am having a period and super happy about it', 'started keto about 3 weeks ago, i’m on birth control to regulate my period (i would go several months without getting one) before keto my period was regular but now that i’ve been on the keto diet, my period hasn’t went away… is this normal?', 'when you first start keto it will mess up your period and then it will settle down to normal. early periods are pretty common as are getting a period while on bc (when you usually don’t).']"
110,426,110_dairy_lactose_cheeses_products,"['dairy', 'lactose', 'cheeses', 'products', 'lactaid', 'casein', 'yogurt', 'allergic', 'enzyme', 'inflammation']","[""i'm lactose intolerant. drinking milk or eating more than a tiny serving of ice cream will give me terrible stomach distress. i don't have any issues with cheese, sour cream, heavy cream, etc. maybe eliminate all dairy for a week then try one (lower lactose) dairy item at a time to see if you react to it. you might be fine with your favorite cheese."", ""if it makes you feel any better, dairy really isn't great for you anyway for various reasons, and it isn't great for the planet either. plant milk is much better and honestly to me, tastes better anyway. dairy can actually cause acne (which i struggle with a lot so i avoid it at all costs)plus, there's a joke about people who are lactose intolerant like to push the limits of their lactose intolerance, so if you ate dairy now, i don't think many people would question it that heavily"", 'imo many people try ""dairy free"" when their actual goal is not eating any lactose to test for lactose intolerance. you could potentially eat dairy foods that have very little to no lactose, and get a similar benefit.']"
111,415,111_cycle_ovulation_retention_week,"['cycle', 'ovulation', 'retention', 'week', 'weigh', 'menstrual', 'hormones', 'bloat', 'periods', 'fluctuate']","['not losing weight during and before period week', 'how much weight do you usually gain during your period?', 'you can gain 5 pounds of water weight on your period']"
112,410,112_broccoli_carbs_vegetables_veggies,"['broccoli', 'carbs', 'vegetables', 'veggies', 'spinach', 'zucchini', 'asparagus', 'cabbage', 'carbs3', 'total']","['honestly most days i skip the vegetables and stick to yummy fruits like avocados, peppers and olives. i do like to throw in veggies here and there though. 2 cups of spinach is only 8/10ths of a gram of net carbs, half a cup of broccoli is 3 grams of net carbs, and one cup of cauliflower is 3.1 grams of net carbs. even taking into account fiber the number you have posted is very different from what is in carb manager.', 'i don’t worry about it, frankly. you can eat a lot of veggies for under 20 net carbs. and meat and fat have no carbs, so really it’s not a big deal. a cup of broccoli is about 6 net carbs. a cup of cabbage is 2 net carbs. a cup of kale is 6 net carbs. a cup of raw spinach is 1 net carb. i mean that’s four cups of vegetables for 15 carbs. i worry more about the carbs i’m consuming from berries and dairy than green leafy vegetables. they’re not a huge part of my breakfast, normally so my goodness that’s plenty. i never ate this many vegetables when i was eating the standard american diet. lol', ""i eat veggies and a lot of them. 20 carbs go a long way. 10 cups raw broccoli or cabbage, a few cups of brussel sprouts or cauliflower. what are you eating that you feel you aren't getting enough veggies?""]"
113,406,113_healthy_growth_puberty_teenager,"['healthy', 'growth', 'puberty', 'teenager', 'advice', 'adults', 'grow', 'sport', 'teen', 'teenagers']","['dude, you are tall, young, and do not need to loose weight!,,,,you are still growing. if you restrict too much, you could develop serious health problems. just focus on developing healthy habits. eat lots of protein and veggies and stay active. you will be thin your whole life. and water, drink lots of water.', 'at your age you should be eating healthy. your body is still growing and the weight you want to lose may balance out with your height as you get older. feeling like you need to lose weight doesn’t mean that you should. please be careful and btw fasting isn’t healthy for a growing person. you need proper nutrition to fuel your growing body.', 'you are 15 and you are still growing. you may grow taller yet. you will definitely develop more muscles. your bones get heavier. even your brain is still growing. everyone’s weight loss is inconsistent, but especially someone your age is going to gain weight normally. expect it. fat loss and weight loss, while related, are not the same thing. please eat a balanced diet of all foods so you don’t damage your future self. even at the weight you are not, you are not overweight. you are exactly the weight you should be. stop dieting please eat. keep moving your body. let your normal development catch up to your dreams. you are 15']"
114,405,114_weeks_stalling_scale_patient,"['weeks', 'stalling', 'scale', 'patient', 'nonlinear', 'tracking', 'stats', 'plateau', 'progress', 'break']","[""a stall is 4-6+ weeks with no loss, so you aren't technically experiencing a stall... it's just a normal part of weight loss. keep doing what you're doing and trust in the process."", 'weight loss has been at a stall for 2 weeks', '2 weeks is not a stall. 6 weeks would be a stall. i had a 4 week mini stall where all i did was eat at maintenance calories for a couple days in a row, then hit a solid deficit and worked out hard for a week, and the weight came off again.  that mini stall is in the middle.']"
115,403,115_migraines_headaches_headache_gluten,"['migraines', 'headaches', 'headache', 'gluten', 'keto', 'chronic', 'triggers', 'neurologist', 'caffeine', 'ocular']","['keto and migraines - long rant about migraines', 'how to stick with keto if you get migraines?', ""took about 2 months. first month had just as many migraines but the intensity dropped significantly. second month had just 2 migraines. after about 6 months, stopped having regular migraines. i think i've gone as long as 200 days without a migraine.""]"
116,397,116_studies_scientific_research_science,"['studies', 'scientific', 'research', 'science', 'evidence', 'articles', 'sources', 'cited', 'claims', 'links']","[""just wanted to point out that this link is not scientific data. there was no study done. it's just a doctor with a hypothesis/opinion. the doctor did not even do test to check to see if he was right."", ""well hey, when study results come out you'll definitely see. i'll also add there's a european research team doing a study too. so we'll have 2 large group studies to reflect on with that question in mind!"", '- this article is two paragraphs long and doesn’t even link the study- the study is presumably an epidemiological study - not the strongest form of evidence - it’s people like this that fuck everything up. go and read the paper if you can find and then report on the findings on that.']"
117,394,117_clean_keto_processed_foods,"['clean', 'keto', 'processed', 'foods', 'ketosis', 'definition', 'organic', 'paleo', 'carbs', 'bacon']","['dirty does not mean less strict as i understand it. dirty in my book means your fat sources are mostly dairy/fatty meat/bacon etc. whereas clean keto is more lean meat/fish with good oils/nuts/avocados etc. so dirty keto can be still very effective for weight loss, clean keto will basically just add other health benefits. so please do not use dirty and lazy like they are the same thing', 'is there such a thing as clean keto/ dirty keto?', 'what kind of keto diet do you think i’m doing? dirty, clean, etc?']"
118,393,118_epilepsy_seizures_seizure_epileptic,"['epilepsy', 'seizures', 'seizure', 'epileptic', 'ketogenic', 'neurologist', 'epileptics', 'nutritional', 'diets', 'neurological']","['yes- we tried it for my daughter. the epilepsy version is a bit lower carb than the weight loss one (she was allowed o more than 9 carbs a day). because it is so low in carbs, and she was a preteen, the neurologist and dietitian we did it under had her do bloodwork fairly often. unfortunately, it didn’t help her seizures (luckily we found a combo of meds that did), but i was fascinated by the fact that it does work for a decent portion of people with epilepsy i’m so glad to hear it not only helped your epilepsy, but your weight and your overall health', ':) when i was first diagnosed i was prescribed an epilepsy medication so i tried keto because i know it has been used to treat epilepsy in children. i will read those studies thank you', 'i need help for losing weight with a ketogenic diet because i have epilepsy']"
119,385,119_doctors_doctor_medical_patients,"['doctors', 'doctor', 'medical', 'patients', 'healthcare', 'professionals', 'doc', 'knowledge', 'malpractice', 'physicians']","['that’s just not true about most doctors. things change over the years. most older doctors who are further removed from medical schools are just not always up to speed. that’s why a second opinion is important. i’d say that as you describe doctors is in the minority, 10 percent or less.', ""that's not why you go to a doctor. that's what friends are for. doctors are to give you the best possible medical advice. and that also implies that your doctor stays current with medical research."", ""it's depressing that doctors don't know any more than normal people. they're trained to give you pills. they're not trained to figure things out. you would think that doctors would be more similar to each other than they are different but there's doctors that have wildly differing opinions on just about everything. such as some doctors are christian and some doctors think that is the most horrifying thing ever.""]"
120,379,120_gaining_measurements_progress_body,"['gaining', 'measurements', 'progress', 'body', 'weight', 'lifting', 'muscles', 'scales', 'exercise', 'measuring']","['are you gaining muscle from your workout boost? in mass, muscle weighs more than fat. it is totally possible to lose fat and inches and not lose, or even gain, weight. but you will be smaller. if you are working out, especially doing weights or resistance training, make sure you measure yourself (or take selfies) as well as weigh yourself so you see progress. how do your pants fit? the scale does not tell the whole story.also, the more muscle you have, the more calories you burn, even at rest.', ""you're switching fat for muscle, which weighs more. as long as you like what you see in the mirror, don't focus on the scale. losing fat while gaining muscle is really hard, so you're doing well!"", 'the weight on the scale might go up at first as you build muscle then once you have muscle your muscle will start to burn extra calories so the weight on the scale will then go down. is your weight going down now that you are doing cardio?']"
121,365,121_cookies_oreos_ate_chocolate,"['cookies', 'oreos', 'ate', 'chocolate', 'dough', 'chocolates', 'binged', 'cupcakes', 'brownies', 'toast']","['was so low in energy today, so i went home and ate cookies trying not to hate myself-', 'i feel that. i made cookies tonight to test myself. with real sugar real flour and all. i ate one cookie and i threw the entire batch out and the rest of the cookie dough.', ""you don't eat cookies. cookies are not something you eat. it is a mindset change. i love cookies but i don't eat them. i just don't. for me , i can't taste cookies have never met a cookie i didn't like and i like them by the dozen. but have two packages of my favorite dutch cookies in the pantry for a year and i don't eat cookies.good luck to you...will be rough at first until you realize what? you don't eat cookies...cookies are not what you eat.""]"
122,364,122_marks_skin_scars_stretchmarks,"['marks', 'skin', 'scars', 'stretchmarks', 'visible', 'thighs', 'creams', 'stripes', 'genetics', 'growing']","['do stretch marks go away when you lose weight?', 'how do i not get stretch marks while losing weight?', 'stretch marks on my body all over again']"
123,362,123_glasses_eyesight_optometrist_prescription,"['glasses', 'eyesight', 'optometrist', 'prescription', 'lenses', 'astigmatism', 'diabetic', 'glaucoma', 'retinal', 'electrolytes']","['is it possible that my vision is getting better?', ""i have worn glasses to drive since the 70's. i went to the eye doctor because i thought my vision had gotten worse, as i was having trouble seeing while driving. the problem was my vision is now 20/20, and my glasses were unnecessary!"", ""not really. if you damage your eyes and your vision gets bad, you would know immediately. but if its always been one way, how would you know any different? as i said in another reply, its an astigmatism in my left eye only, my right eye is fine. so my 'vision' looked fine as my right eye just did most of the work and my brain compensated. but as i'm older, the brain can't keep up anymore. my vision is still fine without the glasses. i just get headaches when i stare at text on a screen for too long without them.x200b;""]"
124,359,124_donating_blood_donor_hemoglobin,"['donating', 'blood', 'donor', 'hemoglobin', 'anemic', 'platelets', 'donors', 'electrolytes', 'hydrated', 'veins']","['i donate blood as often as i can, but i always hate myself that whole day because i’ve been super prone to passing out during donating (even before my ed) so i have to eat something both before and after the donation and i just feel so guilty. ugh.', 'go and donate you blood as long as u can', 'i have been keto for two years and donate blood regularly and have never had this issue. no need to carb up/go out of ketosis and i try not to drink too much water since i usually donate platelets and have to be hooked up for a couple of hours (don\'t want to risk ending the donation because i have to go to the bathroom midway through). thank you for donating; please go back to donate again. but just do ""normal keto stuff"". no need to prep extensively for a blood donation.']"
125,353,125_liver_fructose_alcoholic_keto,"['liver', 'fructose', 'alcoholic', 'keto', 'enzymes', 'cure', 'cirrhosis', 'diet', 'carbs', 'fats']","[""well, i did have a fatty liver and found out the other week it's now just fine. so there you go, i eat keto and my fatty liver is no longer fatty!"", 'is keto bad if you have a fatty liver?', 'fatty liver is not caused by a ""large consumption of fatty foods."" sugar, carbs and alcohol cause fatty liver. i reversed my fatty liver with keto and intermittent fasting. keto is excellent for fatty liver.']"
126,352,126_doctor_nurse_blind_scale,"['doctor', 'nurse', 'blind', 'scale', 'shoes', 'backwards', 'appointments', 'weighing', 'gown', 'clinic']","[""i'm sorry this happened to you. it has happened to me before also and it sucks :(. one thing i find helpful is weighing myself before i go, just so i'm not surprised. but if you don't want to see your weight at all, you can request to be blind weighed, or just decline to be weighed at all. since it's not an ed related appointment, they might not need your weight. i'm always blind weighed at ed related appointments, but ask for my weight."", 'maybe ask them to not show you your weight, also i’m not really sure why you have to be weighed. the only time i ever got weighed at the doctor was when she was concerned about my weight.', ""why do you get weighed at the doctor's?""]"
127,341,127_toilet_vomit_puke_purge,"['toilet', 'vomit', 'puke', 'purge', 'purging', 'trash', 'drain', 'toilets', 'bags', 'bathrooms']","['clogged the toilet from purging and passed out on my bathroom floor for 2 hour', 'my room is getting done up and the family bathroom doesn’t have a toilet', 'accidentally clogging the dorm toilet during a purge, so then having to put my hand in the toilet to pull out the clogged bit so it would flush (this happened multiple times )another time i purged into a trash bag in my dorm room but the bag had a hole in the side and vomit started shooting out like a geyser when i went to pick up the bag . by the time i got it under control, there was a huge puddle, so i ended up on my hands and knees scrubbing vomit off the floor until 3am… oh and because i was so tired, i ended up typing up the bag of vomit and leaving it in my room until the next day']"
128,340,128_inflammation_arthritis_joints_keto,"['inflammation', 'arthritis', 'joints', 'keto', 'fibromyalgia', 'chronic', 'relief', 'symptoms', 'injury', 'has']","['helped with my pain while losing weight on keto', 'this happen to me i also did research for my pain inflammation of my upper back and found aout about keto. with in the first couple days pain got better and i almost have been pain free i haven’t been pain free in years i’m on week 6 and started to eat some old carbs but still stay under my 20g net carbs and have felt some inflammation come back i think dairy is a problem for me for sure... so to answer you questions yes i have experienced similar reduction in pain as you with keto', 'joint pain? if you ever go back on carbs, or have a cheat day and get joint pain… you could possibly have celiac. joint pain was my most obvious symptom. keto worked great for me! it cut out most of the gluten.']"
129,340,129_removed_rules_post_content,"['removed', 'rules', 'post', 'content', 'harmful', 'subreddit', 'banned', 'proana', 'abuse', 'ed']","[""your post was removed for breaking rule 1: no pro-ed content. don't look for or give tips. this is not a place to find how to lose weight with disordered behaviours.read our full rules "", 'your post was removed for breaking rule 1: no pro-ed content. examples of this include seeking or providing thinspo, tips that perpetuate harmful disordered behaviour, proana buddies, and judging images of bodies.we do not allow discussion of weight-related numbers that are not necessary for context, including caloric intakes. this is usually very triggering for competitiveness and just not needed.please reply to this comment when you have removed the rule breaking part and your post will be re-approved.read our full rules .', ""your post was removed for breaking rule 1: no pro-ed content.don't look for or give tips. this is not a place to find how to lose weight with disordered behaviours.read our full rules ""]"
130,336,130_coffee_fasting_bpc_cream,"['coffee', 'fasting', 'bpc', 'cream', 'breaks', 'mct', 'insulin', 'fasted', 'breakfast', 'benefits']","['it will break the fast if you get anything with a calorie. only reason people have the bulletproof coffee is to keep them full. you can switch to black coffee which has 0 calorie and wont break the fast. i only have black coffee and electrolyte drink while in if state. that lets me keep going untill time to eat.', ""bulletproof coffee or coffee with heavy cream breaks your fast. so if you take your coffee before work and eat at 9 pm you are basically not ever in fasting mode (it requires about 12 hours to reach a fasting state). if you skip your morning coffee or at least take it black that won't break your fast. then you can eat lunch at 1 pm and dinner at 9 pm for 16/8 if. the only issue now is the coffee."", ""depends on what you mean by a fast, i guess. even though there's a calorie or two in black coffee, i don't count black coffee or plain tea as breaking a fast.but any more than \\5-10 calories of cream i probably would consider breaking my fast. personally.""]"
131,333,131_ibs_fodmap_symptoms_keto,"['ibs', 'fodmap', 'symptoms', 'keto', 'diagnosed', 'gluten', 'digestive', 'ibd', 'lactose', 'flare']","[""haha yes, she is i've never been diagnosed with ibs but i've always had digestive issues (and probably have ibs, tbh). the difference between yesterday and other times is that i didn't have that awful pain i never experienced anything ibs related once my body adjusted to keto-eating last time and it's something i'm looking forward to!"", ""i'll be doing the same for weight, that's a great idea sorry to hear about the ibs, i have a few friends who have ibs and it's no fun at all. thanks for the tip"", 'i have ibs-m and want to try keto for it']"
132,331,132_sweets_cravings_sugar_crave,"['sweets', 'cravings', 'sugar', 'crave', 'keto', 'treats', 'chocolate', 'sweeteners', 'desserts', 'tastes']","[""what's your net carb intake? even if you've cut refined sugar, you could still be getting carb and sweets cravings if you're not staying in ketosis.personally i don't have a lot of sweet cravings, but i also am not so strict about avoiding sweets. i fit dark chocolate and keto friendly ice cream made with sweeteners into my macros. that more than keeps me happy to stay on keto for the long term."", 'you can rely on keto sweets at first. knowing there were keto alternatives, should i have a craving, was a huge help in keeping me sticking with keto. eventually it is better to phase out the sweets, or have them less frequently. this is because it keeps you wanting more sweets (and may make you tempted to eat non keto sweets). your sweet tooth will go away, believe it or not. regular foods (celery, peppers, etc) will start to taste sweet. you will crave, or at least prefer, different foods. i had a ridiculous sweet tooth myself, and am so happy to be free of that. good luck!', 'hi there, i was also like this before i started at the start of this year, i have a really sweet tooth and was always wanting chocolate or sweets! once i got going with keto the cravings completely stopped for me but i also can’t go without having one or two sweet but ‘keto friendly’ treats each day to satisfy my cravings which work for me.']"
133,327,133_sweeteners_sweetener_sugar_insulin,"['sweeteners', 'sweetener', 'sugar', 'insulin', 'stevia', 'cravings', 'sugars', 'aspartame', 'bacteria', 'sweetened']","['yes. artificial sweeteners set off my anxiety. it sounds like they may affect you, too. (my ex was the same, he couldn’t eat artificial sweeteners either.)you can message me if you want and i can go into more detail.', 'sugar and corn syrup are not “artificial” sweeteners. they are natural sweeteners. “no artificial sweeteners” is a different label from “zero sugar added” or “no added sugar.” the label is not wrong.', ""yep. i use sugar-free coffee syrups, drink diet soda, and make puddings/gelatins with artificial sweeteners to avoid the calories from regular sugars. some people have concerns about the sweeteners, but i think artificial sweeteners are fine in moderate quantities. i made a post on that here: some people find that artificial sweeteners increase their cravings for regular sugar, so that's something to watch for. it won't impact weight loss unless it impacts your calorie intake.""]"
134,313,134_nsv_nsvs_scale_victories,"['nsv', 'nsvs', 'scale', 'victories', 'svs', 'belt', 'congratulations', 'seat', 'progress', 'fit']","['nsv - i thought this would be different?', 'its a kind of an nsv . .', ""if this isn't a nsv i don't know what is.""]"
135,311,135_tips_keto_questions_diet,"['tips', 'keto', 'questions', 'diet', 'need', 'started', 'tomorrow', 'newbie', 'journey', 'ready']","['about to start my keto journey, any tips?', 'just started keto, looking for tips and advice!', 'can someone give me tips on starting the keto diet?']"
136,307,136_maltodextrin_malitol_alcohols_glucose,"['maltodextrin', 'malitol', 'alcohols', 'glucose', 'sweeteners', 'stevia', 'xylitol', 'sorbitol', 'allulose', 'ingredients']","[""i avoid maltitol for this reason. also, maltitol's gi is only half that of sugar, so it's carb count is really only half instead of zero. erythritol is best sugar alcohol. stevia and monk fruit are the best sweeteners overall."", ""i think it depends a lot on the product and whether we're talking a fairly small amount of maltitol or a fuck ton of it. i am fine after eating products where maltitol is used as a sweetener alone (like a protein bar with maybe 10-15 grams of the stuff), but in many sugar free candies the maltitol is also a bulking agent and makes up almost half of the entire mass of the candy. if maltitol is the first or second ingredient listed, you'll likely have a bad time."", 'unless it’s maltitol. avoid maltitol at all costs, the glycemic index is basically the same as sugar and you can only really subtract half the sugar alcohols of maltitol.here’s a great thread on artificial sweeteners:']"
137,304,137_spit_chew_chewing_swallow,"['spit', 'chew', 'chewing', 'swallow', 'mouth', 'swallowing', 'ulcers', 'tongue', 'stomach', 'purging']","['i chew and spit sometimes as well and i used to struggle to not swallow! it was at the very beginning of trying chewing and spitting and i guess it makes sense because we’re so used to swallowing our food and usually when i do it i’m hungry as well. now it’s easier for me not to swallow but i hate hate hate that i chew and spit more often. since you don’t swallow you don’t get that feeling of being full and at least for me, it makes the binges so much bigger than if i were to actually eat it :/', 'is it bad if i chew and spit out food?', 'i’ve been chewing and spitting my extra food. is it really that bad?? i’m not restricting calories. i suffer from a binge disorder also so instead of binging i chew and spit.']"
138,303,138_snacking_snacks_habit_eat,"['snacking', 'snacks', 'habit', 'eat', 'hunger', 'urge', 'helps', 'tv', 'craving', 'eating']","['can you replace a lot of your unhealthy snack options with healthier choices? maybe pick one snacking session at a time to change your habit. keep track of how often you snack and maybe try to work on reducing snacking sessions one at a time.', 'i snack a lot and it’s the main issue why i’m over weight. does anyone have advice to help me stop snacking all the time?', 'i find snacking can be difficult for me in terms of weight loss so i just eat 2-3 meals a day no snacking but fruit/nuts if you need too snack but they do add up in the calories when you start tracking them.']"
139,301,139_tortillas_tortilla_wraps_flour,"['tortillas', 'tortilla', 'wraps', 'flour', 'taco', 'burrito', 'quesadillas', 'carbs', 'aldi', 'these']","[""the mission low carb tortillas are $5-6 for a pack. they last a few weeks in the fridge. they act like regular tortillas but they bloat me and i don't eat them."", 'mission carb balance tortillas are now back to 5 net carbs', 'where can i order mission carb balance tortillas online?']"
140,295,140_fitbit_apple_garmin_fitness,"['fitbit', 'apple', 'garmin', 'fitness', 'samsung', 'iphone', 'app', 'watches', 'tracking', 'features']","['having had an apple watch and a fitbit versa 3, hands down the fitbit wins for me. it does everything you ask for and does it well at a much lower price point than an apple watch. i wear it every day and i absolutely love it.', 'apple watch, fitbit, or another watch from amazon ?', 'do people on this sub use fitbit/apple watch or other?']"
141,293,141_caffeine_coffee_decaf_anxiety,"['caffeine', 'coffee', 'decaf', 'anxiety', 'withdrawal', 'jittery', 'stimulants', 'coffees', 'pills', 'addicted']","['i drink two sugar free monsters per day (300 mg of caffeine) and that’s it. no other caffeinated drinks or pills. i am really careful about keeping track of the amount of caffeine i consume because i used to over consume caffeine. i developed a tolerance and then stupidity added ephedra with my caffeine intake and almost suffered a heart attack. so yeah now i’m very careful about my caffeine amounts.', 'i actually did go off caffeine completely for a while! and then got back into it during a deep bout of restriction. i find that caffeine can be bad for my sleep, but only if i drink it after certain points in the day. tbh, i haven’t really seen any major effect on my mood with/without caffeine, but that isn’t to say it isn’t there. after i cut out energy drinks, i might consider a complete cut of caffeine, but tbh it’s pretty low on my priorities.', 'how much caffeine do you drink a day?']"
142,289,142_breakfast_eat_meal_usually,"['breakfast', 'eat', 'meal', 'usually', 'day', 'mornings', 'eating', 'noon', 'waking', 'meals']","['why do i lose more weight when i eat breakfast?', 'the same question every: eating breakfast or not eating breakfast?', 'should i eat breakfast if i want to lose weight']"
143,286,143_pms_cravings_periods_chocolate,"['pms', 'cravings', 'periods', 'chocolate', 'crave', 'eat', 'week', 'appetite', 'normal', 'binging']","['am i the only one who doesn’t get cravings on her period', 'what do i even want to eat on my period', 'what do u do when you’re on your period?']"
144,277,144_fruit_fruits_sugar_vitamins,"['fruit', 'fruits', 'sugar', 'vitamins', 'nutrients', 'cherries', 'berries', 'eat', 'vegetables', 'antioxidants']","[""but i do have fruits and i think id still have them because it's not artificial sugar. do not stop eating fruit. fruit is good for you. anyone who tells you to not eat fruit is an idiot."", 'fruits aren’t inherently bad, but it’s important to have a balanced diet. instead of only fruit, you should be eating some fruit with some protein, vegetables, and complex carbs. a lot of people will say that fruit is bad because it has sugar, but i lost 24 lbs one summer eating as much fruit as i wanted in addition to a balanced, low-calorie diet. so go ahead and eat fruit, but you need to eat other healthy things too.', 'the fruit from sugar does not effect your body in the same way sugar from candy does. if your goal is weight loss, it is the calories that matter and fruit is a complex carb with nutrients your body needs. enjoy your fruit.']"
145,273,145_tests_bloodwork_labs_insurance,"['tests', 'bloodwork', 'labs', 'insurance', 'doc', 'cbc', 'ask', 'concerned', 'checked', 'doctors']","['what should i check for in blood test', 'blood test... i think my doctor is wrong?', 'do i really need blood tests/a check up?']"
146,270,146_ring_wedding_fingers_size,"['ring', 'wedding', 'fingers', 'size', 'necklace', 'jewelry', 'nsv', 'fit', 'bands', 'resizing']","['so, how many of you have lost their wedding ring?', ""as soon as i started losing weight and noticed my wedding ring getting loose, i took it off and put it away. then went on amazon and bought a few cheap ones in different sizes to wear while i lose the rest of my weight. once i'm at goal weight, then i'll get my real ring resized :)"", ""it makes me both happy and sad when my wedding ring is too loose, because that means i'm skinny, but also my ring might fall off. so yeah i body check how skinny my fingers are based on how my ring fits, all the time.""]"
147,266,147_hobbies_games_art_hobby,"['hobbies', 'games', 'art', 'hobby', 'reading', 'crocheting', 'gardening', 'distraction', 'coloring', 'tv']","['do you have any absorbing hobbies? i lose track of time and can even forget to eat when i am in the middle of some project. it needs to be an active hobby - like gardening, painting, drawing, knitting, home improvement project - not just sitting at a screen researching/watching.', 'pick up a new hobby some ideas- photography, drawing/ painting/ art, journaling, knitting/ crocheting, sewing, learn a new language if you want, do research projects/ research papers on silly topics just for fun', 'you don’t have to be good at your hobbies. you can do those things just because they’re fun and enjoyable. usually, if you stick with something you like, you get a lot better anyway. and even if you don’t ever get super good at it, it’s still something you love that brings happiness to your life. try different things. find out what you enjoy. do you like art, reading, hiking, music, crocheting, puzzles, fashion, photography? try some things and see what you like, and don’t worry about whether you’re good at them']"
148,264,148_pregnancy_postpartum_gained_weight,"['pregnancy', 'postpartum', 'gained', 'weight', 'healthy', 'breastfeeding', 'partum', 'trimester', 'back', 'exercise']","[""i haven't been in your shoes, but i think it's really important that you tell your doctor about this: i know it's so, so hard, but trying to keep yourself at a healthy weight will make your pregnancy easier, for you and the baby."", ""congratulations on the weight loss. i remember when i was pregnant reading that your fitness pre-pregnancy is what's most important in getting fit after giving birth. apparently is easier to shed pregnancy weight for people who are fit and healthy before baby."", 'your baby needs to eat too! you can always lose after pregnancy, but every time you eat while pregnant you are winning, the baby will be so happy and glad to see you when it’s born so keep nourishing it :)']"
149,261,149_tiktok_tik_tok_content,"['tiktok', 'tik', 'tok', 'content', 'tiktoks', 'tumblr', 'platform', 'toxic', 'twitter', 'app']","['why does everyone on tiktok seem to have an eating disorder??', 'am i too old for tiktok? yes. do i still get triggered by tiktok teens? also yes.', 'do any of you see all the ed stuff on tiktok']"
150,260,150_keto_thanksgiving_travel_cruise,"['keto', 'thanksgiving', 'travel', 'cruise', 'plan', 'ketosis', 'vacations', 'home', 'inclusive', 'week']","['is it a bad time to start keto 1 month before vacation?', '[help] started keto, but going on vacation in 6 weeks', 'is it worth it to go on keto for 6 weeks before a vacation?']"
151,259,151_anemia_supplements_absorption_vitamin,"['anemia', 'supplements', 'absorption', 'vitamin', 'ferritin', 'supplement', 'hemoglobin', 'vitamins', 'b12', 'infusions']","['i’m anemic  i take iron everyday but when i’m in super high restriction about little to no food i will be so tired i can’t do anything and i also lose my period easily as well. i know this all to well  take iron and maybe eat some spinach if you can lots of veggies have iron in them and they are also healthy', 'do u think i have low iron and should i take iron pills?', ""sea food, spinach, pumpkin seeds, quinoa, turkey, legumes are all foods that are high in iron. i've had super low iron levels since high school(i was on 3 iron supplements a day in high school to have normal iron levels). when i started incorporating this foods into my diet more i have dropped down to only one non prescription iron supplement and in the last year i have lost 20 lbs so iron deficit shouldn't prevent weight loss.""]"
152,253,152_chow_shake_ketochow_keto,"['chow', 'shake', 'ketochow', 'keto', 'protein', 'meal', 'flavors', 'almonds', 'powders', 'slimfast']","[""i use keto chow for meal replacement shakes. it has 0.6 g net carb except for the 2 net carbs from the heavy cream i use when i make it up. and it tastes really good! salted caramel is my favorite. there's more info over at r/ketochow"", 'here is a comparison of keto chow vs alternatives: here is the recipe for v1.5 of keto chow and some more info about the difference between drinking a protein shake with a multi-vitamin; and drinking keto chow: ', 'has anyone used keto chow for an extended period of time?yeah, i’ve done three keto chow shakes per day for a couple years now. i’m in the best shape of my life.  after the first year. the continuation of that is the keto chow shakes are just delicious and i never stop drinking them... so here i am today, still drinking keto chow...ask me anything.']"
153,248,153_rebel_creams_vanilla_allulose,"['rebel', 'creams', 'vanilla', 'allulose', 'erythritol', 'icecream', 'ingredients', 'extract', 'sweetener', 'bars']","['can someone help me create a lower calorie and lower fat ice cream recipe for an ice cream maker? i want to use unsweetened almond milk as the base and powdered peanut butter as the flavoring. i’ve been using erythritol as my sweetener because it’s what i had but i’ve read that powdered allulose makes for better ice cream consistency? any other keto ingredients that i can add to either bulk it up or make it creamier without adding tons of calories or fat? i love both rebel and the keto line of enlightened ice creams but i am getting tired of skipping dinner to afford the calories in a pint of ice cream. yes, i want the entire pint at once, non-negotiable.', 'i think you should do what works for you. if homemade ice cream once a week keeps you in check the other 6 days, then go for it. of course, if you are making homemade ice cream, you could make keto friendly ice cream. i buy halo top ice cream from time to time, and fit it in my macros.', 'i save calories to have some ice cream, and a drink almost every night. rebel, and enlightened both make great keto-friendly ice cream, and it’s available almost every store. i just found nick’s ice cream at grocery outlet a couple weeks ago, and that’s my favorite keto ice cream so far. 290 calories, and 5 net carbs per pint.']"
154,247,154_burger_patties_order_wendy,"['burger', 'patties', 'order', 'wendy', 'burgers', 'bunless', 'wrap', 'local', 'mcdonald', 'salad']","[""just so you know, you can order the burger and just not eat the bread...i've done it many time, both for burgers and egg sandwiches. now i order the bacon burger at wendy's with no bun, and they put it in a plastic dish and give me a fork and knife."", 'you can order anything and ask for “no bun” and they will put it in a little container. you can also ask for extra lettuce to use as a wrap - sometimes they don’t give much by default.you could also get franz keto hamburger buns and bring one with you to put in your no bun baconator - i’d wanting to keep that burger experience', 'i order the regular item than day no bun or muffin. mine usually throws the burger on lettuce on a tray for me... i am really into a bacon big mac no bun extra lettuce right now.. yummy salad when i cut up the burger.']"
155,241,155_gained_gaining_gain_week,"['gained', 'gaining', 'gain', 'week', 'how', 'sudden', 'weih', 'ate', 'weighed', 'overnight']","['gained a lot in just a few days, help!', '“i gained 5 pounds just from today — how?!”', 'not sure how i gained all of this weight']"
156,240,156_starvation_mode_metabolism_starving,"['starvation', 'mode', 'metabolism', 'starving', 'metabolic', 'survival', 'energy', 'fat', 'burn', 'calorie']","['everything about ""starvation mode"". no, i\'m not in starvation mode because i skipped lunch. calories in/calories out. it\'s not biology, it\'s fucking thermodynamics and i\'ve got a long way to go before my body goes into real starvation mode', 'i\'m sorry to break it to you, but starvation mode isn\'t a thing, it\'s a myth... the real starvation mode is when you are literally starving to death, like you\'re on the verge of dying. your body does not go into any starvation/low metabolism ""mode""', 'do any of you believe in “starvation mode”?']"
157,237,157_pizza_pizzas_ate_slices,"['pizza', 'pizzas', 'ate', 'slices', 'toppings', 'dominos', 'order', 'favorite', 'dinner', 'binge']","['had pizza for the first time in over a year!', 'i ate regular pizza from my favorite pizza place...', 'pizza can be nutritional you need carbs to live. some pizza has veggies--great, vitamins some pizza has meat-- protein pizza has cheese-- fats and protein you need pizza to live honestly. pizza also tastes good and can be enjoyed with friends or family no shame in eating pizza for its nutrition or just because you like the taste']"
158,234,158_heart_bpm_rhr_pulse,"['heart', 'bpm', 'rhr', 'pulse', 'normal', 'bradycardia', '55', 'runner', 'medical', 'elevated']","['please help i think my heart rate is too low', 'will losing weight help my resting heart rate go down?', 'i wish, my heart rate is high all the time. my resting heart rate used to be between 55-60, now around 75-80. i walk usually daily, 4 miles an hr, for an hr. i get a cardio workout, according to my fitbit. 80% of my night my heart rate is higher than resting. i have tried upping electrolytes, and even not drinking any electrolytes, just getting them from diet, neither made a difference to my heart rate. i am waiting to see a cardiologist.']"
159,233,159_adhd_adderall_symptoms_keto,"['adhd', 'adderall', 'symptoms', 'keto', 'medication', 'focused', 'improved', 'cure', 'stimulant', 'depression']","['all or nothing feels alone like an adhd way of living, i would know. did you by any chance suffer any symptoms or adhd?either way keto is a good diet to be on if you got it.', 'keto, adhd meds and food binging on carbs', 'fellow adhd here. keto helps with my adhd symptoms. why? no idea. also helps me to not eat just to try and get dopamine to function with, since adhd is caused mostly by a dopamine deficiency.']"
160,231,160_shower_showering_showers_bath,"['shower', 'showering', 'showers', 'bath', 'baths', 'hygiene', 'washing', 'bathe', 'relaxing', 'bathroom']","['i get this feeling as well. i feel guilty for showering if i didn’t restrict for the day, and it makes me “feel dirty” even after i shower. i can only “feel clean” after a shower if i restricted for the day. brains are weird.', 'about to take my first shower in probably a month', 'i hate my body so much that i can’t shower and i really need too']"
161,230,161_collagen_amino_protein_broth,"['collagen', 'amino', 'protein', 'broth', 'peptides', 'proteins', 'tryptophan', 'gelatin', 'supplements', 'powders']","['collagen is not a complete protein so you shouldn’t count it in your protein goal. the collagen powder i use has 12 grams so i just make sure if i have it that day i go over my protein by 12.', 'can i use collagen as a protein source?', ""collagen doesn't count to your protein macro as it's not a complete protein. you can add collagen on top of your daily protein but don't use it as a replacement for complete proteins. i did try the costco collagen and personally didn't notice anything over a month period.""]"
162,229,162_smile_pictures_transformation_proud,"['smile', 'pictures', 'transformation', 'proud', 'congratulations', 'job', 'confidence', 'afters', 'progress', 'handsome']","['the pic of you in the white sweater is amazing. in the before pic your smile looks forced and the look on your face says just take the damn pic already. the after pic the smile looks real and you are projecting a sense of pride.congrats keep up the great work.', 'awesome job can we get 1 more pic with the same smile as the before pic? beautiful either way but was just curious of the comparison. thanks and congrats again on being a better you :)', 'the before after (3rd) pic is awesome. looking at the before pic your smile seems forced. the look on your face is says take the damn pic already.the after pic despite showing no teeth your face lite up. you look happy and proud of yourself.congrats keep you the awesome work.']"
163,225,163_pillow_chairs_tailbone_cushion,"['pillow', 'chairs', 'tailbone', 'cushion', 'pillows', 'mattress', 'legs', 'cushions', 'foam', 'uncomfortable']","['anyone else have to sleep w a pillow between their knees?', 'pillows! lots and lots of pillows. a pillow for your knees when sleeping. a pillow for chairs when you are out and about and need to sit on a hard surface. i had a butt pillow following me through the beginning of college so i wouldn’t sit there fidgeting in my chair from being extremely uncomfortable.', 'i went from a bmi of just over 40 to a bmi of just over 26 (still going).i now have to sleep either with a pillow between my knees or on my back with a pillow under my knees. don’t even think about sleeping on my stomach, because then i have issues with my hip bones.i also got a special memory foam cushion for my work chair cause i can’t even sit in that for 20 minutes now.i highly recommend a knee pillow for side sleeping, apparently it’s also supposed to align your spine better???']"
164,224,164_addiction_carbs_cravings_addicted,"['addiction', 'carbs', 'cravings', 'addicted', 'weeks', 'addict', 'alcoholic', 'withdrawal', 'olives', 'foods']","['carb addiction is real! i would keep strong and they will pass. i’m sure you don’t want to be addicted to carbs forever, right? i’m 3 years in and rarely have cravings anymore, even if i am surrounded by carb loaded foods at parties. i think it’s worth it.', 'typically those thoughts or any time we say ""i cant go without"" indicate an addiction to something in general; could be any type of addiction not necessarily carbs. in this case, yours might be carbs. the best medicine is to eliminate the ""addiction"" by not feeding it. those thoughts and cravings will go away when they\'re not being indulged. best of luck you\'re stronger than a twinkie', 'agree with everyone else, don’t go cold turkey. maybe allow yourself carbs for one meal out of the day, for example. carb addiction is not a lie. carbs are a sugar, and like any other sugar your body can become definitely become addicted to them. you just need to reduce your carb intake more slowly so you’re not having bad withdrawals and cravings.']"
165,223,165_gluten_celiac_allergy_tested,"['gluten', 'celiac', 'allergy', 'tested', 'symptoms', 'bread', 'celiacs', 'allergic', 'antibodies', 'sensitive']","['i highly suggest getting tested for celiac if this is at all an option for you. i have been gluten free for 7+ years now. i didn’t know i needed to be eating gluten until after a year of being gluten free. testing is not even an option for me due to the severity of my reactions. i have a feeling this will end up being a pain at some point in the future. for now i just wait until there’s a test that doesn’t require you to have gluten in your system.', 'i’m not celiac but i have major gluten sensitivity, and yes i feel you. not eating gluten still feels like this bit of control i have but if i go back to eating gluten it’s like a form of self harm bc i know how much it hurts', 'he could save the test and just cut gluten now. he’s probably eating no or low gluten as it is already since most of the gluten we eat is in stuff keto people avoid. i’d just go with if cutting gluten makes you feel even better keep doing it']"
166,223,166_vaccine_pfizer_arm_effects,"['vaccine', 'pfizer', 'arm', 'effects', 'fever', 'soreness', 'covid', 'injection', 'shots', 'symptoms']","[""i'm fairly underweight, have had both moderna shots with pretty much no issues. just some tiredness and a sore arm.i think i had some nausea after the second shot, but i feel nauseous regularly anyway so it's difficult to tell whether the vaccine was the cause or not."", 'my first shot was fine. didn’t hurt, a little arm pain after and that was it. (to be fair, i get headaches often and i already had one when i went for the shot, so i don’t count it as a side effect.) the second shot physically hurt more and i did get a huge bruise at the injection site. i think he just hit a sensitive spot and no big deal. but i didn’t feel much after—a little soreness in my arm, but that was it. i was fine for the following 24 hours but was a little tired after that and i slept 11 hours the second night after the shot. no other real side effects otherwise.edit: i had the pfizer vaccine.', 'i got pfizer, no side effects the first time. second shot did give me flu-like symptoms and a fever for two days, so i mostly stayed in bed and slept. totally fine afterward. please, please get the vaccine. your reaction might suck, but it is so much better than getting covid. both covid and eds can affect heart health, and you really don’t want to risk any extra harm to that. plus, the vaccine isn’t contagious, whereas covid is. good luck and thank you for doing your part']"
167,218,167_macros_tracking_deficit_scale,"['macros', 'tracking', 'deficit', 'scale', 'adjust', 'recalculating', 'weeks', 'patient', 'calories', 'lbs']","[""make sure you adjust your expectations as well. weight loss is a very long journey and you will gain or lose - that's normal. ensure that you recalculate your macros after every 10 to 15 pounds lost to make sure you're not eating at a deficit.i would say make the changes and give it at least 3 weeks to see how you feel and how things go.you've got this =)"", 'i don’t know how much total weight you’ve lost since you last calculated your macros, but if it’s more than 10 lbs you might want to recalculate and make sure you’re still in calorie deficit?', 'is my weight loss normal? are my macros right?']"
168,215,168_plateau_stuck_plateaus_plateauing,"['plateau', 'stuck', 'plateaus', 'plateauing', 'plateaued', 'break', 'motivation', 'weeks', 'troubleshooting', 'tips']","['how do i get out of this plateau?', 'plateau...plateau....just so you know, i hit a plateau...', 'how do i get out of a plateau']"
169,208,169_palpitations_electrolytes_potassium_keto,"['palpitations', 'electrolytes', 'potassium', 'keto', 'tachycardia', 'elevated', 'bpm', 'ketoade', 'supplementing', 'pulse']","['did anyone have heart palpitations that went away when going keto?', 'help went into ketosis and had bad heart palpitations', ""i'm only on day 9 of keto but one of the reasons i began this journey is because i was having heart palpitations and my heart rate, which has been low all my life, was getting higher and my resting hr was averaging 78 bpm. only after 9 days my resting heart rate is back down to 65 which was my normal. so don't know if this helps but for me my heart rate has slowed.""]"
170,208,170_cat_pets_pet_kitty,"['cat', 'pets', 'pet', 'kitty', 'shelter', 'kitten', 'grief', 'cuddle', 'loves', 'kittens']","[""i wish we could get a dog! it's something we've been thinking about but i have a diabetic cat that doesn't like dogs and we haven't wanted to stress him out but getting one since that would affect his glucose levels."", ""my cat would be so sad, i can't handle the idea of him looking for me and not understanding why i'm not there. he's a family cat but i'm his favourite, when i was in hospital he was crying outside my room every day. that's a good reason."", ""going through something similar with my cat right now, it's easy to tie our emotions and wellness to a cat that we love and care for. i'm so sorry about your cat. if it helps, cats are really smart and feel calmest when being pet by their owners (and it helps with our feelings too :) ). please try and remind yourself that you did not contribute at all to his cancer, all you did was give him a life filled with love. hope everything goes as well as it can! i know he wants you to be okay, try to eat a little something tonight.""]"
171,207,171_dairy_lactose_intolerant_keto,"['dairy', 'lactose', 'intolerant', 'keto', 'recipes', 'avoid', 'yogurt', 'gluten', 'vegan', 'paleo']","['anyone doing non dairy keto? i want to try keto but dont want to eat dairy products.', 'why do you/do you not eat dairy on keto?', 'how to do keto with low to no dairy']"
172,205,172_pyramid_studies_government_industry,"['pyramid', 'studies', 'government', 'industry', 'guidelines', 'dietary', 'data', 'obesity', 'companies', 'usda']","['i wish this kind of information would get to be more mainstream but the sugar and fast food industry has too much influence on our daily nutritional info. the us food pyramid anyone?', 'the food pyramid replaced the four basic food groups that i was taught as a child in the sixties and seventies (meat and fish; fruits and vegetables; milk and milk products; and grains. you were supposed to balance them pretty evenly.) that was the standard advice for a long time, and as it turns out, it was actually a better diet than what the food pyramid proposes. obviously we now understand that dairy products and grains aren’t really necessary, but they were working off of the foods that are produced and easily available in the us, and the key idea was balance. the food pyramid has been a disaster.', 'they recently moved from the food pyramid to a food plate chart according to a health class i took last year. i had never heard of it before... likely those people are still working based on grains being the bottom of the pyramid']"
173,205,173_muscle_gaining_body_measuring,"['muscle', 'gaining', 'body', 'measuring', 'scales', 'gain', 'waist', 'change', 'weight', 'progress']","[""muscle doesn't weigh more than fat... one pound of fat is the same weight as one pound of muscle. the slight weight gain may be water retention since you started a new exercise routine which is normal. it takes a while (maybe a few weeks) to gain a whole pound of muscle. if the scale hasn't moved but your measurements have gone down then you can be losing fat and replacing it with muscle. fat loss is primarily determined by your diet so maybe that might be something you want to look at to make sure you're actually in a deficit."", ""fat is not converted to muscle. fat is always fat. you gain it or lose it. same with muscle, gain it or lose it but it doesn't change into fat, and fat doesn't change into muscle. you also didn't lose muscle in 4 days. if you're lifting you will gain some weight due to water retention from muscles tearing and repairing and maybe a couple pounds a month from adding muscle. you can be losing inches and not seeing much of a change on the scale. ignore the scale and focus on how your body composition changes and how your clothes fit."", 'you may not be losing weight, but you’re losing fat. muscle weighs more than fat, so when you’re gaining muscle it’s common not to see much change on the scale. maybe start measuring your waist/hips, where i’m sure there are some changes']"
174,203,174_water_liters_litres_gallons,"['water', 'liters', 'litres', 'gallons', 'pee', 'hyponatremia', 'liter', 'hydrated', '100oz', 'amount']","['you should absolutely drink more water.drink half your weight in ounces of water.if your 200 pounds drink 100 ounces of water and that is at minimum. if your out in the heat or exercising add a couple extra glasses of water to that total.', 'my fitbit default goal is 64 fl oz. i don’t log it, but i probably drink about that much liquid. it is not all water. i drink tea and coffee too. that counts. also tea and coffee boost metabolism. tmi, but you can tell from your pee if you are drinking enough. it should be clear or pale. also, if you are thirsty drink something. but thirst is not always an indicator. sometimes you “think” you are hungry and you are really thirsty. it is possible to drink too much water. people have died. not that you will, but too much of anything is bad.', ""why are you drinking a gallon of water a day? are you actually that thirsty? you don't want to be flushing out all your sodium and electrolytes. just drink when you're thirsty.""]"
175,203,175_sleep_cortisol_hormone_deprivation,"['sleep', 'cortisol', 'hormone', 'deprivation', 'stress', 'insomnia', 'schedule', 'metabolism', 'bed', 'nights']","['how can i lose more weight while i sleep?', ""how to lose weight when you don't get good sleep?"", 'how can i lose weight in my sleep?']"
176,201,176_ketoers_update_weekly_total,"['ketoers', 'update', 'weekly', 'total', 'lbs', 'lost', 'keto', 'on', 'have', '639']","['weekly update: ketoers have lost a total of 520,114 lbs on keto!', 'weekly update: ketoers have lost a total of 600,119 lbs on keto!', 'weekly update: ketoers have lost a total of 647,550 lbs on keto!']"
177,198,177_apnea_cpap_snoring_snore,"['apnea', 'cpap', 'snoring', 'snore', 'breathing', 'study', 'airway', 'snores', 'apap', 'diagnosed']","['how many of you has or had sleep apnea?', ""i know lots of very fit healthy people that have sleep apnea... unfortunately healthy eating probably won't fix it.. iv been snoring all my adult life.. went to a sleep clinic and now have a cpap machine...best thing ever"", ""i have severe sleep apnea at 35 ahi per hour. i use a cpap and it now down to 2 events per hour. normal is anything below 5. what i was simply trying to say is just because he stopped snoring doesn't mean he still shouldn't go and do a sleep study. if it turns out he does have sleep apnea and he gets on a cpap machine he will be amazed at how much it improves the quality of life. it's a true game-changer.....""]"
178,193,178_gender_porn_sexism_sexist,"['gender', 'porn', 'sexism', 'sexist', 'misogyny', 'submissive', 'trash', 'girls', 'generalization', 'sub']","['i mean im just gonna tell u straight up that that attitude is very unsettling for women. what we want to hear from men is that they r going to do their best not to be like other men and respect women. we want men to be good, but so many of us have been hurt by shitty men. i think most of us would be very happy and supportive of a man who tries hard to be a good person. no one is innately good or bad. but ya, i hope u find a place u feel heard and comfortable. maybe try starting a men with eds sub?', 'i agree that not all men are like this, probably not even half. but i notice men will always be defended on stuff like this, but when men hate on women online i almost never see anyone saying ""not all women!"". as well as the depth of hatred men can have for women is insane.', 'i’m glad you’ve never had an experience like that with men but there are a lot of women that have. most people that say ‘i hate all men’ very obviously don’t mean all of them. there are bigger problems in the world than women having a valid dislike for men']"
179,193,179_noom_psychology_app_program,"['noom', 'psychology', 'app', 'program', 'helpful', 'articles', 'lessons', 'foods', 'habits', 'coaching']","['has anyone used noom before? what are your thoughts?', 'any experience with the app noom? is it worth it?', 'has anyone tried noom? does it actually work?']"
180,193,180_hunger_appetite_stomach_eat,"['hunger', 'appetite', 'stomach', 'eat', 'meals', 'eating', 'feel', 'food', 'hormones', 'satiety']","['if you are feeling the hunger every 3 hours maybe you need to get your sugar levels checked out by your doctor. that could be the sign of diabetes. also to feel full you can simply drink plenty of water to feel full and not feel the hunger for food.', ""feeling hungry doesn't mean you need to eat more. you might need to drink more water, eat more slowly, or eat more filling foods.you might still feel hungry after eating a chocolate bar, but would you feel hungry after eating three apples? calories aren't what make you feel full."", ""1. you should never be really hungry. hunger is a sign of the body it doesn't have enough nutrients. off course there is a difference between real hunger and hunger because you see something tasty for example. typical if the hunger stays you want to eat something.2. being lightheaded.3. feeling low on energy.4. tired.""]"
181,193,181_weight_wrong_help_frustrated,"['weight', 'wrong', 'help', 'frustrated', 'loose', 'w24', 'can', 'everything', '18f', 'struggling']","[""what am i doing wrong? why can't i lose weight?"", 'why am i not losing weight?? please help...', 'what am i not losing weight? what am i doing wrong? help...']"
182,193,182_he_his_calories_eats,"['he', 'his', 'calories', 'eats', 'eating', 'metabolism', 'fat', 'intake', 'body', 'stored']","['so 1200 calories is pretty much the minimum. the fact that he’s a he and that he’s tall means he needs to be eating more than that. you can help him look up a good calorie deficit to be at, maybe buy him a good scale to help track it better. but make sure you tell his doctor how he’s trying to be under a 1000 calories. he’s either in eating disorder land or he just might not realize that 1000 is no where near enough for him.', 'is he weighing and tracking all of his food with a good tracking app? (cronometer is my favorite). did he go to this calculator and calculate what maintenance calories would look like? steps, if he’s not already taken them, will probably help. if he finds he still losing, he can continue to up his calories by 100-200 calories a week until he gets to the ideal maintenance level for him.', ""believe the reason he's not losing weight is because he's still got his carb intake up so high.the reason he's not losing weight is because he is not in a caloric deficit.""]"
183,189,183_vinegar_cider_acv_benefits,"['vinegar', 'cider', 'acv', 'benefits', 'gummies', 'juice', 'digestion', 'acidic', 'health', 'bloating']","['apple cider vinegar for weight loss in 1 week', 'how to drink apple cider vinegar for weight loss?', 'is apple cider vinegar with water good for weight loss?']"
184,187,184_recovery_gain_gaining_underweight,"['recovery', 'gain', 'gaining', 'underweight', 'bmi', 'healthy', 'recovering', 'cope', 'during', 'maintain']","['is this really what it feels like to gain weight in recovery?', 'how much weight gain is too much in recovery?', 'weight gain is not the same as recovery']"
185,186,185_taste_yogurt_broth_soups,"['taste', 'yogurt', 'broth', 'soups', 'parosmia', 'shakes', 'dental', 'sour', 'swallow', 'mouth']","['lost my sense of taste and smell due to covid and man is restricting easy', 'covid has caused me to lose all taste/smell', 'got covid, so i can’t taste or smell']"
186,184,186_intuitive_eating_hunger_fullness,"['intuitive', 'eating', 'hunger', 'fullness', 'disordered', 'binge', 'relationship', 'overeat', 'obese', 'body']","['intuitive eating sucks when you’re always fucking hungry...', 'i really don’t know what intuitive eating is or how to do it.', 'depends on if you have a bad relationship with food. in my opinion, it helps to fix your relationship with food before you start cutting calories. what comes with intuitive eating is listening to your body. i’ve learned to understand my hunger cues more accurately while intuitive eating. in turn, i eat less. for me, intuitive eating is eating healthy but allowing myself to have things i crave in small amounts when i do crave it. i also stop eating when i’m full instead of continuing even after i’m full. i don’t always finish my plate anymore. intuitive eating helped me learn control more than anything.']"
187,183,187_spices_garlic_carbs_pepper,"['spices', 'garlic', 'carbs', 'pepper', 'seasonings', 'grams', 'paprika', 'sauce', 'cauliflower', 'tbsp']","[""basically answer. they are a small percentage of calories, but there are sometimes a surprising amount of carbs if you use a lot of them. personally i add 0.5 net carb per tsp of spices like paprika and garlic powder. i also log 0.5 net carbs for the carbs in my supplements. but if you're feeling good and getting the results you're hoping for, then i wouldn't bother if it seems like a hassle. i don't think most people here track them."", ""there are carbs in most spices, most people opt not to count the carbs in spices,eggs and heavy whipping cream or forget they have carbs in them.tbh make your life easier and just dont worry about spices too much but they get away with putting 0 carb on stuff because it's less than 1g of carbs per serving so youll see some well to be frank some stupid serving sizes on some items to achieve this loophole.like who's using 1/8th a teaspoon of seasoning or baking powder. when i was on keto i did count the hidden carbs in eggs and hwc etc etc but i saved my sanity by not caring about the powders unless i went ham with them and used a ton"", '3 cloves of garlic: raw, fresh has 11.4 carbs. dried garlic has less.if you are eating a whole cup of raw garlic yes you would be destroying your carb macros. but a tsp of dried garlic is not going to have 11 carbs. so, a tablespoon of spices is not going to throw your carbs off by more than 5 grams even if it was all garlic.']"
188,183,188_kidney_stone_calcium_oxalates,"['kidney', 'stone', 'calcium', 'oxalates', 'almonds', 'spinach', 'urologist', 'kidneys', 'uric', 'urine']","['kidney stones are calcium oxalate. cut down on spinach not meat.black kidney beans are great in soup and fairly low in carbs.magnesium citrate 150mg twice a day also helps reduce kidney stones, or any form of citrate', ""was it a calcium oxalate stone? i got 2 kidney stones from eating spinach, kale, almond milk, and blueberry shakes everyday for a year. if you've had chronic kidney stones, it might be a good idea to lower oxalate rich foods in your diet."", ""so i'm prone to kidney stones, but it depends on the types of stones you can get. have you ever had a kidney stone? for the most part, make sure you're drinking plenty of water. i get oxalate kidney stones, that come from plants, and i generally don't get a lot when i'm on keto. there will be higher level of salt in your diet, which can cause things, but that also depends on what you eat. i tend to do dry rubs, so that causes that. the fix, lots of water. i also have some pills i take just in case""]"
189,182,189_late_snacking_evening_meal,"['late', 'snacking', 'evening', 'meal', '8pm', 'sleep', 'noon', 'window', 'usually', 'during']","[""is the problem night snacking?might try intermittent fasting to shift the bulk of your calories towards the evening. it may help you sleep at night if you go to bed with a full stomach. also, budget a few hundred calories for the inevitable late night snack. try to plan for snacking, don't make it a diet breaker."", 'i have the same problem, what i’ll (try to) do, is start eating at around 12 pm but plan to leave like 200-300 calories after dinner because i know i’ll want to snack, so whatever your snack of choice is...try to save those calories so you can enjoy your evening snacking :) easier said than done though.', 'i relate to this so hard. i have my meal at dinner so i don’t have to go to bed hungry, but that means that i’m just hungry all day until at least 5 pm. lately i’ve started trying to have a small snack at around 2 so i’m not absolutely miserable, but then that’s less i could eat at my dinner meal. feels like a waste.']"
190,182,190_liver_organ_meats_onions,"['liver', 'organ', 'meats', 'onions', 'meat', 'taste', 'organs', 'pate', 'liverwurst', 'cooking']","['lol yeah ok so liver is something i just can’t do. my grandma used to make me liver and onions and i just can’t do it. i will however look into just eating more protein than just chicken and get more iron from the red meat', 'how much liver is safe to eat daily?', 'anyone here like liver and other organ meats?']"
191,180,191_dexa_scales_fat_caliper,"['dexa', 'scales', 'fat', 'caliper', 'navy', 'measurement', 'reliable', 'inbody', 'scans', 'bfp']","[""if it helps, those scales are notoriously inaccurate when it comes to bf% .. they're more helpful for trends versus exact numbers. the only way to get an accurate bf% is a dexa scan as far as i know"", ""have you had a recent dexa scan? that is the only truly accurate way to judge body fat percentage. the fancy scales are not very accurate, especially if you are keto as they rely on retained water in your body to get a reading. calipers are better, if used by someone with experience. if you haven't had a dexa and you do want to get so low (which is very low, even for males), you should invest in one.definitely go to r/ketogains )."", ""i have a multifunction scale. it said my bf% was 36.5 but a dexa scan showed it's actually 43%. those types of scales are not accurate, but it's better than guessing.you could use calipers, but i think they're only a reliable indicator when used by someone skilled/experienced.if you really need an accurate figure, get a dexa scan. inbody scans are less accurate, but still very good.""]"
192,176,192_fiber_keto_gut_diet,"['fiber', 'keto', 'gut', 'diet', 'supplement', 'veggies', 'psyllium', 'constipation', 'fibrous', 'foods']","['anyone else feel like you get more fiber on keto than when not on keto?', 'how do i get more fiber on a keto diet?', ""fiber isn't what helps you poop on keto, fat is. my diet is almost zero fiber and i go more regularly than when i was vegan and getting all the fiber in the world.""]"
193,175,193_stores_amazon_walmart_kroger,"['stores', 'amazon', 'walmart', 'kroger', 'grocery', 'costco', 'pack', 'local', 'aldi', 'canada']","['i hate to say this but i ordered a 3 pack off amazon without trying it first. i’ve never seen it in stores anywhere and i’ve looked at kroger, food lion, publix, and aldi.', 'i saw that it was a 24 pack. i should have said 4 pack. most people would probably buy a small package first to see if they like them. the 4 pack is $17 on amazon. that being said, the 4 pack price on netrition vs 24 pack price on amazon shows there is no price break for quantity vs netrition, and therefore no advantage to buying the 24 pack. i\'d just as soon get them on netrition along with other items and make up any ""free shipping"" from amazon in the difference on carbquik etc...', ""thanks! i will be looking for this, i just hope my local grocery stores carry some of these stuff. i might drive out to check out trader joe's costco to see if i can find any of these as well.""]"
194,173,194_sous_cook_cooker_appliance,"['sous', 'cook', 'cooker', 'appliance', 'fryers', 'foodi', 'stove', 'airfryer', 'kitchen', 'grills']","['shocked that no one has suggested an air fryer. get the instant pot with air fryer lid, so you get two for one. my air fryer has very little smoke to it, unless i am cooking without cleaning the grease from a previous cook. when cooking something in a clean pot, there is no smoke. the air fryer would allow you to bake things, including steak, chicken, roasted veggies, etc. i adore mine and it is probably the most used appliance in my fully stocked kitchen.', 'i have an instant pot and a nuwave oven (highly recommend) which is basically an air fryer and i love them both, i’ve heard great things about instant pot air fryer lid so i say go for it you can make some ribs (with either dry rub or sugar free bbq) in the instant pot then crisp them up in the air fryer i know that’s just one example but you get the picture. i make chicken wings, air fried keto chicken tenders, air fried vegetables, you name it. air fryers are awesome for keto. the other person who commented can go kick rocks.', 'i have an instant pot and there is an air fryer lid available. not sure how that would work? a friend has an air fryer that looks more like a tall toaster oven, makes great wings. anyone have the air fryer instant pot version or anyone who can explain if getting it would be worth it?']"
195,173,195_knees_swimming_stretching_yoga,"['knees', 'swimming', 'stretching', 'yoga', 'workouts', 'squats', 'muscles', 'exercises', 'exercise', 'squat']","[""i have bad knees as well and i can't do lunges, but i do squats a lot. strenhens the muscles so your knees are less prone to be an issue during daily life. also if they hurt badly i would recommend knee braces mine are super nice will lifting heavy weights and i went hiking this week without braces and no knee pain whatsoever"", 'if you’re obese you should not be doing high impact exercises like that, you will damage your knee and ankle joints. you should do gentle exercises until you get a bit smaller, try swimming, walking etc', 'how do i work out if i have knee pain from weight gain?']"
196,173,196_motivation_motivated_discipline_motivate,"['motivation', 'motivated', 'discipline', 'motivate', 'habits', 'change', 'life', 'journey', 'yourself', 'commitment']","['how do you guys find motivation/stay motivated when it comes to being healthy?', 'stop relying on motivation and get disciplined. motivation will not always be there. some days you just don’t feel it. are you gonna give up? discipline is what carries you through those days and helps you build good habits. what’s your why? why do you want to lose weight? let that drive you to push through days you lack motivation. once discipline and good habits are in place, often you’ll find you see results that actually make you feel more motivated to continue.', 'i have always lost weight in the past with motivation. it never worked. once the motivation was gone i’d give up. let me ask another question. what gives you the motivation to gain weight or maintain?']"
197,172,197_libido_testosterone_keto_increase,"['libido', 'testosterone', 'keto', 'increase', 'hormones', 'erections', 'levels', 'shbg', 'effect', 'estrogen']","['did your libido/sex drive increased with loosing weight and being in keto ?i am having some trouble with my drive and performance for last few months ,i believe it has to do with me being over weight .', 'when i was eating at a deficit at first, my libido decreased. the longer i was on keto, the more my libido increased. when i started eating at maintenance my libido increased even more.', ""i've been on strict keto for 2.5 months - still low libido. (high libido before keto)""]"
198,168,198_soda_coke_sodas_diet,"['soda', 'coke', 'sodas', 'diet', 'pepsi', 'ketosis', 'keto', 'sweeteners', 'sugar', 'cravings']","[""i think you won't have any issues since you are drinking it once a week.it won't kick you out of ketosis. now the diet coke topic can be individual, there are people who drink coke zero every day and have 0 problems and there are people like me, where drinking coke zero will cause weight stall or even weight gain. after drinking coke a couple of days in a row i just crave even more coke, sweets, food in general and in my case it leads to weight gain. so i try to avoid :) (altough its hard sometimes)"", 'i\'ve been drinking several cans of coke zero every day for years, no problems here. diet coke is a no no because of the caramel color, which is made from sugar it is a zero calorie drink that does not affect ketosis in any way since it contains no carbs. saying it is a ""no no"" is vague and incorrect. coke zero (and other dark diet soda) is fine on a ketogenic diet where carbs are what you have to watch out for.', 'is diet soda or “zero” drinks such as coke zero or powerade zero okay on keto?']"
199,165,199_diabetic_diabetes_sugar_cut,"['diabetic', 'diabetes', 'sugar', 'cut', 'carbs', 'bread', 'eat', 'foods', 'lie', 'explaining']","['i just tell people ""i eat clean"". if they want to know more i explain that i avoid most carbs, sugar and processed foods and if i go back now, i would get very sick. ""but thank you, i hope you enjoy it."" :)', 'yup i do this and it shuts people up. i say i have been diagnosed as pre-diabetic. people know about diabetes (not really) but pre-diabetic, they are somehow not so sure ;)', 'either don\'t tell people or just say you\'re diabetic. i\'ve often done this in restaurants for example where the steak comes with fries and i\'m like ""would it be possible to just have a side salad instead, because i\'m diabetic"". i\'m not diabetic but it\'s just a much easier way to get what i want in this regard than to explain my diet to them.']"
200,163,200_size_healthy_positivity_activists,"['size', 'healthy', 'positivity', 'activists', 'obesity', 'overweight', 'promoting', 'healthcare', 'body', 'fatphobic']","['if haes is true then why can’t i be healthy and underweight', 'well, haes doesn\'t mean ""healthy at every size"" but ""health at every size""...x200b;i get the point of haes but it\'s a load of shit.so you don\'t really get the point of haes.', 'does haes mean i can be healthy at 100 lbs']"
201,163,201_cold_temperature_colder_winter,"['cold', 'temperature', 'colder', 'winter', 'warmer', 'keto', 'sweats', 'extremities', 'wear', 'warmth']","[""i definitely get cold and it's the reason why i've mostly been doing keto only in the summer for the past few years, because in the winter i get so cold that i stop drinking water due to it making me feel even colder. i do hiit training which always gets me all hot and bothered, but on keto the body heat sheds noticeably quicker than when i'm in glycolysis."", 'keto for a few years and always feel cold', ""so the first month or so that i was doing keto i froze my ass off. i was always cold when i shouldn't have been. this has stopped for the most part so maybe yours will too. don't know how long you've been eating keto? also the only reason the cold would equate to needing to eat more is if you spend long amounts of time out in the cold weather. if you're routinely outside in the cold then your body will work harder to stay warm and as a result burn more calories. if you're just cold sitting inside where it's climate controlled then no more calories are being burnt.""]"
202,162,202_tired_energy_fatigued_exhausted,"['tired', 'energy', 'fatigued', 'exhausted', 'sleep', 'levels', 'tiredness', 'lethargic', 'ketones', 'ketosis']","['keto + lifting = crazy fatigue. not enough carbs or not enough food in general?', ""yeah maybe i am... i kind of suspect that most of the time too \\^\\^... my real problem is my energy though - i don't have any and that sucks. and if i eat to much protein in a single meal i get super super tired - to the point of being incapacitated and just falling into bed. i am just completely lost in how to solve my fatigue problems on this keto-diet... although everyone else on keto always tells how awesome they feel after adaption (energy-wise)."", '3/4 week on keto and i have no energy']"
203,161,203_flour_almond_coconut_flours,"['flour', 'almond', 'coconut', 'flours', 'texture', 'recipe', 'baking', 'almonds', 'absorbent', 'recipes']","['am i able to use coconut flour instead of almond flour? most stores around me don’t carry almond flour so coconut is the next alternative flour other than chickpea flour.the main use i would have is for fathead pizza and mozzarella sticks. that kind of stuff.', 'i only use coconut flour. .you can substitute coconut flour instead of almond flour in many recipes, with some differences in taste and texture. however, coconut flour is very absorbent, so 3 to 4 cups of almond flour would be substituted with: 1 cup of coconut flour up to 6 additional eggs up to 1 additional cup of liquid', 'adding a small amount of flour to almond or coconut flour?']"
204,160,204_fats_studies_cholesterol_unsaturated,"['fats', 'studies', 'cholesterol', 'unsaturated', 'ldl', 'oils', 'cardiovascular', 'consumption', 'omega', 'arteries']","['if saturated fat is unhealthy, how can it be that nature stores energy as saturated fat in human? and why does human mother milk contains saturated fat? answer: saturated fat is healthy.', 'do i need to worry about saturated fat?', 'saturated fat is not inherently bad. context matters. when paired with high carb intake, saturated fat is bad. when paired with low carb intake, saturated fat is not bad. you store most body fat as saturated and monounsaturated fats. why would you not include saturated fat? i prioritize saturated fat.']"
205,160,205_chaffles_waffle_maker_waffles,"['chaffles', 'waffle', 'maker', 'waffles', 'dash', 'recipe', 'cheddar', 'recipes', 'mix', 'sandwiches']","['been getting back into making chaffles for sandwiches use and plan to make a sweeter berry chaffle to have with rebel ice cream. also stopped using almond flour since it saves calories. usually i just do a whole egg, less than 1/4 cup shredded cheese, and 1/2 tsp of protein powder for 2 chaffles', 'making chaffles how many eggs should i use to make them with a full size waffle maker? asking for a friend.', 'how many eggs should i use to make chaffles with a full size waffle maker? asking for a friend']"
206,159,206_nsv_sv_keto_victory,"['nsv', 'sv', 'keto', 'victory', 'celebrate', 'congrats', 'sheets', '250th', 'been', 'weeks']","['nsv: 7 days in. i’m pretty sure i’m in ketosis!', 'my first nsv only a week into keto!', 'nsv been on keto for 30 days(this time)']"
207,159,207_kidneys_nephrologist_dialysis_renal,"['kidneys', 'nephrologist', 'dialysis', 'renal', 'keto', 'creatinine', 'ckd', 'diabetes', 'transplant', 'nephrology']","[""don't take medical advice from people who don't have have medical training.you probably should not listen to me, either, but i'll tell you what i know.there is certainly some concern about the keto diet and kidney issues. i took a little look through the papers and i couldn't find good evidence for keto causing kidney issues. in fact, there is a fair amount of research being done using keto diets to \\treat\\ kidney disease, which would not be surprising if the kidney disease came as a byproduct of type 2 diabetes. if you want a real answer, you could ask a nephrologist."", ""great to hear a kidney doctor say that. thank you for posting it. i am getting back into keto after a few months (too much stress, so fell off the wagon) and it's tough to get back into it. however, knowing my kidneys will benefit is great even though i don't have kidney problems."", ""(assuming it's kidney) stage 4 kidney disease/failure means someone's kidneys are significantly slower than they should be when it comes to filtering blood. this could be due to his t2d, because long term diabetics get nephropathy (damage to the functional units in the kidney). your kidneys play a really important role in acid-base balance, and with chronic kidney damage this doesn't work as well, causing a metabolic (lactic) acidosis. increasing protein may put more strain on his kidneys, and if this is why he's worried about keto it's definitely a good idea to go on doctors orders. if his kidney function worsens there are potentially fatal consequences like uremic encepalopathy.""]"
208,157,208_raw_cooking_meat_uncooked,"['raw', 'cooking', 'meat', 'uncooked', 'chicken', 'usda', 'drippings', 'nutritional', 'weighed', 'subtract']","['if you are going to weigh raw, then you want to use the raw nutritional data. if you are going to weigh it after its cooked, you want to use the cooked nutritional data.the difference is water cooking out of the meat. i prefer to weigh raw as its marginally more accurate.', 'if i am using raw meat in a soup i weigh it raw. if i am cooking meat like roast chicken breast or hamburgers i weigh cooked and drained and log it that way. i tend to pre cook meat and keep it around for quesadillas and casseroles and such so that is logged as cooked and drained.cronometer has entries for cooked or raw.', 'how should i weigh my chicken, raw or cooked ?']"
209,156,209_carbs_calorie_cutting_legumes,"['carbs', 'calorie', 'cutting', 'legumes', 'fat', 'reduce', 'diet', 'foods', 'carbohydrates', 'energy']","[""low carb diets have no weight loss advantage. depleted glycogen stores have little to do with fat loss, rather the opposite, as your body can waste a bit of energy by filling your glycogen stores. yeah, you can include healthy carbohydrates into your diet, then you won't experience this water weight gain.healthy carbs are fruits, starchy vegetables, whole grains and legumes."", 'i assume by reducing carb intake you mean avoiding processed carbs like bread, white rice and junk in general. healthy carb rich foods like starchy vegetables, fruits, whole grains and legumes are perfectly healthy and suitable for weight loss. in fact, they are the best in terms of low calorie density!', ""you do not need to cut carbs to lose weight. i do better with weight loss with carbs then without. you need to limit your calories. that's all. if you are on a calorie deficit you will lose weight.""]"
210,155,210_fasting_disordered_banned_posts,"['fasting', 'disordered', 'banned', 'posts', 'triggering', '21', 'talking', 'ppl', 'days', 'subreddits']","['am i just dumb or do a lot of the post on the if and other fasting subs just sound like someone with an ed?', 'how the fuck is the sub fasting okay and ""healthy” but subs for supporting people with eating disorders are being banned', 'posted on the sub for fasting about how disordered it is/seems']"
211,155,211_carnivore_meat_carnivores_animal,"['carnivore', 'meat', 'carnivores', 'animal', 'veggies', 'meats', 'carnivorous', 'nutrients', 'eat', 'thrive']","[""carnivore is more misleading. those people suffer for months. and it can feel miserable to be carnivore after 3 or 4 days. you can't build muscles.. without modifications (fruit). there's zero endurance. carnivore is not an answer. however, some use it as an elimination diet, to find out what foods are giving them severe gut problems. carnivore people do weekly modifications to the diet, i believe."", 'i will have to look into the carnivore diet, but as it’s so new and i don’t think any scientific studies have been done, i can’t recommend it for people. i am sure there are people who have success with it just like some people have success with high carb diet. i might give carnivore a real go and see for myself.', 'did anyone try carnivore and find it wasn’t for them?']"
212,154,212_edtwt_twitter_toxic_accounts,"['edtwt', 'twitter', 'toxic', 'accounts', 'tumblr', 'fatspo', 'communities', 'interact', 'toxicity', 'tags']","[""this might be showing my age, but i would really love to see what people are talking about with this whole edtwt situation. you know...for science. can someone explain to me how one finds edtwt content?edit to add: i know it's on twitter, i just don't know what to search for"", 'i know i’m sick but edtwt is another level', ""yep i've ran in to edtwt multiple times in the last year even though i hate edtwt(sorry not sorry) and don't follow anything related to ed on twitter.i also follow 2 people who vented about how their pics were used as thinspo and fatspo on edtwt. i can't imagine how painful that must be.""]"
213,153,213_exogenous_ketones_ketone_ketosis,"['exogenous', 'ketones', 'ketone', 'ketosis', 'sweat', 'energy', 'body', 'therapeutic', 'waste', 'benefits']","['there are a lot of good reasons to use exogenous ketones and more than enough science to back it up. if your goal is to have more ketones in your blood then go for it but taking them won’t make you fat adapted which is the real goal.', 'anyone take exogenous ketones? recommend a brand? do they actually work? and what do they do?', 'what type of exogenous ketones products should i look for?']"
214,152,214_creatine_muscles_monohydrate_muscle,"['creatine', 'muscles', 'monohydrate', 'muscle', 'supplements', 'lifting', 'atp', 'gain', 'whey', 'workout']","[""creatine can add 5+ pounds of water weight. if you are in a calorie deficit to be losing 1 pound of fat per week, this means that the creatine water weight gain can hide over a month's fat loss."", 'creatine - weight gain - need help losing weight', 'how much water weight will i probably gain from creatine?']"
215,151,215_reflux_improved_acid_migraines,"['reflux', 'improved', 'acid', 'migraines', 'inflammation', 'clarity', 'longer', 'benefits', 'anxiety', 'snoring']","['no more irritable bowel syndrome, no more seasonal allergies, no more snoring, chronic pain reduced by 80%, inflammation levels way down, energy levels way up, need less sleep, skin clearer, hunger way reduced, cravings way down, no afternoon post lunch low feeling like i need a nap at work, can do way more physically (hike, ski, walk, jog, bike ride etc.). i feel like i got my life back, and even more, have a way better quality of life than i have ever had.', 'aside from the weight loss...-no more gerd/acid reflux-basically no gas at all-no more bloated feeling, no more swelling in face or joints-never being hangry/being able to go long periods without meals without having any issue-hunger urgency much reduced-better sleep-no sleepiness after meals caused by the blood sugar rollercoaster-better skin-better dental health', 'this is so awesome. so far, the comments reflect a total loss of 699.6 lbs. people have experienced the following health benefits:reduced/eliminated inflammation/soreness.eliminated insomnia.eliminated acid reflux.regulated blood pressure.improved cholesterol and triglycerides.regulated menstrual cycle.improved dental health.improved vision.eliminated brain fog and improved cognitive performance. eliminated acne.eliminated need for various medications.improved energy levels.reduced anxiety.improved digestive process, including reduced bloating, diarrhea, and abdominal pain.regulated appetite.increased ability to keep lost weight off.elimination of various disorders/syndromes.elimination of snoring.elimination of asthma.how’s that for evidence?!']"
216,150,216_avocado_ripen_guacamole_taste,"['avocado', 'ripen', 'guacamole', 'taste', 'salad', 'ripening', 'lime', 'unripe', 'guac', 'avocadoes']","['what area are you from? maybe you live somewhere where it’s hard to get good avocados. have you had them before?i love a bagel with hummus and avocado, or a bowl of beans with some diced avocado, or an avocado and tomato salad. i also do a kale salad with buffalo vegan fake chicken and avocado bits. i’m prob going to have an avocado and vegan cheese sandwich for lunch.', ""the fresh avocados i find at the store are never ripe. it usually takes a week on the counter before they're even edible. i tried to rush it the other night for an avocado on a salad, and i wound up picking all of the avocado off and throwing it away because it tasted like grass i haven't tried the frozen avocados yet, but i'm thinking i'll have to grab some the next time i'm at costco"", ""the trick is paper bags! i learned this when i worked at a smoothie/salad bar:if you put green avocados in paper bags together with some bananas, they will ripen perfectly in just 2-3 days max. once they are ripe, you can put them in the fridge and they'll stay good for a few more days. i have a whole rotation going on: green avocados on my counter, avocados ripening in bags, and ripe avocados in the fridge. i never eat an avocado that's not just right :)""]"
217,149,217_abs_muscle_exercises_workouts,"['abs', 'muscle', 'exercises', 'workouts', 'crunches', 'cardio', 'toned', 'abdominal', 'body', 'gym']","['to get abs, ab workouts and “belly fat burn” routines are not going to make it happen while have a strong core and building the abdominal muscles is great, you can’t spot fat loss so in order to get abs, you have to burn fat. keep up with the cardio and healthy eating and you’ll be on your way to abs', 'can i get my abs to show without losing weight?', ""my realization on abs is everybody has abs. on the people who show abs it's not because they have big abs, it's because their abs are not covered. if your body is the type that carries fat on the belly first before other places, you'll have to get pretty low on percentage of body fat so the window to the abs isn't covered.""]"
218,148,218_success_stories_keto_diet,"['success', 'stories', 'keto', 'diet', 'lost', 'custom', 'saved', '120', 'stephanie', 'overcoming']","['keto success stories: how she did it ?', 'keto diet success stories... how did she do it?', 'success stories with the keto diet, how did she do it?']"
219,148,219_ate_calories_800_cals,"['ate', 'calories', '800', 'cals', 'meal', 'day', 'goddess', 'kcal', 'calorie', 'binged']","['i ate all my calories and its 9 am', 'ate over 800 calories today and i’m freaking out.', 'i ate 500 calories over my goal for today']"
220,148,220_doctor_medical_advice_appointment,"['doctor', 'medical', 'advice', 'appointment', 'booster', 'thank', 'symptoms', 'please', 'consult', 'health']","['wtf? your doctor tells you what to do and you come here looking for advice? from random strangers on the internet? you already got all the advice from your doctor that you need.', 'you need to see a doctor and not assume what you think it is and ask the internet. i am a medical professional and am telling you to consult your medical professional.', 'if you are really worried - spend the $130 and see medical doctor, or a specialist doctor to give you medical opinion - instead of trying to get random advice from random strangers on internet.']"
221,143,221_mukbangs_mukbang_mukbangers_youtube,"['mukbangs', 'mukbang', 'mukbangers', 'youtube', 'eating', 'obsessed', 'youtubers', 'vlogs', 'subtitles', 'hate']","['anyone else obsessed with watching mukbangs while fasting?', 'does anyone watch mukbangs to stop themselves from eating', 'i watch mukbangs to keep me from eating, anyone else like that?']"
222,141,222_ww_lost_meetings_programs,"['ww', 'lost', 'meetings', 'programs', 'cico', 'foods', 'tracking', 'oprah', 'lbs', 'diets']","['ive had success on ww in the past. lost my first 10 lbs on it before starting keto. foods like mayo and cheese are a big no no on ww. so you can have a burger but no mayo and no cheese. now that i\'ve started keto, i see that these things are filling and should be allowed. most food on ww is ""low fat"". also, counting points gets old!', 'has anyone tried ww? is it worth it?', ""every body has different bodies. not sure why you'd lose on ww and not keto though. most of the meat on ww and eggs are zero point foods. the biggest difference would probably be avocados (12 points on ww and discourages you to eat them) and fruits (iirc most fruits are zero points, too). obviously ww is very concerned with calories vs carbs. maybe you can combine them? use the ww app to scan the foods and see the points? just don't get the fruits unless it's keto friendly berries. and stay away from beans (also 0 points but high carb). i'm sure some people are doing keto ww.""]"
223,141,223_exercises_workout_exercise_gym,"['exercises', 'workout', 'exercise', 'gym', 'weight', 'lose', 'beginner', 'fat', 'weightlifting', 'weightloss']","['what exercises should i do to lose weight?', 'best exercises at the gym for weight loss?', 'what are some exercises i can do at home for fat loss?']"
224,140,224_eggs_yolks_protein_scrambled,"['eggs', 'yolks', 'protein', 'scrambled', 'cholesterol', 'eat', 'nutrients', 'differential', 'raw', 'macros']","[""as someone who eats tons of eggs, i would say eating a lot of eggs daily won't cause you to be sick, though, there are some reasons you could be feeling sick:1.) you are eating only eggs and nothing else, leading to some nutritional deficiencies. you cannot survive on eggs alone. :)2.) you're sick of eating eggs (if i go too hard on one specific food for too long, it makes me nauseated and i have to stop eating it for awhile)3.) fully cooked yolks can upset some people's stomach. if i eat too many scrambled eggs i get nauseated, but i can eat as many over easy or soft boiled eggs with no issue. maybe try make soft boiled eggs and see if that helps."", ""i start almost every day with 4 eggs and that's only 20 grams of fat. how many eggs are you eating that the yolk will break your budget? i would give up my butter and microwave my eggs before i'd give up my yolks. so much nutrition in there."", 'how many eggs do you eat per day?']"
225,139,225_seat_extender_seatbelt_airline,"['seat', 'extender', 'seatbelt', 'airline', 'extension', 'buckle', 'fit', 'car', 'seatbelts', 'nsv']","['yes, i flew today and did not need the handy seat belt extender for the plane. i used it in august but not this time! best feeling ever.', 'congratulations on no longer needing an extender! for others if you’re healthy enough to travel and too embarrassed to ask for an extender you can always buy a seatbelt extender and use it discretely yourself. all the airlines have the same seatbelt buckle. i had to buy one for my son’s car seat on the airplane because i can’t count on the airplane having enough during peak holiday flying time.', ""that is so awesome. congratulations. i hear you about fitting in chairs. i want to travel to australia next year, and the thought of nearly 20 hours in a little airline seat is great motivation. last time i flew i needed an extender for the seat belt and couldn't put the tray all the way down.""]"
226,139,226_peach_miss_usernames_app,"['peach', 'miss', 'usernames', 'app', 'koalathigh', 'down', 'social', 'follow', 'feed', 'peaches']","['is peach just not working for anyone else?', 'what i’d post on peach if it were back up', 'is peach down for anyone else right now???']"
227,139,227_vegetarian_meat_vegan_keto,"['vegetarian', 'meat', 'vegan', 'keto', 'meats', 'dairy', 'diet', 'veggies', 'eat', 'steak']","['how hard is keto for a vegetarian? would it be a bad idea?', 'any tips for a vegetarian or low-meat keto diet?', 'is there a such thing as vegetarian keto?']"
228,137,228_anxiety_doctor_palpitations_ekg,"['anxiety', 'doctor', 'palpitations', 'ekg', 'symptoms', 'cardiac', 'asthma', 'costochondritis', 'reflux', 'vitals']","['anorexia can cause lost of intense chest pain and heart palpitations but that doesn’t necessarily mean there is something wrong with your heart. it’s probably just that if the doctors say your heart is okay. stress and anxiety also can cause those things too. i wouldn’t be too worried about it but def recovery is the way to go if that’s possible for you. when i was in recovery my chest pain and heart palpitations decreased an insane amount, i do have chronic illnesses that causes it so it wasn’t completely gone but that’s just me. good luck <3', ""hardest part about chest pains is there's no way to know for sure whether it's serious or not unless you go to the doc. i've had chest pains that weren't serious, and i had a chest pain recently that was. had to go the hospital they found liver/heart problems from the damage i did to my body. i'm recovered now consider myself lucky. my point is- both chest pains felt the same, but one was serious and one wasn't.good luck to you, i hope you get it checked out!"", 'i had chest pain and my first thought']"
229,136,229_cheeks_chubby_chin_faces,"['cheeks', 'chubby', 'chin', 'faces', 'jawline', 'cheekbones', 'chipmunk', 'looks', 'shape', 'facial']","[""yea i hear people on here talking about wanting to lose their chubby cheeks but i have naturally really thin face and want a baby face with round cheeks, it makes you look younger - like lily chee for instance she's so cute! she's tall and thin but her face makes her look so young"", ""even when i was significantly underweight and in the hospital i had chubby cheeks and a round face and it drives me crazy. i don't know why, i don't purge, i guess it's just how my face looks but i hate it."", 'me too -- i have a very round face naturally, so even when i was at my lowest my face was still chubby. it sucks because the face is the first thing that people see.']"
230,136,230_cells_cancers_glucose_chemo,"['cells', 'cancers', 'glucose', 'chemo', 'ketogenic', 'treatments', 'ketones', 'glioblastoma', 'thrive', 'chemotherapy']","['anti-cancer diet: 25 foods that prevent cancer   foods that prevent breast cancer', ""some do, while other cancer cells thrive on ketones from what i've read - it's too simplistic to assume that 'all' cancer cells much prefer glucose, sorry. edit: research suggests that breast cancer cells feed off ketones. here's hoping i don't get breast cancer, otherwise i'll have a tough choice to make!"", 'i second this. also, i just read the cancer code book. keto might help prevent cancer, but once cancer is doing its thing, i mean, cancer will get its glucose, whether your dad eats it or it takes it from breaking down muscle. ymmv']"
231,136,231_vegetables_veggies_keto_eat,"['vegetables', 'veggies', 'keto', 'eat', 'carbs', 'foods', 'spinach', 'ketosis', 'ketogenic', 'cabbage']","[""you don't need to eat a lot of vegetables if you don't want to. in fact you do need to pay attention to how much vegetables you eat- even low carb vegetables contain some carbs. and some people eat only meat and animal products (carnivore). you can pick the version of keto that works best for you."", 'can i eat only vegetables and stay in ketosis?', 'can i still go on a keto diet if i don’t like vegetables?']"
232,135,232_rash_dermatologist_itchy_toxins,"['rash', 'dermatologist', 'itchy', 'toxins', 'rashes', 'hydrocortisone', 'hives', 'candida', 'antihistamine', 'ketones']","['an all over body rash does not sound like a typical keto rash but there is one way to find out: eat some carbs, see if it goes away. then reduce slowly rather than going cold turkey. (worked for me but i had a very mild rash on my neck and jaw.)', 'my keto rash looks exactly like this. after 4 weeks i added about 10-15 more carbs a day. the rash has gotten a lot better and i’m still losing weight and inches.', 'this is probably why my rash went away. the first two weeks into keto i had a rash all over my stomach. when i first started this diet i was crazy hungry and was snacking on a lot of cheese but by the third week i stopped being hungry all the time and went to basically omad and the rash went away in a couple of days.']"
233,135,233_fingernails_biting_toenails_paint,"['fingernails', 'biting', 'toenails', 'paint', 'manicures', 'acrylic', 'peel', 'purging', 'throat', 'hair']","['i used to bite my nails but i stopped with it and i forget how long and strong my nails actually are.. it hurts like hell', ""i've been doing intermittent fasting and i bite my nails a lot, while i'm fasting i want to know if i'm breaking my fast by biting my nails."", 'what do you do to get healthier nails?']"
234,134,234_eating_friend_disorders_sister,"['eating', 'friend', 'disorders', 'sister', 'help', 'bulimia', 'anorexia', 'talk', 'anorexic', 'support']","[""my partner has an eating disorder and i don't know how to help"", ""i don't want to give my friend an eating disorder."", 'how do i tell my s/o about my eating disorder?']"
235,133,235_water_drink_helps_metabolism,"['water', 'drink', 'helps', 'metabolism', 'hydrated', 'thirst', 'dehydrated', 'calories', '5l', 'reduce']","['has drinking more water actually helped weight loss?', 'how much water should you drink a day for weight loss?', 'does drinking more water help lose the water weight which i gained from a cheat day?']"
236,131,236_autophagy_mtor_fasts_cells,"['autophagy', 'mtor', 'fasts', 'cells', 'recycling', 'exercise', 'benefit', 'longevity', 'autophagic', 'broth']","['i also have another question. from a quick look online it seems keto can induce autophagy. so if too much autophagy is bad does that mean being in a constant state of ketosis could be bad if it leads to chronic elevated autophagy?', 'just a comment on autophagy because this is reaching levels of ridiculous. fasting is not the only stimulus for autophagy. few have any idea what autophagy even is yet just keep repeating things they hear about it.drink diet soda if you want', 'autophagy isn’t some on and off thing or the end of anything. exercise increases autophagy. it sure is curious no one talks about this. autophagy isn’t some last stage of fasting. you both sound misinformed and should probably stop arguing.']"
237,130,237_covid_symptoms_flu_pneumonia,"['covid', 'symptoms', 'flu', 'pneumonia', 'tests', 'vaccine', 'infection', 'colds', 'virus', 'immune']","[""it definitely can. i had covid in december (used to work in a grocery store and quit) so i didnt think i could get it again this soon. really hoping that it's not covid. but i'll be testing in the morning."", 'i saw in a different subreddit someone commenting about a rash on their chest wanting to know how to get rid of it. someone asked if the person had covid because the rash on their chest was a known covid related rash. have you recently had covid or currently have covid?', 'how was the bout of covid for you? like how long did it last and how severe were the symptoms? any lasting effects? i don\'t know anyone who officially had covid, but know several who think they had it about a month before it hit the news. they described it as ""the worst flu i ever had."" in one case 2 of the people were tested for flu and did not have flu.']"
238,129,238_pickles_pickled_brine_pickling,"['pickles', 'pickled', 'brine', 'pickling', 'cucumbers', 'jars', 'canning', 'vinegar', 'fermented', 'flavor']","[""i find the style/shape of the pickle i'm eating makes all the difference i can't get past the texture of the big whole pickles. i also don't like pickle chips like usually come on burgers. i love baby/mini dill whole pickles. i also like pickle spears. experiment with shapes as well as brands"", 'oh my god my thing lately is quick pickles. jar, vinegar, garlic, dill, sliced cucumber. i will stand in the kitchen and down pickle after pickle. ugh now i gotta go eat some pickles.', 'put them in your jar of pickle juice after you’ve eaten all the pickles i love doing this, and they keep for a good while (i don’t know how long they’d be good exactly, i always eat them)']"
239,128,239_adaptation_weeks_adaption_zone,"['adaptation', 'weeks', 'adaption', 'zone', 'energy', 'training', 'pace', 'glucose', 'appetite', 'switch']","['how long should it take me to get re-fat-adapted?', 'how long did it take you to get fat adapted?', 'how long did it take you to be fat adapted?']"
240,127,240_without_exercise_lose_exercising,"['without', 'exercise', 'lose', 'exercising', 'diet', 'dieting', 'gym', 'unproductiveness', 'techniques', 'excercise']","['how to lose weight in 7 days without exercise and diet', 'do you want to lose weight without diet and exercise', 'how can i lose weight without much exercise?']"
241,126,241_covid_coronavirus_keto_symptoms,"['covid', 'coronavirus', 'keto', 'symptoms', 'inflammation', 'infection', 'immune', 'covid19', 'fever', 'colds']","['i have covid- can i go off the diet?', 'can i still be on keto if i have covid?', 'week 2 in to keto i got covid']"
242,125,242_fiber_constipation_essential_microbiome,"['fiber', 'constipation', 'essential', 'microbiome', 'supplement', 'nutrient', 'intestine', 'vegetables', 'health', 'psyllium']","['fiber is a carbohydrate, and as previously stated, there are no essential carbohydrates that humans need to get from their diet. fiber is not essential. many people do better by restricting their fiber intake.', 'at what point should you take a fiber supplement?', 'if you are already getting a lot of fiber and still have digestive issues, more fiber likely won’t help (and going the other direction and reducing your fiber intake could have benefits). but in general, constipation is often best addressed by getting appropriate electrolyte intake, not by adding fiber supplements to your diet.']"
243,125,243_oil_cooking_cook_mom,"['oil', 'cooking', 'cook', 'mom', 'butter', 'uses', 'pasta', 'fried', 'grease', 'nonstick']","['why does my mom have to put oil in the food that i am cooking for myself', 'why do people have to add oil to everything!', 'does your mom also think olive oil is healthy\\...? i think part of my mother\'s total lack of inhibition with oil is because she heard olive oil was good for you compared to other oils and, like many women of her generation, decided that there was literally no such thing as too much olive oil. it makes for some damn tasty dishes but it leaves a film\\edit: not to imply that olive oil isn\'t healthy, but in the ""if it\'s healthy/good for you it couldn\'t possibly cause weight gain, right?"" way.']"
244,125,244_renew_dmv_passport_lie,"['renew', 'dmv', 'passport', 'lie', 'states', 'hair', 'security', 'face', 'updated', 'listed']","['i used to hate seeing my driver’s license. no i kind of like it.', 'i added 10 lbs to my driver’s license weight', ""just saw my old weight on my driver's license""]"
245,124,245_flair_mobile_desktop_dots,"['flair', 'mobile', 'desktop', 'dots', 'sidebar', 'change', 'app', 'profile', 'stats', 'menu']","['sure-- on mobile, i believe there are 3 dots or lines in the upper corner of the screen, you tap those and you should see an ""edit flair"" as an option. on desktop, in the right hand sidebar, look for your username right under where you subscribe to a sub. there\'s a little box where you can check ""show my flair"", and the word ""edit"". sw is start weight, cw is current weight, goal is self- explanatory ). it also helps to put your gender and age, so when others see your flair they know whether they can compare their progress to yours.', 'on desktop, it\'s on the right sidebar where your username is, it says ""edit flair"". on mobile, look for 3 dots or lines in the upper right corner, tap that, and choose ""edit flair"" )', 'to add a flair on desktop, in the right sidebar you\'ll see ""edit flair"" near your username. on mobile, tap the three dots in the upper right corner and you should see an option to add or edit flair )']"
246,123,246_appetite_suppressants_phentermine_caffeine,"['appetite', 'suppressants', 'phentermine', 'caffeine', 'reduce', 'ephedrine', 'prescribed', 'supplements', 'medications', 'vyvanse']","['any over the counter appetite suppressants that actually work?', 'what are some of the best appetite suppressants?', 'is there any way to get appetite suppressants if you’re healthy weight']"
247,121,247_allergy_allergic_histamines_allergist,"['allergy', 'allergic', 'histamines', 'allergist', 'hives', 'allergens', 'anaphylactic', 'allergen', 'sensitivities', 'urticaria']","[""histamine intolerance makes me feel tired after eating food with histamine. the bacon yogurt you ate contains histamine.quick dirty test: take 2-3 tbsp of soy sauce (also rich in histamine). tired? you've found the cause."", 'i have a histamine intolerance that manifests similarly. i didn’t know i had it until i went keto since keto is typically a very high histamine diet. high histamine foods are things like avocados, olives, pickles, protein in general. coffee is high histamine. if you have trouble metabolizing histamine, you fill up your “histamine bucket” and have symptoms. maybe worth looking into? i’ve found success with reducing my high histamine food intake.', ""this sounds like you might have histamine intolerance. here's link to foods that are high/low in histamine. it might be worth trying a low histamine diet to see how your body responds to it.""]"
248,120,248_effects_taking_dose_medication,"['effects', 'taking', 'dose', 'medication', 'prescribed', 'nausea', 'depression', 'been', 'sideeffects', 'interactions']","[""i think it only caused me side effects (nausea included) for about the first two or three months of taking it. i don't have any added advice on how to deal with it, just know it might go away soon."", 'what where the side effects you experienced? did it cause you to lose your appetite, gain or lose weight?', ""the worst part is it actually hasn't given me any other bad side effects and i like the mental effects it was giving me before my ed started again and put me in a bad mental place. over the past like 10 years i've tried so many medications that haven't worked for me and it's exhausting thinking of trying a new one again so i'm sticking with it for now i guess""]"
249,119,249_prednisone_steroids_steroid_gain,"['prednisone', 'steroids', 'steroid', 'gain', 'doses', 'roids', 'medication', 'weeks', 'corticosteroids', 'injections']","[""prednisone can increase your appetite and cause you to retain water. if you are on a higher dose, 50-100 a day, you might find that you don't drop the water weight in the beginning but i would think you will as soon as you are off the prednisone. that is not a good reason to not start now though, better now than in a week!"", 'has anyone tried losing weight while on prednisone?', 'how fast to get back on track after prednisone?']"
250,118,250_berries_strawberries_blueberries_fruits,"['berries', 'strawberries', 'blueberries', 'fruits', 'carbs', 'macros', 'yogurt', 'sugar', 'eat', 'kiwi']","[""i had to give up berries because i can't stop eating them when i have them. strawberries are my favorite food and they are in season now but i can't eat just a couple..."", ""my wife puts out berries every morning. i make a bowl of fruit with strawberries, blueberries, blackberries, raspberries and we each split a banana. i don't worry about a little excess sugar."", 'well berries have some net carbs. so it’s not that they’re bad for you. it’s just that you gotta watch your intake. strawberries have the least amount of net carbs as far as berries go.']"
251,117,251_sweeteners_sweetener_stevia_keto,"['sweeteners', 'sweetener', 'stevia', 'keto', 'sugar', 'sucralose', 'aspartame', 'alcohols', 'maltodextrin', 'cravings']","['many of us stay away from artificial sweeteners completely because they can cause health issues. i was 100% artificial sweetener free for the first few months of keto. i then added them back in. a few weeks later and i feel like complete shit again. so, out they go. i’m back to clean eating.', 'artificial sweeteners keto (weight gain/ no fat loss)', 'people shouldn’t tell other people miss information on no artificial sweeteners. there are many that work for keto and you know when it throws you out and when you know you to okay i can’t use that lol. artificial sweeteners are a god send on keto specially sugar alcohols and stevia and many many others. do what helps you succeed and don’t always listen to others and if you think a artificial sugar will throw you out of keto and you have been in keto for a couple months don’t worry you’ll be back in ketosis probably the next day']"
252,116,252_fainting_fainted_vision_faint,"['fainting', 'fainted', 'vision', 'faint', 'concussion', 'breathing', 'hearing', 'blood', 'fainters', 'fighter']","['don’t faint and stuff :)you’re playing with fire right now. people have fainted from more, and less. be careful, it’s no fun getting a concussion from fainting due to being tragic and beautiful', 'when i pass out, i get dizzy and lightheaded, then my vision goes black and it\'s like i wake up on the floor, rather than feeling the impact of the fall, or even realize i\'m collapsing. then it\'s just like... ""well that was weird"", and nothing happens. it\'s definitely brighter before the black vision, and when i open my eyes.i hate how in movies/tv shows, passing out is really fucking dramatic and unrealistic. people don\'t need an ambulance for a little fainting, unless they\'re head landed hard on concrete or something.', ""i've only fainted once that i can remember but i've been very close a lot of times. usually, everything goes black very quickly and i'll see this little dots or stars in front of my eyes and my head starts hurting - so if i don't faint i have to sit down quickly again to stop the pain and stop everything going black. idk what the difference is there but in terms of fainting for me everything usually goes black, not white.""]"
253,116,253_glycogen_carbs_adaptation_weight,"['glycogen', 'carbs', 'adaptation', 'weight', 'gaining', 'body', 'retention', 'cho', 'fats', 'eating']","['being fat adapted has nothing to do with calories or the difference between losing or gaining weight. fat adapted is the state your body enters after it has adapted to being glycogen depleted from a steady low-carbohydrate diet, going from being a sugar-burner to being a fat-burner. once you become fat-adapted, your body can more efficiently use fat instead of carbs. people notice an increase in energy from this adaptation, particularly during endurance exercises.', ""it's all about glycogen stores. when you eat carbs, your body tries to store them for release. for every gram of carbohydrate you eat, your body needs 3.5 grams of water to hold onto it. when you deplete your glycogen stores, you're losing the water weight required to hold onto those carbs. the weight loss will slow, but you will continue to lose if you keep to the plan!"", 'you will definitely gain water weight if you go back to eating carbs. this is because carbs are stored as glycogen and glycogen contains a lot of water.no matter what foods you eat, calories matter so as long as you can continue to eat at a deficit or maintenance you should not gain weight by storing fat.']"
254,115,254_exercise_exercising_walk_gym,"['exercise', 'exercising', 'walk', 'gym', 'recovery', 'yoga', 'running', 'workout', 'movement', 'knees']","['yes! i had no problem with exercise (except not exercising enough because i was lazy) for the first years of my ed. only after i went to treatment for the first time did i develop and exercise compulsion in response to having to eat so much food. for several months after, i had a difficult time stopping myself from exercising. now, i’m 2.5 years free of compulsive exercise, but it takes so much work some days, and i almost slipped back into it a couple of months ago.', ""i never used to exercise beyond the occasional walk before my ed, i wasn't athletic and i hated sports. since my ed, i exercise all of the time and i hate my body so much. i hate looking at it, feeling it, it's so gross. but exercising actually helps my mental health and i can hop on the exercise bike and listen to music and watch tv at the same time - anything to distract myself!i wish i could stop exercising sometimes, but i know i feel worse when i do. so many try to frame it in the positive? like, for me, if i exercise, i get a latte and i get to listen to my favourite music. if i don't exercise, i don't do those things."", 'do i like exercise or does my ed?']"
255,115,255_wrong_advice_help_guidance,"['wrong', 'advice', 'help', 'guidance', 'am', 'tell', 'stuck', 'any1', 'struggling', 'angsty']","[""please help me figure out what i'm doing wrong"", 'i really need advice please ( what i am doing wrong )', 'can you please help me? i need some advice.']"
256,114,256_cramps_magnesium_cramp_cramping,"['cramps', 'magnesium', 'cramp', 'cramping', 'electrolytes', 'legs', 'supplement', 'muscle', 'calf', 'spasms']","['make sure you are getting enough sodium also. this will cause cramps. i always drink about a quarter cup of pickle juice when i start getting cramps and it helps a lot.', ""i'd try more magnesium for the leg cramps, personally. i'm not a doctor. i find i get wicked charlie horses in my calves and feet at night if i don't get enough magnesium. i myself take 800mg in magnesium supplements.it also matters what kind of magnesium it is. oxide, for instance, is great for poops but less so for muscle cramps."", ""yeah particularly with night leg cramps, i've heard lots of people credit magnesium as the thing that helped. for me, a good magnesium source took care of my night leg/feet cramps (magnesium oxide pills didn't work, but magnesium citrate powder cleared them up great).i never heard that brazil nuts were good, so thanks for sharing that.""]"
257,114,257_belt_leather_buckle_drill,"['belt', 'leather', 'buckle', 'drill', 'ratchet', 'grip6', 'punching', 'pliers', 'pants', 'notches']","['i have the same problem. i do not buy new belt, but i use power drill to hole my belt. just make sure the distance between each new holes are the same when you do.', 'had to get a new belt at work already', ""that's awesome congrats to all the people saying put a new hole, i recommend getting a new belt like a slide belt or other ratchet belt. best belts ever- especially for those losing weight.""]"
258,114,258_supplements_supplement_vitamins_keto,"['supplements', 'supplement', 'vitamins', 'keto', 'multivitamin', 'supplementing', 'supplementation', 'potassium', 'nutrient', 'deficiency']","['what supplements do people take while on keto?', ""keto supplements - what do y'all take for supplements?"", 'can i still take vitamin supplements on keto?']"
259,114,259_ketosis_pill_ketones_supplements,"['ketosis', 'pill', 'ketones', 'supplements', 'keto', 'scams', 'products', 'these', 'ketofit', 'ketone']","['those pills enhance the effect of keto diet. they are perfect when ur on a keto diet. and believe me i know best about pills cuz i tried so many and yes most of them wont make u lose weight. but these pills made my keto diet much better.', 'the pills do not put you into ketosis, carb restriction does. it only ever takes about a day to get into ketosis when you sufficiently restrict your carb intake. the pills did not cause you to lose weight.', ""then you should. weight loss pills - keto or otherwise - are simply ways of parting people from their money. you are not going to get into ketosis faster by taking pills of any kind, and you won't lose weight any faster by taking these pills either. i promise.""]"
260,113,260_gum_chewing_chew_mouth,"['gum', 'chewing', 'chew', 'mouth', 'gums', 'habit', 'swallow', 'glands', 'teeth', 'tonsil']","['i chew a half pack of gum a day', 'anyone else just chew way too much gum?!??', 'i’m “recovered” and won’t chew gum till this day. i used to have a “gum bar” in a cabinet where i liners up all different flavors of gum. chewing gum just makes me feel hungrier. in the past five years or so i’ve had gum probably less than 5 times because it reminds me of ed stuff.']"
261,113,261_phentermine_appetite_prescribed_phen,"['phentermine', 'appetite', 'prescribed', 'phen', 'phenteramine', 'insomnia', 'fenfluramine', 'topamax', 'phendimetrazine', 'qsymia']","[""not losing weight on phentermine. what am i doing wrong? :'-("", 'phentermine - how long did you take it?', 'why do you not losing weight on phentermine']"
262,113,262_breastfeeding_milk_breastfeed_feeding,"['breastfeeding', 'milk', 'breastfeed', 'feeding', 'breastfed', 'calories', 'nursed', 'produce', 'babies', 'formula']","[""for most women, it's actually harder to lose weight while breastfeeding bc the same hormones that help the body make milk (prolactin) also make it cling to fat more. i wasn't able to lose any weight while breastfeeding (twice), but it all came off and then some once i was done breastfeeding. my general advice is take it easy... having a little baby is already plenty stressful, you don't need to add worrying about weight loss on top of it."", ""if you're tracking calories too, what i found helpful for weight loss while breastfeeding was to just eat at maintenance or only a little under and let breastfeeding and walks with the baby do rest, i lost a ton of weight this way. keeping fluids up was the most important thing for me supply-wise."", ""hey i'm post partum 12 weeks now and still breastfeeding while trying to diet. it's not recommended to diet the first 6 weeks postpartum especially while breastfeeding because you need the calories to build a milk supply. with breastfeeding you will burn an extra 400 to 500 calories a day which is a diet in itself. good luck and congrats!""]"
263,112,263_binge_binging_healthy_meals,"['binge', 'binging', 'healthy', 'meals', 'eat', 'binges', 'control', 'craving', 'bingeing', 'snacking']","['i disagree with the volume eating. that won\'t break the binging habit. i, too, struggle with binging. what works for me is keeping trigger foods out of my house (pretty much anything processed). i ""binge"" on grapes, raspberries, etc. but its not really binging because i get sick of them and stop eating. if im craving something like chocolate or ice cream, i make a special trip to the store. i buy one candy bar. i buy one gatorade. i buy one halo top pint. this way you aren\'t depriving yourself, but you have to really make an effort to get the bad foods. and there\'s nothing at home to binge on', 'if you’re able, don’t keep the food that you binge on around! buy fruit or healthy swaps instead. that way, if you go to binge, you’ll have to eat something more healthy instead. but if you’re having real issues with binging, you should talk with your doctor and they can help you.', ""make it more difficult to binge. don't keep binge foods in your house. if you want to eat binge food, you have to get up and go to the supermarket to buy it. buy one serving of your binge food and eat it at home. if you want more you have to make another trip to the supermarket. usually your laziness is stronger than your desire to binge. make binging as difficult and unattractive as possible.""]"
264,111,264_tea_teas_metabolism_caffeine,"['tea', 'teas', 'metabolism', 'caffeine', 'detox', 'antioxidants', 'diuretic', 'benefits', 'bloating', 'placebo']","['well most tea are good all of them have benefits but the most popular is green tea. if you drink green tea before your workouts, it helps cut more calories when you workout and let you have more energy.theres also many types (herbal tea,chinese tea,bukwheat tea, etc)there are tons. but check the sugar levels and things too. sometimes it says its “green tea” but really most of it is sugar.', 'how many calories does green tea burn ?', 'how to drink green tea for weight loss?']"
265,111,265_ketoacidosis_dka_diabetic_ketones,"['ketoacidosis', 'dka', 'diabetic', 'ketones', 'ketosis', 'acidic', 'glucose', 'diabetes', 'liver', 'untreated']","['unless you are type 1 diabetic - you do not need to worry about diabetic ketoacidosis. unless you starve for month or longer - you do not need to worry about starvation ketoacidosis. unless you drink a bottle of rum every day - you do not need to worry about alcoholic ketoacidosis. diabetic ketoacidosis (the most common one) happens only to poorly managed (insufficient insulin dosage) t1 diabetics. if you are a t1 and your blood glucose exceed 300 and your blood ketones are above 5 - have somebody drive you to emergency room', ""last night i did keto i have no idea why i find this hilarious. did you have a carb-fest in the morning and decided to eat bacon before bed? how does one do keto at night?x200b;you are not in ketoacidosis. first, only diabetics go into ketoacidosis. second, assuming you are new to the diet because you mentioned adapting, by limiting your carbs you limit your body's glucose supply. this prevents ketoacidosis, as you must have hyperglycemia in order to go into/stay in ketoacidosis. third, ketosis is not ketoacidosis. ketosis lets you run off ketones (i.e. fat) while ketoacidosis can kill you because your body is conflicted on its fuel source."", 'ketoacidosis - when do i start to worry?']"
266,110,266_beef_organic_cattle_meat,"['beef', 'organic', 'cattle', 'meat', 'pastured', 'feed', 'humane', 'pork', 'farm', 'nutritional']","['if beef affects you, don’t eat it. few people have negative reactions to beef, some do. you can’t buy grass fed poultry. it’s pastured not grass fed. also, grass fed is not required.', 'grass-fed with pellets, and then finished on corn (traditional beef) is not the same as grass-fed/finished at pasture.grass fed/finished is not the same as grass-fed. you have to learn the industry jargon to know what you’re getting.grass-fed/finished is usually hormone and antibiotic-free as well.', 'just be aware that most grass fed beef is really grass finished and the difference in omega 3 vs 6 will be minimal. check with local csa’s for grass fed and organic beef.']"
267,110,267_workout_creatine_workouts_preworkouts,"['workout', 'creatine', 'workouts', 'preworkouts', 'amino', 'lifting', 'boost', 'supplements', 'caffine', 'citruline']","['caffeine pre workout and creatine on a daily basis are all you really need.if you want to shell out $30+ for pre workouts, go for it but know that it’s really not doing anything for you beyond the caffeine contents', ""caffeine isn't the only thing to look for in preworkout mixes, and 135mg of caffeine is a good dose if you aren't tolerant to it's effects. what else was in the c4? my guess is it had beta-alanine which can make you feel tingly. some have creatine, which can give you more energy too"", ""i mean there's more to pre workout besides caffeine. no amount of fat adaptation will be able to make up from the performance benefits of beta alanine and caffeine, or give you the pump that l citruline and glycerol can provide. also, c4 is a dog shit pre workout and i wouldn't recommend anyone to take it.""]"
268,110,268_detox_toxins_cleanse_detoxes,"['detox', 'toxins', 'cleanse', 'detoxes', 'detoxify', 'toxin', 'detoxifying', 'detoxification', 'scams', 'detoxifier']","['all products that advertise a cleanse or detox are scams. your body gets rid of toxins through the liver and kidneys. lose weight by having a caloric deficit. there is no other way.', 'every detox product is lying about the detox partif you have functioning organs, your body will get rid of toxins by itself detox products do not get rid of any toxins these products will not help if your liver/kidneys are failing', 'is there a way to do keto but also detox toxins?']"
269,107,269_variety_every_meals_foods,"['variety', 'every', 'meals', 'foods', 'rotation', 'switch', 'repetitive', 'ham', 'broccoli', 'tomatoes']","['i eat the same exact thing every day', 'like i want to eat more variety and stop eating the same thing over and over', 'can i eat the same thing every day?']"
270,107,270_keto_cook_meals_foods,"['keto', 'cook', 'meals', 'foods', 'recipes', 'carb', 'simple', 'chicken', 'eat', 'bread']","['i understand being a creature of habit. but my best advice to you is to explore new recipes. eat different foods. more variety. having your go to dishes is fine but find new keto friendly foods to ensure you get all the vitamins you need. eat as much green veggies as you can with any meal. good luck.', 'just eat what you did before, but instead of rice or pasta, green veggies. instead of desserts, cheeses. instead of chips, moon cheese and pickles. instead of potatoes, cauliflower. instead of cereal, eggs. instead of beans, more meat or sweet peppers. instead of most fruits, small amount of berries or nuts. there\'s also a wide variety of recipes for fancier ""substitutes"" so you can make keto versions of the things you miss or even get a lot of prepackaged things that\'ll hit the spot. use the calculator to get your macros and use a food tracking app to track calories and net grams of carbs (at or below 20) and protein (at or above the calculator grams) and keep the fat as low as let\'s you stay full.', ""personally, i'd focus on making sure i'm satisfied with my meals - make sure you're getting good quality proteins supplemented with fat for satiation first. avoid feeding your sweet tooth for a while - even with keto friendly substittions or snacks.you'll find over time that the keto friendly substitutes only feed the cravings plus don't satisfy you the way the old foods did. i'd also emphasize meals over snacks where possible. if you have to have something sweet, don't go hog wild with complicated desserts or things like fat bombs. some heavy whipping cream, cocoa powder and a granulated keto sweetener whipped up then frozen for a few minutes, or a few squares of lily's chocolate (not the whole bar) are simple, satisfying and don't take much effort.""]"
271,106,271_testosterone_estrogen_hcg_hormones,"['testosterone', 'estrogen', 'hcg', 'hormones', 'hormone', 'supplements', 'hrt', 'menopause', 'tellogens', 'testesterone']","['what if i took testosterone pills as a way to burn fat??', 'my dad actually has low testosterone and uses a testosterone patch. i’m sure he could have passed that on to me.i’ll definitely ask about it next time i get a check up. thanks so much!', 'do you need to increase your calorie intake on testosterone?']"
272,104,272_genetics_skinny_genetic_obesity,"['genetics', 'skinny', 'genetic', 'obesity', 'obese', 'genes', 'eats', 'appetite', 'bmi', 'fat']","[""by naturally skinny, do you mean people who are naturally underweight or normal weight category? i'm not skinny anymore but i've never been overweight either. i think eating the same thing everyday helps. the skinny people that i know either don't feel like eating much or they have like one big meal a day."", '""naturally"" thin people don\'t exist, just like no one is ""naturally"" overweight. there\'s very little evidence to suggest that genetics are a significant factor to ones size. (genetics may account for 5-15lbs, but that\'s not significant, in my eyes.) it is simply cico. someone ""naturally"" thin actually has sporadic eating habits and/or has a lower appetite. the people you\'re looking at probably don\'t eat like that all of the time, or they\'re very active, or both.', 'so genetics definitely play a big part of being “naturally” anything. it is true that some people will just naturally be more skinny, even at higher body fat %, but that doesn’t mean you can’t look good and be skinny, it just means it will be more difficult for you. genetics are unfortunately unfair in that regard.']"
273,103,273_dietitian_dietician_nutritionist_dieticians,"['dietitian', 'dietician', 'nutritionist', 'dieticians', 'dietitians', 'she', 'nutrition', 'appointments', 'help', 'doctor']","['i’ve seen a dietitian during a couple of periods in my life and found it very helpful. when i was 25, i saw a dietitian who helped me learn how i should be eating. i really didn’t know that much about nutrition at that point, and she was very helpful. now that i know what i should be eating, seeing a dietitian is helpful for accountability and also for suggestions. if i’m struggling with hunger in the afternoon, for example, it’s been helpful to get input on what i should change to help with that. (i’m 46f, btw, and i’ve struggled with my weight my whole life.)', 'just saw a dietitian for the first time', 'is going to a nutritionist or dietitian worth it?']"
274,102,274_mayo_mayonnaise_oils_vinegar,"['mayo', 'mayonnaise', 'oils', 'vinegar', 'mustard', 'yolk', 'emulsion', 'make', 'tastes', 'mayos']","['buzzword advertising.worked in this case for sure.pure olive oil mayo is the best.i have coconut mayo and avocado mayo in my fridge if you want them.i make my own olive oil mayo now and for a treat i make mayo out of bacon fat.baconnaise yes it is that good. bacon bits included.', 'when you use mayo, because it has oil, do you also use a cooking oil? (i also may need to home make some mayo, my store bought has too much canola oil in it)', 'avocado mayo and olive oil mayo both have issues in taste and texture for me. but since i limit mayo to 2 servings a week in general i figure if i have to eat commercial i can.']"
275,100,275_psychedelics_shrooms_lsd_ayahuasca,"['psychedelics', 'shrooms', 'lsd', 'ayahuasca', 'dysmorphia', 'mushrooms', 'trips', 'psychosis', 'psilocybin', 'microdosing']","[""anyone who doses people with psychedelics without their knowledge is seriously fucked up sorry but as a regular user of lsd i can't tolerate that. a lot of people just cannot and should not handle psychedelics and forcing them on people this way is somewhat akin to a mind rape."", 'what psychedelics did you do? i’m intrigued by how others react to psychs, for me personally i felt that shrooms helped me see who i really was without any dysmorphia, but acid made me feel like a hideous creature lol', 'usually i don’t care what i look like on psychedelics but last week i took shrooms (definitely not my first time) and i hated my body. it really made me look/feel much fatter than i normally do, and it wasn’t even very negative it was just like oh ewww why do i look like that. i don’t find myself to be that level of fat/ugly when i’m sober and have never had an experience like that before on psychedelics. it didn’t cause me to have a bad trip thank goddess, but maybe i shouldn’t stand naked and examine my body in front of a full lenh mirror on mind altering substances']"
276,100,276_dizzy_dizziness_lightheaded_faint,"['dizzy', 'dizziness', 'lightheaded', 'faint', 'dehydration', 'headedness', 'anemia', 'bp', 'doctor', 'pots']","['hard time drinking water and feeling dizzy 24/7', ""i'm stuck in this cycle of being dizzy-- not drinking so i don't have to get up to pee-- being more dizzy-- drinking a shit ton-- getting up a lot-- being dizzy..."", 'why do i feel dizzy when i eat less?']"
277,100,277_blood_red_vomit_vomiting,"['blood', 'red', 'vomit', 'vomiting', 'esophagus', 'purging', 'doctor', 'myoglobin', 'stomach', 'emergency']","[""blood when purging is often, but not always from your throat. small amounts tend to be from scraping your throat, large amounts can be a sign that you've torn your esophagus. less common, but still possible, is blood from elsewhere in your gi system (stomach, small intestines). although purging small amounts of blood could very well be from a small scrape in your throat and nothing serious, there's usually no way to be sure, which makes it dangerous. some info about mallory-weiss tears (which can cause either bright red blood or darker blood) and  a list of things to watch for in the future. if you ever throw up straight blood, that's potentially an emergency and you should call your doctor/911 immediately."", 'if it’s bright red you probably just scratched your throat, if it’s dark or looks like coffee grounds it could be internal. you should probably get looked at by a doctor either way just to make sure it’s nothing serious', ""was it bright or dark red/brown? bright doesn't always mean you're good, but if it was bright, you likely just scratched your throat. if it was dark or looked kinda like coffee grounds, its possibly internal bleeding, meaning you should go to the er. and you didn't consume anything red?""]"
278,99,278_cook_keto_pasta_dish,"['cook', 'keto', 'pasta', 'dish', 'meal', 'family', 'dinners', 'veggie', 'cooking', 'carb']","['when i started keto, it was just me, so pasta, rice, of sweet potato for my wife and 4 year old and we all eat meat and veggies. that lasted a week since they weren’t eating the starch sides. my wife slowly cut down on her carbs and is also doing keto now. the 4 year old we do not limit or restrict what she eats. aside from keto meals and snacks she eats a lot of fruit and occasionally crackers or sweets. we don’t limit what she gets outside the home.', ""pretty much this exactly. we have a 3 person household and all different diets. i have started keto, one does generic low carb, and my boyfriend doesn't restrict at all. when we all eat together it is the same meat and veggies, but my boyfriend will usually make some type of side dish like rice or cook some pasta if its something that can go over pasta. if you are not the one cooking and the person cooking likes to make foods that you cant just separate meat and veggies from (something like a casserole), i would suggest keeping some frozen burgers on hand to cook up for yourself."", ""my husband does not do keto. when i cook, he eats the meat and vegetables i make, but he also sometimes makes himself a pot of rice or a baked potato or something. he's perfectly fine without the extra carby side, he just thinks it needs to be there because that's how he's always eaten.if you really feel you need the carbs, just make a keto-friendly meal for both of you, and add the rice/potato/pasta for yourself.""]"
279,98,279_vacations_gain_trip_walking,"['vacations', 'gain', 'trip', 'walking', 'back', 'travel', 'walk', 'vaca', 'museums', 'activities']","['how do loose what i gained over vacation', 'why do i only lose weight on vacation?', 'is it best to restrict or just eat normally before going on vacation? + will i gain fat from 1 week of vacation?']"
280,98,280_ballet_dance_dancer_dancers,"['ballet', 'dance', 'dancer', 'dancers', 'ballerina', 'ballerinas', 'gymnastics', 'classes', 'pointe', 'sport']","['i did ballet for like a year when i was 7 and gave up.then years later when i was like 14 my sister said “dude you should’ve stuck with ballet, you would’ve been skinny”.and now i literally can’t handle even thinking about ballerinas haha.', 'that is so triggering to me. i grew up and was in ballet - thankfully i pulled out of the classes before i got too endowed. that said, a lot of my friends from ballet had developed extreme eating disorders to the point where they would not eat and do ballet training for 5+ hour a \\day\\... very very sad.', ""yeah! i didn't appreciate ballet as much when i was in it because i was so young, but i so wish to do it again :') from what i've heard from other comments, there's classes people have been to that have been less competitive and more so focused on just ballet. i think i'd like to find a class like that because i literally loved ballet :)""]"
281,98,281_military_army_basic_recruiters,"['military', 'army', 'basic', 'recruiters', 'training', 'marine', 'bootcamp', 'enlisting', 'situps', 'uniforms']","['you are 15 and still growing, so it’s difficult to give you advice on the internet without knowing you personally. if your commitment to the army is firm, you might consider contacting the local army recruiter and asking for help. it’s not an official service of army recruiters, but some will help potential recruits lose weight to meet specs. be prepared to accept rejection though; the recruiter may decline.', 'i wanna join the military, but i’m terrified of the fitness aspect. how do i get boot camp ready?', ""i wish the us military had a boot camp program that was like a pre-basic training program where you aren't required to join the military to be in it, but it would provide a way for those interested in getting healthy, the necessary equipment, planning and routine, to do so.military numbers are way down right now, because a lot of people cannot meet the weight requirements. this would allow people to get fit, and since the military was the one who helped, that would incentivize people to join the military for real afterwards. obviously you wouldn't get everyone on board, would help to solve multiple issues at the same time.""]"
282,98,282_quarantine_quarantining_pandemic_quarantined,"['quarantine', 'quarantining', 'pandemic', 'quarantined', 'isolation', 'covid', 'house', 'panic', 'leave', 'england']","['how are you doing? thinking of y’all during quarantine!', 'this has been all my days in quarantine:', 'i think this quarantine thing might be a good thing']"
283,97,283_psyllium_metamucil_fiber_capsules,"['psyllium', 'metamucil', 'fiber', 'capsules', 'flax', 'gluten', 'recipes', 'gel', 'thicken', 'supplement']","['how long after a meal should i wait to take psyllium husk?', 'i bought psyllium seeds because it was listed as a good soluble fiber source by fda. however, all recipes use psyllium ""husk"". does anyone know how to use or how to cook ""psyllium seeds"" and not ""psyllium husk""?thanks!', 'is it okay to take psyllium husk daily?']"
284,96,284_oils_vegetable_soybean_fats,"['oils', 'vegetable', 'soybean', 'fats', 'keto', 'ketosis', 'polyunsaturated', 'cooking', 'avocado', 'inflammation']","['i don’t consume any artificial trans fats or processed seed and vegetable oils. that’s a personal choice not related to keto. keto or not, i don’t eat foods fried in canola oil. you have to decide what’s important to you.', 'if you\'re a t2 and on keto, probably best to avoid seed and soybean oils.everyone should avoid seed oils, period.x200b;vegetable oil - this stuff is 100% soybean oil. not sure why it\'s called ""vegetable oil.""not to be pedantic, but lots of different kinds of oil are referred to as vegetable oil - palm, soybean, rapeseed, sunflower, peanut, etc. all are absolutely packed with omega-6 (some more than others) and are supremely unhealthy for humans.', ""it shouldn't impact your progress. i avoid seed oils and plant oils because they are inflammatory for me.there are plenty of very successful keto people who eat seed and plant oils, so you will be fine ;-).""]"
285,95,285_count_fruits_veg_vegetables,"['count', 'fruits', 'veg', 'vegetables', 'calorie', 'starchy', 'log', 'berries', 'blueberries', 'communion']","['do you guys count calories from fruit or no?', ""i dont count vegetables but i count fruit. i feel like if i started counting the calories in fucking spinach i'd go over my cal count way quicker and i'm just not ready for that."", 'is it ok to not count the calories of fruits and veggies?']"
286,94,286_sedentary_activity_hours_walking,"['sedentary', 'activity', 'hours', 'walking', 'exercise', 'week', 'elliptical', 'thumb', 'gym', '168']","['it\'s just a rule of thumb to not use ""active"" instead of ""sedentary"" unless you work 8 hours a day in construction or something. even people who work out 3-5 times a week keep it on sedentary. you do you, you asked for advice and i gave you as best as i could to help you out.', 'with the activity you do i would put it in lightly active , some may tell you to choose sedentary since knowing how many calories you burn by moving throughout the day is unreliable, but you definitely wouldnt fit in the sedentary category', 'there is no objective way to define how active your lifestyle is. sedentary is like a desk job with no exercise. it sounds like you have a slightly/lightly active lifestyle, not completely sedentary, but no vigorous exercise/greater than casual physical activity at work (like a waitress/waiter). even if you go to the gym a few days a week that may hug the line between lightly active and active. active would be like a waitress/waiter who goes to the gym 5 days a week. very active is a construction worker. x200b;hopefully that gives you an idea']"
287,94,287_ads_settings_youtube_chrome,"['ads', 'settings', 'youtube', 'chrome', 'ublock', 'apps', 'fingerprinting', 'preferences', 'uncheck', 'blockbuster']","['i hate the consciousness mirroring ads too. it\'s actually quite easy to eliminate most of them, or set it up so ads are \'generic\' (to continue supporting content producers). google ""how to stop ad tracking"" or ""how to get rid of ads"".', ""i have personal ads turned off everywhere- i get fasting app ads here on this subreddit especially, whenever i watch alr videos i get atkins and noom ads. if they don't know who you are they cater it to the content you are consuming."", ""i keep on getting fasting app and keto diet ads. isn't there any way to get them to stop???""]"
288,94,288_fainted_fell_floor_ambulance,"['fainted', 'fell', 'floor', 'ambulance', 'faint', 'class', 'passing', 'embarrassed', 'concussion', 'fainting']","['i just told my friend i fainted and i’m so scared she’ll tell someone else', 'i just fainted (and fell and passed out) for the first time and i’m terrified', 'i just fainted literally right in front of my mom']"
289,93,289_caffeine_coffee_decaf_keto,"['caffeine', 'coffee', 'decaf', 'keto', 'drink', 'withdrawal', 'sensitivity', 'tea', 'effects', 'electrolytes']","['can keto make going back to caffeine worse?', ""i have been very sensitive to caffeine since doing keto. if i drink a cup of green tea with dinner, i'll be up all night; i used to drink coffee before bed and have no problems sleeping. also, i stopped drinking coffee every single day.since starting keto, have you cut caffeine also? my energy levels plummeted for a bit until my body got used to the lack of caffeine. between tea, coffee, and soda... it was a lot of caffeine to cut out. i didn't cut it out on purpose, i just found myself wanting water more and coffee, tea less."", ""does anyone feel the effects of caffeine more? like it seems when i don't eat and just do coffee in the morning i feel the caffeine a lot more. which makes sense. but i've never felt caffeine effects before starting keto, so it's weird feeling.""]"
290,93,290_breakfast_omelet_foods_salad,"['breakfast', 'omelet', 'foods', 'salad', 'bacon', 'eat', 'breakfasts', 'leftovers', 'oatmeal', 'cheeseburger']","['can someone recommend me breakfast?! i don’t know what to eat.', 'i eat hard boiled eggs as snacks, but not typically for breakfast. honestly i eat the same things at breakfast that i do for any other meal. there\'s no ""breakfast"" foods in my opinion, just marketing campaigns that food companies have done over the years. or i skip breakfast, since i\'m never really hungry for it.', 'breakfast ideas for someone that doesn’t eat breakfast?']"
291,91,291_snacks_snack_popcorn_pickles,"['snacks', 'snack', 'popcorn', 'pickles', 'almonds', 'cakes', 'blueberries', 'jam', 'macadamia', 'salami']","['some fruit is more sugary than others and the fiber makes it a good snack. for something a little bigger i go for an apple with a table spoon of peanut butter, but for a low calorie snack self popped popcorn (or popcorn without a lot of extra ingredients). skinny pop is a go to for me.', 'pork rinds are a great snack. cheese, sting or babybel. hard boiled eggs are also great to snack as well. deli meats are good to try, but watch out for some with high sodium. hope this helps.', ""if you do a search of the subreddit you'll find all kinds of snack lists. :)a lot of people here don't snack at all, but personally i like almonds, peanuts, olives, deli meat, the occasional protein bar, high-quality pork rinds, whisps or other cheese crisps, sunflower seeds, string cheese, a piece of cold bacon, a can of chicken mixed with buffalo sauce, hard boiled eggs, or veggies cut up with ranch dip. honestly anything can be a snack if you just control your portion size. )""]"
292,91,292_recipes_meals_week_faq,"['recipes', 'meals', 'week', 'faq', 'list', 'planning', 'follow', 'groceries', 'beginner', 'advice']","['could anyone post their meal plan to help me out?', 'can someone please help me with a meal plan?', 'need some advice on a new meal plan?']"
293,91,293_results_difference_notice_changes,"['results', 'difference', 'notice', 'changes', 'long', 'months', 'improvement', 'consistency', 'significantlyeaisier', 'started']","['about how long will it take to see results?', 'how long did it take for you to see results?', 'how long did it take you to see results?']"
294,91,294_insulin_storage_fat_glucose,"['insulin', 'storage', 'fat', 'glucose', 'diabetics', 'cells', 'diabetes', 'gain', 'hormone', 'lipolysis']","[""insulin resistance and insulin sensitivity are two sides of the same coin; you want to be insulin sensitive rather than insulin resistance.here's the bad part of insulin resistance:fat accumulates in the liver (nafld)fat in the liver results in constant glucose creation by the liverunwanted glucose leads to constant elevated insulin (hyperinsulinemia) and full glycogen stores. full glycogen stores means more dietary glucose is converted to fat. constant elevated insulin makes it hard to effectively burn fat. this makes the nsfld worse. it also results in elevated triglycerides because the body can't burn fat to get rid of all the fat that's lying around. it also messes around with hunger through leptin resistance."", 'insulin is necessary to convert glucose to fat. without insulin you can’t really gain weight from carbohydrates. but that’s ok because everytime your body eats carbs it releases insulin.you can digest and store fat for later completely without insulin, and your body doesn’t release any when you eat fat alone, because it is not needed. but don’t be fooled you can store fat from food as weight gain completely without insulin', ""yes, insulin reduces glucose levels. insulin also blocks fat from leaving fat cells. you are missing the point. i'm not concerned about blood glucose levels. i'm talking about insulin. if someone is trying to lose fat, they will want to lower their insulin.""]"
295,91,295_astrology_pisces_virgo_gemini,"['astrology', 'pisces', 'virgo', 'gemini', 'scorpio', 'saturn', 'zodiac', 'astrologers', 'tauruses', 'horoscopes']","['right, so does any other taurus get constantly triggered by astrology memes?', 'it made me feel so ashamed and embarrassed as a child when those astrology memes would come out and the taurus placement was always the fat/lazy/ character and always thought it made people think i was fat and lazy. i’m not really into astrology but i feel much better about being a taurus then i used to.', 'omg yes i remember i got into astrology as coping mechanism when i was in the worst of anorexia and i remember looking at all the memes that were like ""uwu taurus are self-care queens give them cake and they\'ll love you forever foodfoodfoodfood"" and it would always make me laugh. once i recovered though i finally became a full on, spot on, taurus stereotype (i mean i am also a taurus moon and a pisces rising so it makes a lot of sense)']"
296,91,296_podcast_gardening_joe_rogan,"['podcast', 'gardening', 'joe', 'rogan', 'dr', 'topics', 'jordan', 'nutritionfacts', 'health', 'solar']","['looking for podcast related to eating and/or running. anything you would recommend?', 'podcasts have been huge for me too i recommend the obesity code podcast (no longer making new episodes, but so inspirational), and the 2 keto dudes podcast. best of luck with your journey', 'i tried so hard, but the podcast got me.']"
297,90,297_posts_topic_farewell_resume,"['posts', 'topic', 'farewell', 'resume', 'community', 'support', 'diets', 'subreddit', 'stop', 'daily']","['rule 2: stay on topic. off topic posts include: cheat posts, posts about other diets/others that are not eating keto, ""farewell"" posts, posts asking how to stop keto and resume a ""normal"" diet, etc. why no cheat posts? in addition to being off-topic, cheat posts are specifically against the rules of this subreddit because they are negative, defeatist, and can serve as a trigger to those who are struggling.off topic discussions will only be allowed in the daily community support thread.cheat if you want, but please do not create a post about it.', 'rule 2: stay on topic. off topic posts include: cheat posts, posts about other diets/others that are not eating keto, ""farewell"" posts, posts asking how to stop keto and resume a ""normal"" diet, etc. why no cheat posts? in addition to being off-topic, cheat posts are specifically against the rules of this subreddit because they can serve as a trigger to those who are struggling.off topic discussions will only be allowed in the daily community support thread.', 'r/keto cannot tell you how to eat not-keto. rule 2: stay on topic. off topic posts include: cheat posts, posts about other diets/others that are not eating keto, ""farewell"" posts, posts asking how to stop keto and resume a ""normal"" diet, etc. why no cheat posts? in addition to being off-topic, cheat posts are specifically against the rules of this subreddit because they are negative, defeatist, and can serve as a trigger to those who are struggling.off topic discussions will only be allowed in the daily community support thread.']"
298,89,298_fatigue_anemia_chronic_liver,"['fatigue', 'anemia', 'chronic', 'liver', 'fingernails', 'osteoporosis', 'headaches', 'breathing', 'legs', 'depression']","['currently: a few years of amenorrhea, pelvic floor muscle issues/incontinence (sometimes i pee a little if i drink too much liquids, especially caffeinate), probably liver damage, ibs, low blood pressure, anemic, poor circulation in hands and feet, bad dark circles, insomnia, brain fog, general fatigueat my worst: everything above + fainting, episodes of low blood sugar, hair loss, brittle nails, bruising, charlie horses in the middle of the night/early morning', 'numbness in your hands and feet and weird times (trying to fall asleep) chest and breathing problems. constipation, diarrhea, cold/flu symptoms. muscle aches, muscle stiffness, headaches, fatigue, brittle fingernails, thinning hair, stomach cramps when trying to eat. low nutrient levels, insomnia, anxiety, shortness of breath, trembling and tremors, you can have seizures.', 'ibs, gastroparesis, severe constipation, fatigue, low heart rate, blue hands and feet, feeling cold all the time no matter what, lots of hair loss, dizziness, my whole body being in pain all the time, depression and anxiety... just to mention some']"
299,89,299_male_old_weigh_lbs,"['male', 'old', 'weigh', 'lbs', '11', 'advice', '90kg', 'stone', '170', 'hi']","['16 y/o male/ 5’7 and 150 lbs. what should i do?', ""so i'm a pretty chubby 16 year old male."", 'i am 16 year old male, i weigh 200lbs']"
300,89,300_teeth_dental_gums_cavities,"['teeth', 'dental', 'gums', 'cavities', 'hygienist', 'bacteria', 'flossing', 'hygiene', 'brushing', 'gum']","[""i mean - many on keto have had the same results. not having carbs in your mouth all the time, turns out bacteria hate that haha. i had a period where i didn't have tooth cleaning for 2 years, about half of which was on keto and my dentist was shocked that my teeth and mouth were in such good condition"", ""i would say that my teeth are less sensitive on keto/low carb, the biggest difference is less plaque and it's easier to clean my teeth. the downside is that i know this so i don't use floss as often as i should; my teeth are spaced tightly together as i opted to not get braces when i was a kid (i thought i was smarter than my dentist)."", 'i noticed huge improvement in my teeth. before keto i had sensitive teeth that did hurt eating anything cold, hot, sweet, sour. my gums were bleeding when brushing or even when taking a bite from an apple. after few months on keto the sensitivity has gone away. bleeding has gone away. i am using xylitol as sweetener and i am using it also before going to bed after brushing my teeth. before keto i could feel buildup on my teeth, in keto no build up. i did not need a single dental appointment in the 5 years i am on keto.']"
301,87,301_trans_dysphoria_gender_feminine,"['trans', 'dysphoria', 'gender', 'feminine', 'androgynous', 'sexuality', 'masculine', 'nonbinary', 'identity', 'spaces']","['having gender dysphoria and an ed is the worst', ""hi, i'm afab non-binary and i can relate to gender dysphoria body dysmorphia going hand in hand. i'm sorry you're struggling w this wish i had advice.i feel like being trans makes my ed worse b/c the ed lies and tells me if i do x behavior, i'll be more valid in my gender expression. makes no sense, but that's ed logic for ya"", ""(for trans folks) does anyone's ed cross over with their gender dysphoria?""]"
302,87,302_relapse_relapsed_recovery_relapses,"['relapse', 'relapsed', 'recovery', 'relapses', 'years', 'relapsing', 'gaining', 'healthily', 'therapy', 'remission']","['what is your experience with losing weight in a relapse, is it harder than it used to be?', 'not gaining weight in recovery while eating whatever my heart wants makes me want to relapse', 'fuck. i’m in recovery but now i lost weight and i want to relapse']"
303,87,303_bruises_bruising_bruise_iron,"['bruises', 'bruising', 'bruise', 'iron', 'heal', 'anemic', 'warfarin', 'blood', 'vitamins', 'cuts']","['since my ed i bruise a lot easier and now i love when my bf gives me bruises, it’s not even a sexual thing but i just love finding bruises on myself and find it aesthetically pleasingjust an edit: my boyfriend does not abuse me! we occasionally bite each other as a joke but other than that he literally touches and i bruise', ""if you're developing bruises without any actual trauma to the area, you might have a blood clotting disorder. i'd recommend going to see a physician and alerting them to the fact that you bruise easily and without actually hitting things. taking iron theoretically shouldn't decrease bruises because anemia doesn't increase your risk for bruising -- so my money's on something else is going on with you. mineral deficiency, like others have pointed out, makes more sense than an iron deficiency."", 'i’ve always been iron deficient but never took it seriously (lmao oops) until 2 summers ago. the bruises covered my arms and legs for no reason. i wasn’t bumping into things or having injuries and i looked like a car crash victim. got put on an iron supplement, bruises went away. like, even most of the time when i would whack my knee off some thing pretty hard, i would rarely end up with a bruise.i’ve been slacking a bit these last few months cuz depression, and the bruises are coming back. i bumped my ankle 2 weeks ago— nothing even that substantial— and had a massive contusion that is still a very noticeable green/yellow/purple bruise.']"
304,86,304_tw_satisfied_reaching_ulw,"['tw', 'satisfied', 'reaching', 'ulw', 'endgoal', 'goosey', 'die', 'gw1', 'genie', 'gws']","['i’ve heard that hitting gw/ugw isn’t the happiness you’d think it is but why is that?', ""why i think i'll never reach my gw..."", ""you think you'll stop when you get to a gw/ugw?""]"
305,85,305_muscle_weighs_pound_feathers,"['muscle', 'weighs', 'pound', 'feathers', 'denser', 'heavier', 'density', 'gravity', '1kg', 'object']","['that’s what “weighs less” means… yes a pound of bricks and a pound of feathers weighs the same, but bricks are heavier than feathers. just like gold weighs more than silver. yes, gold is more dense so it weighs more.', 'a pound of muscle obviously weighs the same as a pound of fat, but a pound of fat is bigger than a pound of muscle because it\'s less dense and therefore has less massif someone says bricks are heavier than feathers you wouldn\'t say ""oh but a pound of bricks weighs the same as a pound of feathers so how can they be different weights?"" would you?', ""muscle doesn't weigh more than fat. 1 pound of fat weighs the same as 1 pound of muscle. muscle is more dense tho, it takes up less space so its technically smaller than fat.""]"
306,85,306_fasting_autophagy_fasts_insulin,"['fasting', 'autophagy', 'fasts', 'insulin', 'liquids', 'black', 'during', 'calorie', 'inactivate', 'consume']","['even one calorie will break a fast. don’t let anyone tell you different. the question is, is it a big deal? there’s different kinds of “fasting.” some allow a small amount of calories, strict water fasting doesn’t. if keto is the goal and you’re outside in the heat then i definitely wouldn’t worry about the 5 calories even if it is breaking a fast at a cellular level. you need those electrolytes! keep in mind though that it’s really proteins that break a fast, which i’m sure your powder doesn’t have any, so you’re good.', ""calories break a fast but it depends on why you're fasting as to whether it's 'allowed'. if you're just 'fasting' to lose weight/control calories then do whatever works for you. if you're doing it for the other health benefits of fasting like insulin control/autophagy, then water and black coffee/tea only."", ""what does it mean to break a fast to you? some people say anything besides water breaks a fast. some people say if it's less than 10 calories it doesn't break a fast. some people say bpc doesn't break a fast, even if it has 400 calories.""]"
307,85,307_surgery_anesthesia_recovery_keto,"['surgery', 'anesthesia', 'recovery', 'keto', 'inflammation', 'saline', 'heal', 'surgeries', 'fusion', 'surgeon']","['i had knee replacement surgery last june. i just did keto at maintenance in the immediate aftermath of surgery. before and after workouts and pt, i didn’t change my carb consumption at all. not op, but my advice would be, just stick with keto. perhaps go to maintenance for a bit after the surgery, but generally kcko.', ""thanks. yeah i'll be about 5 weeks into keto when i have the surgery so probably not fully adapted. i'm going to see if my surgeon thinks i should up my carbs before and after the surgery and will follow his advice."", 'i had elective surgeries in the past. the first time i tried to maintain keto prior to surgery but my pre- op blood work showed my electrolytes were low so my surgeon wouldn\'t move forward. surgery delayed a few weeks. he told me to ""eat normal. "" so i did. blood work was normal next round. had surgery. ate "" normal"" while recovering then back on keto. every surgery after that i followed the same pattern of a balanced diet pre and post op. that\'s my story. good luck.']"
308,85,308_cheeses_carbs_cheddar_lactose,"['cheeses', 'carbs', 'cheddar', 'lactose', '1g', 'starch', 'label', 'kraft', 'colby', 'ricotta']","['most hard cheeses are 1g/ounce at most, and that is generally when they are pre-shredded because they add some corn starch to keep them from clumping. i buy block cheese and shred it myself generally, though i use full fat cheese rather than low fat because many low fat cheeses do have more carbs, they are often higher in non fat milk and such.my favorite is a good parmesan, followed by various cheddars and monterey jack. parmesan is high protein for a cheese.', 'aged cheeses would be the lowest in carbs. fresh cheeses the highest in carbs. the fresh cheeses have the most lactose (i.e. milk sugar) in them. when they drain off the whey, a lot of lactose is removed. and then, as cheese ages, the lactose slowly turns into lactic acid.processed cheese food, like velveeta and many ""american"" cheeses, are not good choices. most shredded cheeses have a small amount of cornstarch added, to prevent the shreds from clumping.', 'aged cheeses would be the lowest in carbs. fresh cheeses the highest in carbs. the fresh cheeses have the most lactose (i.e. milk sugar) in them. when they drain off the whey, a lot of lactose is removed. and then, as cheese ages, the remaining lactose slowly turns into lactic acid.processed cheese food, like velveeta and many ""american"" cheeses, are not really cheese. and most shredded cheeses have a small amount of cornstarch added, to prevent the shreds from clumping.']"
309,84,309_menu_menus_restaurants_calories,"['menu', 'menus', 'restaurants', 'calories', 'information', 'nutritional', 'obesity', 'website', 'people', 'mandatory']","['i hate when restaurants don’t put calories on the menu', ""i wish restaurants didn't have calorie counts on their menu"", 'i think it’s good to be more transparent about food labeling in restaurants; however, i think they should do what many u.s. restaurants do and have the calorie info posted on the restaurant’s website, but no actual calorie counts on the in-person menu. that way, people have the option of seeing calorie counts and detailed nutrition information about a restaurant’s food if they want/need to, but people who are harmed by seeing that info aren’t forced into viewing it. i’m one of those people that sees calorie counts at restaurants and then doesn’t eat anything if the calorie count is too high — everyone with an ed is different.']"
310,84,310_aspartame_sweeteners_aspertame_phenylalanine,"['aspartame', 'sweeteners', 'aspertame', 'phenylalanine', 'migraines', 'insulin', 'stevia', 'sugar', 'saccharin', 'neurobehavioral']","['aspartame does have negative effects on migraines and headaches though, but i think that’s mostly if you’re already prone to migraines then aspartame can make it worse. i have chronic migraines and every neurologist tries to make sure i don’t drink anything with aspartame.', 'how the body breaks down aspartame is it bad for you?', 'aspartame definitely causes issues in a small amount (serving size). i had chronic migraines for years, went to a neurologist and they asked what i was eating/drinking. the number one thing that stood out was sugar free drinks with aspartame. i quit the aspartame and no longer get migraines. if i end up consuming a drink/food with aspartame on accident, just one serving throws me into a migraine.']"
311,84,311_facial_fat_cheeks_chin,"['facial', 'fat', 'cheeks', 'chin', 'reduce', 'areas', 'exercises', 'sculpt', 'body', 'liposuction']","['how do i lose fat in my face?', 'how can i lose fat on my face?', 'how can i lose fat in my face?']"
312,84,312_muscle_gain_build_without,"['muscle', 'gain', 'build', 'without', 'abs', 'fatt', '54lbs', '172cm', 'workouts', 'tone']","['how to lose fat and not gain muscle?', 'how can i lose fat and gain muscle?', 'how do i lose fat and gain muscle?']"
313,83,313_bombs_fat_treat_dense,"['bombs', 'fat', 'treat', 'dense', 'desserts', 'protein', 'macros', 'gain', 'calorie', 'candy']","['i think you are a good candidate for eating fat bombs. personally, i think fat bombs should not be used when trying to lose weight, but for people like you who are doing if and trying to gain weight, then you need an efficient way to get those calories in during your eating window. so consume more calories in the form of fat.', 'how do you feel about “trigger food” fat bombs?', 'fat bombs are to help you deal with hunger, if needed. they really aren’t necessary. protein is critical, your fat macro is your limit, not a goal. i skip breakfast almost every day, lunch as well. fasting can help speed up your fat loss. fat bombs were usually an evening thing for me, if i was still hungry.']"
314,83,314_lost_pounds_weeks_learn,"['lost', 'pounds', 'weeks', 'learn', '196', 'cristine', 'month', '5st', '97lbs', '34lbs']","['how i lost 30 pounds in 6 weeks', 'how i lost 30 pounds in 6 weeks', 'how i lost 9.7 pounds of body fat in 6 weeks']"
315,82,315_coffee_starbucks_vanilla_creamer,"['coffee', 'starbucks', 'vanilla', 'creamer', 'milk', 'espresso', 'syrup', 'latte', 'brew', 'stevia']","['before keto i would put tons of french vanilla creamer in my coffee...it was sugary awesome. but since keto i tried coffee with just sweetener and then coffee with sweetener and heavy cream...never really noticed a difference.', 'what about heavy cream? i get an iced latte and literally say ""all heavy cream instead of any other milk and sugar free vanilla instead of any other sweetener"". is this not keto either?', 'my go to keto starbucks drink: venti iced coffee, no classic, 3 pumps sugar free vanilla, 3 pumps sugar free cinnamon dolce, add a splash of heavy cream. minimal carbs, keeps me full all morning.']"
316,82,316_protein_sources_lentils_eggs,"['protein', 'sources', 'lentils', 'eggs', 'whey', 'meat', 'edamame', 'legumes', 'soy', 'yogurt']","[""low fat greek yoghurt and quark are my go tos. i like drinkable quark, it feels light and easy. you can easily make low cat greek yoghurt sacues to eat with other food to increase protein. if you eat bread or pasta there's gluten in that, ppl often underestimate the amount of protein in bread or pasta imo.tofu is great if you cook it right but it's a bigger commitment because you have to make a sauce and stuff probably i eat protein bars because they're safe to me atm i personally don't eat beans or lentils too much because of irrational fears but they have protein. peas, soy, edamame and more are good plant based protein sources. eggs and especially egg whites are great protein sources."", 'what is your calorie budgetfor getting more protein, meat, eggs, cottage cheese and plain greek yogurt are easy sources of protein. my favourite sources of plant-based protein are tofu, tempeh, seitan, beans, legumes, edamame, spinach, mushrooms, broccoli, cabbage, cauliflower, brussel sprouts, green peas, peanut butter powder, and textured vegetable protein (tvp). as well, one thing you can do is when choosing your starches, go with those that offer some protein instead of little. for example, 100g of white rice has 7g of protein in 365 calories whereas 100g of quinoa has 14g in the same 365 calories.', 'for eating more general, add snacks, increase the portions in your meals, or add more calorie-dense ingredients like nuts, seeds, coconut, avocado, and dairy.for getting more protein, meat, eggs, cottage cheese and plain greek yogurt are easy sources of protein. my favourite sources of plant-based protein are tofu, tempeh, seitan, beans, legumes, edamame, spinach, mushrooms, broccoli, cabbage, cauliflower, brussel sprouts, green peas, peanut butter powder, and textured vegetable protein (tvp). as well, one thing you can do is when choosing your starches, go with those that offer some protein instead of little. for example, 100g of white rice has 7g of protein in 365 calories whereas 100g of quinoa has 14g in the same 365 calories.']"
317,82,317_meals_calories_eat_1200,"['meals', 'calories', 'eat', '1200', 'weight', 'works', 'once', 'healthy', 'portions', 'caloric']","['you can do one meal a day, two meals a day, three meals a day, four meals a day. however you want to eat, and however many times you want to do dishes. :)i personally eat twice a day. but yes, eat what you need to, to maximize your protein, and stay below your fat and carbs limits.', 'if you are only eating one meal a day then you should look into omad. one meal a day diet. this might be more helpful for you. it always you one healthy but large meal a day. there is a sub on here for it.', ""it doesn't really matter the size of the meals or how many times a day you eat. to lose weight you have to be in a calorie deficit. if eating 3 big meals works for you, then do that, if eating smaller amounts but more frequently fits better then do that. if mixing it up so one day eating big meals then the next eating small meals with snacks, then do that :) as long as your in a calorie deficit, you should start seeing results! good luck""]"
318,81,318_13_age_puberty_healthy,"['13', 'age', 'puberty', 'healthy', 'grow', 'exercise', 'sport', 'adults', 'taller', 'young']","[""listen my dude. you're 13? you are still growing don't focus too much on weight loss. (as you grow, you will gain weight) if you eat right and exercise you will eventually grow into a more fitting body type. focus on being healthy and having fun! you're only young"", 'i know you do not want to hear this, but you are 14. i promise you not one person thought their body looked great at 14. it is an awkward age. you do not need to lose weight and losing would not help the awkwardness. eat right. move your body. get enough sleep. give your body time to catch up to your dreams. your body composition will change a lot over the next 10 years or so. you have a lot of growing to do. give your 14 year old self some grace. your future self will thank you. i know it’s hard, but you got this.', ""you are 14. focus more on eating healthy and less on weight loss. your body is still changing and growing. right now just focus on being you and if anything healthy eating. take care of yourself. if you're looking at this too hard at 14 you run a lot of risks to physical and mental health.""]"
319,81,319_theory_weight_setpoint_evolutionary,"['theory', 'weight', 'setpoint', 'evolutionary', 'lifestyle', 'genetics', 'hunger', 'bodies', 'change', 'environment']","['set weight—what is it and how do i change it?', 'there is no such thing as a set point. it is a debunked theory. if they put you on a meal plan, your “set point” will be nothing more than the weight at which your tdee and caloric intake are more or less equal.', 'used to think ""set point theory"" was bullshit']"
320,81,320_cheese_keto_dairy_recipes,"['cheese', 'keto', 'dairy', 'recipes', 'meat', 'eat', 'fats', 'veg', 'dough', 'ham']","['i eat a small portion of cheese pretty much every day- just make sure you weigh it and track the calories. being able to eat cheese is one of the best things about keto for me!', 'is there such thing as too much cheese on keto?', 'is cheese really good for you on keto?']"
321,80,321_carnivore_keto_ketovore_diets,"['carnivore', 'keto', 'ketovore', 'diets', 'meat', 'ketosis', 'ketogenic', 'carnivores', 'foods', 'carnivorous']","[""carnivore is good for healing, so it may be fine to be carnivore for a few weeks, and then occasionally have a week of keto, depending on how you feel. keto is more socially friendly, but carnivore really is wonderful. i haven't done carnivore for months at a time though, so i don't know how i could do it long term i just eat carnivore as much as possible, but occasionally i will have a keto day or a keto week. but then i go back to carnivore. when i am down to my ideal weight, and exercising regularly, i will re-evaluate."", ""carnivore is keto but keto is not carnivore. keto gives you a bit more flexibility. my guess is they are doing carnivore keto, which may include things like cheese which i don't think strict carnivore allow you to eat."", 'would you lose more weight on keto or on carnivore?']"
322,80,322_cholesterol_eggs_dietary_yolks,"['cholesterol', 'eggs', 'dietary', 'yolks', 'yolk', 'choline', 'studies', 'ldl', 'phospholipid', 'triglycerides']","[""as others have mentioned, dietary cholesterol =/= serum cholesterol. also, your body is made mostly of cholesterol - its what makes up most of animal cell membranes. many people have gone keto and found that they don't need medicine to control cholesterol anymore, and many of those eat a half dozen eggs a day or more. our faq has a  as well as links for further reading.in addition, that cholesterol is linked with heart disease has actually been shown not to be scientifically valid. there's a  on the matter, but there are      as well.tl;dr - don't worry about cholesterol\\"", ""dietary cholesterol does not affect blood serum cholesterol levels. eat as many eggs as you feel like as long as you're still meeting your goals. if i kept track i've probably eaten close to 2000 eggs in the last 2 years and my cholesterol has not gone up."", ""eating cholesterol in a normal diet (like 2 eggs a day) is not bad if your body functions normally. your body needs cholesterol. your body is able to clear cholesterol from the blood if you don't have any health issues. if you are worried about your cholesterol levels you can get a blood test from the doctor.""]"
323,80,323_fertility_pregnancy_ivf_infertility,"['fertility', 'pregnancy', 'ivf', 'infertility', 'keto', 'pcos', 'couples', 'endometriosis', 'conceiving', 'patients']","[""interesting that her doctor doesn't recommend keto, since it is the first line of treatment in many fertility clinics. in fact, dr. westman (weight loss clinician, so not fertility) warns his female patients to be on reliable birth control even if they believe they can't get pregnant because increased fertility seems to be a side effect of a ketogenic diet."", '3 1/2 years of fertility treatments and didn’t get pregnant. 2 months of keto and got pregnant. i can’t prove it was the keto that did it but i wholeheartedly believe it was.', 'i went from pretty severe pcos (which means low chances of getting pregnant) to regular fertility within a month of keto. i have other issues we’re working on fertility-wise, but keto has made it possible for me to carry my own child. i wish more couples tried this before fertility treatments!']"
324,80,324_dermatillomania_nails_trichotillomania_pimples,"['dermatillomania', 'nails', 'trichotillomania', 'pimples', 'hairs', 'plucking', 'cuticles', 'skincare', 'compulsively', 'stop']","[""yes even the feet thing. i'm not gonna lie, it's disgusting but after a bath the skin is soft and i can't break the habit of just picking at myself. my feet can take more picking than my fingers, arms etc because the skin is thicker but sometimes they still end up bleeding. i've been picking (and eating it) since i can remember"", ""i've had dermatillomania (or similar things like biting my nails and the skin around them far more than is normal, etc) for basically as long as i can remember. i have actually been picking a bit less since developing my ed but idk if its related, i think i may just have less time to pick now that i spend so much time thinking about food instead. plus its winter and my roommates often keep the dorm really cold so i'm wearing a sweater a lot so i'm less tempted to pick."", ""i'm strictly skin picking too, i started with biting my nails excessively as a kid and when i bit my nails too short to bite any more i would bite the skin instead, then as i got older and got acne i shifted to picking my skin instead, and i've done it ever since. i pick pretty much anywhere on my upper body, i've done it so much that i think i have a minor version of cubital tunnel syndrome because my elbows hurt when i have them bent for too long but i don't even want to stop picking 🤡 and now i have self harm and an ed as the cherry on top lmao""]"
325,80,325_products_weight_trimohills_alpine,"['products', 'weight', 'trimohills', 'alpine', 'ayurvedic', 'resurge', 'medicinal', 'health', 'helped', 'recommend']","['hello everyone i have been using this product for my weight losing journey and its been amazing ! comment down below for the product', 'weight loss product and some tips to lose weight', 'this is the number 1 fat loss product']"
326,79,326_faq_reading_sub_faqs,"['faq', 'reading', 'sub', 'faqs', 'answered', 'resource', 'beginner', 'helpful', 'sidebar', 'welcome']","['not just read the faq, but go back and read it again in after a week or so. there’s a lot of information there that won’t really stick till you’ve been working it for a while.', 'i’ve read faq. amazing. but i still have a few questions', 'take a look at the faq for this sub. when you get through reading it, read the entire thing again. then feel free to come back and ask us any specific questions you may have.']"
327,78,327_broth_ginger_soup_stomach,"['broth', 'ginger', 'soup', 'stomach', 'tea', 'soups', 'flu', 'nauseous', 'pho', 'hydrated']","['i am also currently sick with the flu.drink chicken broth and maybe some tea with lemon and ginger. if you can order/make some low carb soups then they are also pretty soothing.i like vietnamese pho without the noodles.', ""you can still have ginger ale to help with the upset stomach. depending on your stance on diet sodas, you can get some diet canada dry or, if you'd prefer a natural sweetener, zevia has a ginger ale.also, broth, regular or bone broth, with chicken can be great. you don't need the noodles to make it soup. ;-)"", 'my go-to nausea food is egg flower soup - have a good chicken broth (or any broth, really) and whip up some eggs really well. get the broth to a high simmer/low boil and then slowly add the egg in so it cooks as soon as it hits the broth. yummy and soothing.']"
328,78,328_kidney_kidneys_protein_phosphorus,"['kidney', 'kidneys', 'protein', 'phosphorus', 'stones', 'damage', 'nephrologist', 'renal', 'uroanalysis', 'proteinuria']","['glucose is a lot harder on the kidney than protein ever could be. the key is to get your a1c as low as you can. it’s mostly myth that protein is bad on the kidney. if you think that protein is hard on the kidney then you can keep it low and up your fat intake.', '""8 protein myths too many people still believe""myth no. 3: eating too much protein causes kidney disease. consuming excess protein only harms the kidneys if you have underlying kidney or liver disease...  it is also worth noting that there are no long-term studies on how a low-fat high-carb diet impacts the kidneys and liver.', 'thats funny because it is already well known that sugar/blood glucose aka pre-diabetes/diabetes is what causes the diabetic kidney disease. based on  \\1/3 of all kidney disease is diabetes related. while it is true that excess protein does stress your kidneys, it is primarily a factor if you already have damaged kidneys or are at risk. also wtf is he doing drinking energy drinks like water if he does indeed have kidney disease? that cannot be good for him.']"
329,77,329_imgur_post_upload_hosting,"['imgur', 'post', 'upload', 'hosting', 'images', 'reddit', 'markdown', 'desktop', 'paste', 'click']","['edit the post with the link to your pictures. so add your photos to something like imgur and link to them. i saw your history and want you to know that you are doing great', 'add your picture to imgur. set the picture to ""hidden"" in the imgur settings. open the picture in imgur. copy the link. come to reddit. edit your post. go to the bottom of your post. paste in the link. save the post again.', 'so i have the imgur app and do it that way post a picture to your imgur account, i always post mine on there as hidden so you can’t see it without a link. then copy the link from imgur once it’s posted, come here and start a new “text thread” and in the text part you’ll see a button to post a link. hit that button and give it a title and then paste your link and post it really easy!']"
330,77,330_tinnitus_ears_hearing_eustachian,"['tinnitus', 'ears', 'hearing', 'eustachian', 'inflammation', 'tension', 'buzzing', 'noise', 'whiplash', 'ent']","[""that's amazing, congratulations! i have been keto for 10 months but not noticed an improvement in my tinnitus, but maybe i will if i pay closer attention. that said, i've had tinnitus ever since i was a young child. maybe it only helps when the cause was recent?"", 'sorry for off-topic, but what really helped me with tinnitus is listening to these types of """". and yes, for me personally keto helped tone down a bit the level of tinnitus.', 'i do not feel like the tinnitus is a result of my diet. in fact, though i did kero for a year or so, and i still keep low-carb, i am not on a keto diet at all now. honestly, i do not know why i have tinnitus.']"
331,77,331_jeans_fit_clothes_baggy,"['jeans', 'fit', 'clothes', 'baggy', 'wear', 'wardrobe', 'keto', 'shops', 'loose', 'thrift']","['i feel your pain.i started at a very stretchy (and stretched out) 42, but i should\'ve probably been wearing a 44. after two years on keto, i\'m now wearing a loose 36. i\'m blown away still at how easy it is to shop for clothes now. ""you mean, i can just wear this pair of jeans, without altering them, or hunting for a bigger size""?second-hand stores are your friend. at $5 to $10 a pair, interim pants are a nice confidence boost. go try some on, and get yourself out of scrunched-up waist, baggy pants land', 'this is what i need, i am in between sizes and need to get down to the smaller size fast as i currently have one pair of pants that fit me if i can do this is 2-3 weeks i’ll be happy. no need to buy any clothes that i won’t be fitting into anyway on keto', 'i have like 5 pairs of jeans that were too small when i started keto - they’re all technically the same size, but fit differently because you know, women’s jeans. i love measuring my progress by how many pairs i can comfortably wear. i think i’m into 4/5 now, which is awesome because yay health and feeling good, but also, i don’t have to buy new jeans.']"
332,76,332_headaches_headache_salt_electrolytes,"['headaches', 'headache', 'salt', 'electrolytes', 'drink', 'migraine', 'fatigue', 'magnesium', 'intake', 'helped']","['i feel like i get headaches when i eat too many carbs and the “switch” happens. it gets better with time. but i hate fruit so you’d never see me getting a headache over that.', 'headaches when eating anything but meat and veggies?', 'getting headaches at the end of the day. too few calories?']"
333,76,333_bacon_keto_eat_carbs,"['bacon', 'keto', 'eat', 'carbs', 'crispy', 'ketosis', 'diet', 'refined', 'macros', 'bacons']","['calculate your macros for protein, fat, carbs and calories.no matter what kind of bacon you eat, weigh the bacon and enter it in a food tracker along with all your other foods eaten.some r/keto people like regular bacon like you would get with breakfast at a restaurant, or on top of a burger. i\'ll call that ""thin-cut bacon"".some people like a heftier type of bacon that seems more chewy and less crispy, i\'ll call that ""thick-cut bacon"".', 'why do you want to like bacon? and why did you waste a bunch of food adding bacon to it? just don’t eat bacon. there are plenty of people on keto who don’t eat bacon. there are plenty of recipes which don’t require bacon.', ""i've read a lot about how popular bacon is while doing keto. my question is how much bacon is too much bacon in one day?""]"
334,75,334_spoons_silverware_chopsticks_utensils,"['spoons', 'silverware', 'chopsticks', 'utensils', 'forks', 'utensil', 'mugs', 'dishware', 'tableware', 'dishes']","['i don’t use actual baby utensils that are made for babies, but in my family’s utensil set, there are dessert utensils that have longer handles with a small spoon or fork at the end. i use them because the slow me down, and bc i can fit less onto the spoon.these, paired with small plates and small portions make you feel like you’re actually eating a normal amount, not just a snack.', 'i do this all the time with my bf and when he goes to get ice cream spoons he now knows to get a tablespoon for himself and a mini spoon for me 🤣 makes you feel like you’re eating more if it’s off a tiny spoon i guess', ""honestly i've always used smaller utensils because i hate the way it feels holding big spoons and forks. plus i tend to eat to fast with bigger silverware so i always use my tiny fork it helps me enjoy my food better!""]"
335,75,335_gains_face_months_facegains,"['gains', 'face', 'months', 'facegains', 'pics', 'lbs', 'transformation', '60', '5xls', 'gw200']","['face gains- is this a thing in this sub?', ""everyone is posting face gains, so here's my 60 lbs face gains!"", '6 months in and still going! (face gains)']"
336,75,336_trash_bin_ate_school,"['trash', 'bin', 'ate', 'school', 'trashcan', 'gnocchi', 'roommate', 'drawer', 'hands', 'shovelling']","[""i ate out of the bin once. it sounds worse than it is. it was a takeaway (i can't even remember if it was what i ordered) so it was in the bin, but still in a box. but i was literally on the floor in the dark eating this bin food whilst my family were like 5 feet away in the other room (and they were more than aware of my ed so i wouldn't be surprised if they knew what i was doing and just didn't say anything to avoid any uneeded awkwardness)."", ""i was 15 and poured dish soap into a jar of peanut butter then threw it out so that i couldn't use it anymore. i promptly forgot and then got it out of the trash to make a sandwich. i didn't even notice until a couple bites in that it tasted oddly spicy and disgusting"", 'my roommates had a box of fresh baked cookies and i wouldn’t eat them, they threw them out, i came home from drinking that night, dug through the trash, and ate one. :)']"
337,74,337_numb_numbness_tingling_nerve,"['numb', 'numbness', 'tingling', 'nerve', 'circulation', 'limbs', 'tingly', 'needles', 'sensations', 'tingles']","['consult a doctor. you should not be experiencing numbness or tingling anywhere in your body. tingling and numbness can be caused by several medical issues including diabetes, heart disease, nerve damage, peripheral neuropathy... we are not doctors and cannot diagnose or suggest treatment.', 'my whole body will fall asleep super fast lmao, if i sit on my legs for a minimum of 5 minutes they will be super numb. when im on my phone my fingers and hands will go numb a lot too. really annoying.', 'this happens to me a lot. my hands arms will go numb when i’m sleeping on my side, my legs go numb when i sit on a chair. at this point standing up is the only way my limbs won’t fall asleep']"
338,74,338_skinny_life_want_feel,"['skinny', 'life', 'want', 'feel', 'be', 'social', 'like', 'happy', 'become', 'everydayskinny']","['whenever i see a food with “skinny” somewhere on the label, i enter this bizarre cycle where i immediately want to buy it because i wanna be skinny, and also immediately am repelled from it because i’m not skinny enough to buy something that says “skinny”', 'i want to feel skinny more than i want to actually be skinny', 'thinking being skinny will make my life perfect']"
339,73,339_works_leptin_eat_calories,"['works', 'leptin', 'eat', 'calories', 'deficit', 'dieting', 'snacking', 'success', 'by', 'hunger']","[""yes it works... in the short term. but if you don't make permanent changes to the way you eat... you'll simply regain the weight again afterwards, and probably a bit extra.x200b;the entire diet industry is built around short term fixes and long term failure... it keeps people coming back and spending money on those short term fixes again and again.x200b;the only way to lose weight and keep it off is to examine the way you buy and consume food, and change it permanently... and you don;t need a fad diet to do that, just good old fashioned willpower."", ""it can work for certain people, but doesn't work for most people. you'll have to try it and find out. it works well for me but that doesn't mean it'll work for you. i do know that most who try it do not do well. how you do it and what you eat matter. if you are inactive and treat it like a 1-2 day free for all on junk, you'll likely struggle. what are your goals? what are these favorite foods? how often will you incorporate them? are you active? it would help to have more details to help you.i would also argue that the above listed plan of eating garbage for a day or two is not an optimal plan long term."", 'yes it completely works. however, as i learnt, you’ll be super hungry all the time and you’ll only be able to eat very small quantities. for me it worked better to stick to calories in/calories out, but find low calorie foods i liked to eat most of the time just to stop me getting dizzy and feeling sick because all i wanted to eat was junk food but my calorie restriction meant i could only have a small portion and that was all i could eat all day. i still have unhealthy foods but only when i know i’m not working or something the next day so i don’t have to worry about the after effects of under eating']"
340,73,340_bulletproof_coffee_mct_coconut,"['bulletproof', 'coffee', 'mct', 'coconut', 'cream', 'tablespoon', 'blended', 'design', 'bpc', 'breakfast']","['new to keto. is bulletproof coffee keto friendly?', 'ok i’m really confused now. i know not everyone does bulletproof coffee but i thought this was a thing on keto? i’ve been doing it for months. i usually have a bulletproof coffee and no breakfast.', 'how soon after i make bulletproof coffee do i have to drink it']"
341,73,341_sardines_fish_salmon_mackerel,"['sardines', 'fish', 'salmon', 'mackerel', 'tuna', 'seafood', 'sashimi', 'cans', 'anchovies', 'herring']","['used to eat sardines as a kid but stopped as they suddenly seemed a bit off putting...and it was a mistake. i definitely prefer tuna or mackerel as far as tinned fish goes, but sardines are great. i would recommend a bit of lemon juice and possibly some salt.', 'if you want to try getting into canned sardines more try to find the smaller sardines. the smaller sardines usually say something about 2-layer on the can/box. i don\'t really care for the larger sardines that come in the 1-layer cans but quite enjoy the 2-layer kinds that i\'ve had. i had some king oscar sardines from their ""royal selection"" products recently and it was the best i\'ve ever had (though i don\'t really have a lot of experience sardines).', ""how do you eat sardines? just open the can and go at it? i do like fishy fish. i like(d) mackerel sushi and i do smoked salmon with cream cheese. just not sure 'how' to eat sardines.""]"
342,73,342_motivation_motivated_motivate_unmotivated,"['motivation', 'motivated', 'motivate', 'unmotivated', 'lack', 'mnms', 'fin', 'willpower', 'lost', 'pennies']","['how do you find/keep the motivation to lose weight?', 'how do i find the motivation to lose weight?', 'how do you find motivation to lose weight?']"
343,73,343_uti_gallbladder_bile_antibiotics,"['uti', 'gallbladder', 'bile', 'antibiotics', 'gallstones', 'stomach', 'urinary', 'untreated', 'digest', 'acidic']","['if you have a uti, are you on antibiotics? that’s the only way to take care of an infection, at least in this case, so please consult with your doctor and focus on getting better utis are no joke and should be addressed immediately, but as long as the medication will help, i would not be worried in the slightest over how many calories this may or may not have. you will be fine :)', 'are you eating enough healthy fats? and is it gallbladder pain or intestine pain. when i wasn’t eating enough healthy fats i was having pain. i don’t have my gallbladder anymore but if you are having gallbladder pain then more fats will make it worse.', 'yes, please see a doctor i cannot stress this enough i got a uti 3 weeks ago and self medicated with over the counter uti medication and cranberry juice and ended up having to go to urgent care at 3 am because i was in so much pain... the chances of a uti going away on its own without antibiotics are very slim + there is a very real chance your uti could turn into a kidney/renal pelvis infection which is no bueno. hope you feel better soon']"
344,72,344_veins_veiny_visible_varicose,"['veins', 'veiny', 'visible', 'varicose', 'skin', 'forearms', 'vascularity', 'subcutaneous', 'pale', 'blood']","['warmth helps veins stand out, cold makes them shrink and disappear. people with lots of body fat have their veins a lot deeper, under the layer of subcutaneous fat. drinking a lot of water will help veins pop, being very dry and dehydrated will make them hide.source: i poke people with needles in search of their veins', ""yep you can clearly see my veins on my hands and arms, but my brother also has prominent veins so it's just genetic. honestly am i the only one who isn't self-conscious about this? i'm completely fine with it."", 'the more water i drink the less my veins show?']"
345,72,345_glucose_protein_cells_gluconeogenesis,"['glucose', 'protein', 'cells', 'gluconeogenesis', 'glucagon', 'secretion', 'carbohydrates', 'liver', 'needs', 'dietary']","[""to get a little bit metaphorical, blood glucose is like rocket fuel - valuable, but dangerous to have hanging around. we have very tight systems of homeostasis to keep blood glucose in a safe range (insulin and glucagon and their regulators) and it would be downright dangerous as well as wasteful for our body to use glucose as a storage endpoint or waste product of any process. the only people who have to worry about too much gng are diabetics - and even they aren't creating glucose willy-nilly just because other nutrients are hanging around. their bodies are reacting to a false demand for glucose because their broken insulin signaling makes blood sugar invisible to their cells."", 'protein spikes insulin whether you believe it or not.edit: ""protein has a minimal effect on blood glucose levels with adequate insulin. however, with insulin deficiency, gluconeogenesis proceeds rapidly and contributes to an elevated blood glucose level. with adequate insulin, the blood glucose response in persons with diabetes would be expected to be similar to the blood glucose response in persons without diabetes. ""', 'worrying about the insulin impact of protein is a waste of time. yes, insulin causes an insulin response, but that is a feature not a bug. insulin is needed for your body to be able to utilize the amino acids from the protein, so it’s a good thing. insulin isn’t evil. it is very important.']"
346,72,346_growth_calories_developing_teenagers,"['growth', 'calories', 'developing', 'teenagers', 'supervision', '1500', 'adults', 'advice', 'teen', 'eat']","[""eat more and don't worry about weight loss right now. 900 calories is too low. eat way more than that. enough that you are satisfied, getting balanced nutrition, and have enough energy for your day-to-day activities. you are very young and a still developing teenager. do not try to lose weight without medical supervision. right now, the most important thing is getting enough nutrition to fuel your development. the advice that normally applies to adults does not work for teenagers as you are still developing. your bones, muscles, brain, and hormones are going through important development stages. eating too little will risk permanent damage to this development. for any concerns, talk to your doctor or parent."", '1,000 calories is too low. eat more than that, more than 1,800 calories/day, most likely. enough that you are satisfied, getting balanced nutrition, and have enough energy for your day-to-day activities. you are barely overweight and a still developing teenager. do not try to lose weight without medical supervision. right now, the most important thing is getting enough nutrition to fuel your development. the advice that normally applies to adults does not work for teenagers as you are still developing. your bones, muscles, brain, and hormones are going through important development stages. eating too little will risk permanent damage to this development. for any concerns, talk to your doctor.', ""eat more and don't worry about weight loss right now. 900 calories is too low. eat more than that, more than 1,700 calories/day, most likely. enough that you are satisfied, getting balanced nutrition, and have enough energy for your day-to-day activities. you are a healthy weight and a still developing teenager. do not try to lose weight without medical supervision. right now, the most important thing is getting enough nutrition to fuel your development. the advice that normally applies to adults does not work for teenagers as you are still developing. your bones, muscles, brain, and hormones are going through important development stages. eating too little will risk permanent damage to this development. for any concerns, talk to your doctor.""]"
347,71,347_carbs_carbohydrates_society_foods,"['carbs', 'carbohydrates', 'society', 'foods', 'diabetes', 'agriculture', 'corn', 'diets', 'sugar', 'refined']","['appealing to nature as an end-all argument is wrong, but evolutionary adeptation is a very good framework to understand why biology ""misbehaves"" in the absence of the environment that shaped it.modern abundance of high carb foods is clearly not something we were designed to deal with. we never needed to evolve the brain chemistry to stop ourselves from eating too much because you didn\'t find these foods in abundance 6000 years ago.but as you say, something being unnatural doesn\'t mean it\'s bad.', 'this is not going to be well received here but.....it’s about moderation (for most people). agriculture was not a fad. it represents a huge transformation in society that also brought written language, more sophisticated art and music, etc. the agriculture revolution created modern society without a doubt. however, we live in a time of abundance, that certainly wasn’t the case for the vast majority of humanity for the vast majority of humanity’s existence. grain which was well adapted to life of scarcity is maladaptive to a life of abundance. there’s nothing “wrong” with carbs. they’re just not well suited for the type of lifestyle most people in the western world share.', 'yeah, its complex carbs (tubers, veggies, fruits(although it has too much fructose), grains, etc). versussimple carbs(refined carbs, flour (bread, pasta), white rice, glutenous foods, candy, sugar, etc)some people can basically sustain weight with few carbs while some need relatively more. we live in a time of modern excess and carbs are always at the forefront of many unhealthy snacks and foods.all that excess carb that turns into glucose is stored as fat deposits for “later” periods of starvation. but nobody starves in the first world countries, or many third for that matter so people become increasingly fat.pair it with a sedentary lifestyle and the odds become worse.people who can’t handle excess carbs usually have a very slow metabolism.']"
348,71,348_bread_breads_calorie_sandwich,"['bread', 'breads', 'calorie', 'sandwich', 'toast', 'carbs', 'replace', 'healthy', 'eat', 'wholegrain']","[""white/brown bread is really high in carbs and lacks a lot of micronutrients. it has no health benefits at all.whole grain bread though, it has lots of fibers, vitamins, etc. unfortunately, it's still high in carbs but it's healthier than white bread. i'm currently trying to avoid bad carbs like breads, and that's why it's such an issue for me.thank you for the idea, i'll keep it in mind!"", 'get lower calorie bread. whole grain is often higher calorie than white bread. the white bread i get, 647 is 40 calories per slice and 7 g of fiber. i literally eat minimum 10 slices a day.', 'it’s not about whole grains versus white bread. it’s about calories and fiber. i eat 40 calorie white bread, each has 7 g of fiber. that’s more fiber and lower calorie than whole grain bread.']"
349,71,349_bones_collarbone_collarbones_hands,"['bones', 'collarbone', 'collarbones', 'hands', 'bone', 'elbows', 'hand', 'wrists', 'pinky', 'hipbones']","['i grab my wrist when i’m anxious to make sure my fingers can still effortlessly wrap around it. i also feel the bones in my shoulders/hips and it’s very comforting to me. def a weird habit.', ""yep. i like to place my fingers on the front of my hip bones and then my thumbs on the two bony parts on the back of my hip bones, and then i kind of... squeeze and wiggle them? idk but its so weird and i look like a totally weirdo and i catch myself doing it soooo often. i also like to rub my hand against my chest to feel the ribs and i thought for so long 'oh this probably just looks like im casually placing a hand on my chest like someone is telling a dramatic story' but no it does not look like that, it looks like im rubbing my hand against my chest to feel my ribs."", ""i keep catching myself rubbing at my collar bones (that tbh have only recently become more visible). honestly it's comforting, whenever i feel anxious i automatically start touching my bones.""]"
350,71,350_ads_scroll_page_cookbooks,"['ads', 'scroll', 'page', 'cookbooks', 'bloggers', 'chrome', 'extension', 'blogs', 'blogger', 'mobile']","['i’ve seen more and more blogs putting in a button at top to jump to the recipe, which i appreciate. otherwise i either just scroll till i see the recipe (nobody’s forcing me to read it) or use the find function to search for the word “print”. there’s usually a no nonsense printable version of the recipe that i can bookmark for later. while it is a minor inconvenience, its still way better than having to go to the bookshelf or the actual store/library, get a book, flip through or read the table of contents, and then get to the recipe. a few seconds of my life is all it costs now to get a recipe. worth it.', 'i completely agree with this. i go to find a recipe to actually find a recipe. not how your children interrupted you while you attempted to make the recipe and take step by step pictures i did not go find a recipe to find a new blogger to follow ( i have recently discovered that most will have a ""jump to recipe"" button which is rather useful)', 'this is how it is with every recipe i’ve found online. off google anyway. it’s super annoying. i want a recipe for a stew or something and it’s literally a book about this bitch and her boyfriend, where they travelled, her personal inspiration and why she thought of this super interesting recipe. it’s like ffs just let me scroll 5 pages down to get the recipe , there should be a button to just skip the bs and get to the recipe.']"
351,70,351_onions_onion_shallots_carbs,"['onions', 'onion', 'shallots', 'carbs', 'flavor', 'caramelized', 'turnip', 'cooked', 'chopped', 'sugars']","['eat onions, count the carbs. 4 g of carbs from onions is not a lot. people regularly eat more than that in many other ingredients. worrying over some onions isn’t really useful. do your best but no effort at health has been thwarted by onions.', 'you can have anything that fits your macros. ask yourself why you are eating this way and if onions are going to work for you. no one ever got fat eating onions so ultimately unless onions are causing you any issues i wouldnt worry too much about them.i go through a couple onions a day and have done so for nearly 5 years now.', ""just use onions. count them in your day if you wish.1 small onion is like 6g net carbs, and used in an entire dish it can fit nicely. i have onions in something probably at least once a day. i cook with them regularly, and have done so for years with no problems. think about why you are doing this and unless the reason was that you were overeating onions so much you couldn't control yourself, or you need a certain level of ketones to treat epilepsy or something just have onions.""]"
352,70,352_baby_congrats_congratulations_birth,"['baby', 'congrats', 'congratulations', 'birth', 'happy', 'mother', 'sister', 'little', 'pregnant', 'best']","['thank you its so hard to make the best choices after a baby, its taken me a while to get into the right headspace to be able to have the willpower to stick to it. my first baby is 5 almost 6 and second just turned 3', 'super mom not only are you a rock for your family and new baby, but you understand the importance of taking care of yourself. it’s something a lot of moms (me included) don’t always make time for but a happy, healthy you makes you an even better mom. prayers for your journey and baby’s health', ""now you know you're getting a good soul in your baby who just waited for you to be healthy so you could have as much fun with the baby as it will have with you! this is truly a baby from heaven - thinking about you before it's even born.""]"
353,70,353_stomach_breathing_relaxed_muscles,"['stomach', 'breathing', 'relaxed', 'muscles', 'subconsciously', 'abs', 'pelvic', 'habit', 'babysitter', 'blanket']","['maybe if i keep sucking in my stomach my body will get the message', 'i wish i could also sucking in my arms not just my stomach', 'how do i stop sucking in my stomach?']"
354,70,354_covid_quarantine_coronavirus_sanitizing,"['covid', 'quarantine', 'coronavirus', 'sanitizing', 'transmitted', 'safe', 'house', 'covid19', 'outbreak', 'surfaces']","['it’s not that i’m afraid of dying from the coronavirus - i’m just concerned of the possibility of a quarantine. i say this as someone who lived in boston during the marathon bombing. i never thought i would experience having to stay in the house to make it easier for cops to find a terrorist. anything could happen and, if the virus spreads fast enough, a quarantine (purely to limit people’s exposure and prevent further spread) is possible. i’d rather be prepared with some items to withstand a quarantine than have to rush around at the last minute when everyone else is doing the same thing. i dunno - it’s not the virus i’m worried about, it’s the reaction to prevent the spread of it.', 'i hate how covid made me a worse person', 'i was trying to get better before all this virus crap']"
355,70,355_thank_keto_read_prediabetic,"['thank', 'keto', 'read', 'prediabetic', 'inspiration', 'learned', 'discouragement', 'lifestyle', 'motivation', 'doubting']","[""no, i didn't write it for myself. i understand keto can have different effects on different people. i've listened to and read stories about people who say their blood work gets so much worse and how dangerous the diet is. i just put this out there to show that it isn't always the case. according to everything i have been told about nutrition all my life, i am eating completely wrong. yet, my body is improving in actual measurable metrics. you are right, how many times do we have to start again? well we are all human and influenced by many things and it is easy to fall off. also, thank you!"", ""really needed to see this today. i started keto again after a bit of a lapse during life crises and covid, and this time around my gut biome is taking a little time to adjust, which was baffling me because i'd simply returned to my original keto diet of 1.5 years... but, hey, life changes bodies change so now i just have to figure out what's no longer working with my original food plan and roll with it.but it really helped to read this reminder. thank you for taking the time to write it. i hope you always have the same kindness for yourself that you share with others."", 'i’m running out of virgins to sacrifice, though. expect a portrait of dorian gray in 3...2...i’m so happy to encourage others (to try keto, not sacrifice virgins) i’ve been ruminating over the concepts of futility and resignation, because the difference this time has been my mindset. it sounds so lame and new-agey, but it’s true: you don’t need all the answers or any sort of definitive guarantee. what you (we) need is to believe that we are capable of monumental accomplishments (yes, you), and you (yes, you) deserve to come first in your own life. begin with baby steps, and only take a couple a day. you (yes you) will kick that mountain’s ass']"
356,70,356_health_depression_therapy_therapist,"['health', 'depression', 'therapy', 'therapist', 'stimuli', 'tips', 'weightloss', 'psychiatrist', 'music', 'energyso']","['i think they’re different issues. your mental health may make you turn to food, but it’s the relationship with food that made it an option to begin with. dealing with your mental health won’t fix the relationship you’ve created with food, because you will always have negative emotions at some point. that’s life. you can lose weight and have mental health issues. you can aim to help your mental health issues without it being to do with weightloss. i would say that you need to tackle them both seriously and separately.', 'where to start? - trying to lose weight with mental health issues', 'trying to lose weight with mental health issues?']"
357,69,357_masks_concealer_wearing_makeup,"['masks', 'concealer', 'wearing', 'makeup', 'cheeks', 'eyeshadow', 'sunglasses', 'foundation', 'bronzer', 'color']","[""aww congrats! i wear glasses too and and while i haven't really noticed changes on the fit (my glasses are always wonky anyway. i think my ears are just wonky so my glasses always never fit right), i did notice the frame being to big for my face. i prefer big glasses because seeing the rims distract me so i want the actual lens to cover as much of my vision as possible. i did notice that since my face has slimmed down, it seems like the big frame is now overwhelming my face."", ""my glasses are on my face even when they're not"", 'the one thing i do like about glasses is it keeps a lot of stuff out of my eyes. i ended up wearing glasses pretty late in life. contacts seem like a huge hassle to me.']"
358,69,358_deodorant_deodorants_odor_armpits,"['deodorant', 'deodorants', 'odor', 'armpits', 'antiperspirant', 'shower', 'odors', 'soap', 'fragrance', 'sweaty']","['huh, when i looked into it like a year ago i didn’t find anything. glad to know ppl on reddit are more reliable than google sometimes lol. but yeah im always diligent with deodorant, actually i figured out a life hack where if you forget to put on deodorant you can use hand sanitizer and it’ll kill the bacteria that makes your pits stink. just keep checking from time to time and reapply', 'maybe try to wipe down the pits with either rubbing alcohol or a glycolic acid toner. they’ll kill bacteria. also use men’s sport deodorant, women’s deodorant sucks lmao. you could also try spray deodorant which i find works better for me than stick.', ""ok i think deodorant and/or antiperspirant is a must. nobody can really detect their own body smell. i remember that i tried a natural deodorant once and thought i was so cool until i got a whiff of myself by chance and boy did i stink. i will never use natural deodorant again. i would ask a relative for an opinion too and just start. dove makes great deodorant. also, any body hair, pubic, armpits, tends to trap body smells in. don't feel bad. i had a friend from africa who did not use deodorant and smelled terribly for years and noone, i mean nobody, including me, ever had the courage to tell him.""]"
359,69,359_fatphobic_ed_fatphobia_culture,"['fatphobic', 'ed', 'fatphobia', 'culture', 'asian', 'hate', 'fat', 'disorders', 'bodies', 'thin']","[""my ed has definitely been fatphobic at times, and it's something i have been working on. i don't take it as i'm a bad person, but just that, yes, i internalize the things my culture has taught me about size, value, and morality. and as an adult now, it's my responsibility to re-teach myself and live according to my own values.eds are very diverse and of course not every ed includes a component of fatphobia, and not all people with fatphobic ways of thinking act on it. but i've seen it a lot."", ""people are jealous. that's it. not all eds are even restrictive either? not everyone with an ed is trying to lose weight. think of it like this. there's fatphobic people in this world. there's eded people in this world. some just happen to be both. doesn't mean all eded people are fatphobic, just like not all fatphobic people have eds. people are numbskulls. don't listen to people spreading this hateful misinformation. it's both harmful and damaging"", ""people are jealous. that's it. not all eds are even restrictive either? not everyone with an ed is trying to lose weight. think of it like this. there's fatphobic people in this world. there's eded people in this world. some just happen to be both. doesn't mean all eded people are fatphobic, just like not all fatphobic people have eds. people are numbskulls. don't listen to people spreading this hateful misinformation. it's both harmful and damaging""]"
360,68,360_breakfast_dinner_lunch_salad,"['breakfast', 'dinner', 'lunch', 'salad', 'cheddar', 'scrambled', 'bacon', 'snack', 'slices', 'beef']","['today i did basically the same. one bacon, cheese, and fried egg stack. one breakfast sausage, cheese, and fried egg stack.i love breakfast food.....also made the girl kid, who started keto today (!) scrambled bacon and eggs. kcko', 'i hard boiled some eggs in my instant pot yesterday. lunch today is egg salad (made with avocado mayo), string cheese and some chicken. tonight is ground beef with butter, and some leftover cabbage soup.', 'breakfast: 3 eggs, 1-2 ounces of cheese and a two good yogurt, i grabbed blueberry today.lunch: a really big salad with 5 ounces of canned salmon, mayo, a little mustard and spices. big pile of greens, diced red bell pepper, tomato, dill pickles, some feta cheese, parmesan cheese, a small amount of shredded carrot and some sunflower seeds.dinner: tonight will be some chicken legs, probably with riced broccoli and a cheddar cheese sauce and maybe a dessert if i feel like it.']"
361,68,361_factor_meals_factor75_meal,"['factor', 'meals', 'factor75', 'meal', 'delivery', 'quality', 'cooking', 'variety', 'subscription', 'dish']","[""i currently use factor for dinner only. the meals are surprisingly very good but also have higher fat content than protein and kind of higher carbs so i wouldn't eat more than one factor meal a day. if you do not mind the prices factor offers a good variety keto dinners which can be hard to achieve on your own."", ""i also eat factor meals, but you need to be careful and track the macros. some have high carb content and almost all are high in calories. for lunch, for example, i would just get the factor meal (make sure it's a keto one) and skip the salad."", 'my factor meals came in and i’m in love!']"
362,68,362_osteoporosis_osteopenia_dexa_bones,"['osteoporosis', 'osteopenia', 'dexa', 'bones', 'fractures', 'doctor', 'vertebra', 'healthy', 'femur', 'estrogen']","['hey there, i was underweight for most of my youth as i had anorexia growing up. now my eating disorder is more like bulimia and i’m at a healthy weight. my doctor didn’t think it was necessary to do a bone density scan because i’m at a healthy weight, however my psychiatrist insisted. turns out at the ripe age of 20 i have osteopenia, which is a less severe form of osteoporosis. now i take a calcium and vitamin d supplement and hopefully over the next few years i’ll be able to increase my bone mass.so, i recommend you ask your doctor to get a bone density (dexa) scan done. from there you’ll be able to assess whether you need supplements or medication to improve your bone density.', 'it sounds like you’re doing everything you can to prevent osteoporosis. if you continue to work toward a healthy weight/healthy eating, you should be able to ensure that you prevent losing bone density any further. you can also ask your doctor to get a dexa scan to check your bone density. i had osteopenia but through recovery my bone density is restored to normal. you’re doing everything you can right now to ensure you’re healthy - that’s what’s important.', ""i don't have osteoporosis (yet), just osteopenia.talk to your doctor about it and ask if they can schedule a dexa scan for you. a dexa scan measures your bone density and can determine if you have osteopenia or osteoporosis in each of the areas they check. my doctor has me get one every 1-to-2 years.""]"
363,68,363_mcdonald_food_calorie_fries,"['mcdonald', 'food', 'calorie', 'fries', 'deficit', 'eat', 'healthy', 'nutritional', 'meal', 'poor']","['i ate fast food and still lost weight. it was actually easier to eat fast food because the calorie counts were pretty accurate and i didn’t have to put in any extra work. be aware that the scale might show an increase of weight due to all the sodium that’s in fast food. it’s normal and it’ll go away within a few days.', ""yes. you could technically still lose weight on a pure fast food diet as long as you stay within your calorie limits. but please don't do this because fast food isn't filling at all and not good for you either"", ""technically you can still eat fast food of you're still at a caloric deficit. the problem with fast food is that it's all so high in calories and you're not even getting that much food, so you won't stay full for very long. eating healthy doesn't mean you have to eat nothing but salads. there are tons of great recipes online for healthier eating. it's definitely more work than just going out for fast food, but it doesn't have to be boring.""]"
364,68,364_restriction_calories_means_terms,"['restriction', 'calories', 'means', 'terms', 'cals', 'intake', '600', 'lower', 'confusing', 'numbers']","[""restriction is any form of calorie restriction. some people say there is high restriction and low restriction, but yeah.. restriction is basically just restricting your calories in any form and fasting would be having no calories at all. i hope my comment is allowed lol it's like my first time commenting so"", 'high restriction is restriction but on the upper number of calories. similarly, low restriction is restricting to a low number of calories, mid restriction being mid range. this can depend on the person, regarding activity levels, tdee, height, and their ed itself so try not to compare numbers, but to give an example, my high restriction is  1200-1500, my mid restriction is 1200-1000, and my low restriction is anything under 1000 calories a day <', 'how many calories is high restriction vs low restriction ?']"
365,67,365_noises_misophonia_chewing_smacking,"['noises', 'misophonia', 'chewing', 'smacking', 'mouths', 'loudly', 'chews', 'rage', 'earplugs', 'sniffling']","['yep i can’t stand the sound of my family chewing and eating. idk if they’re just loud disgusting eaters in general or if it’s me but i have to leave the room or i will become angry. like idk, even when i’m alone i chew slowly and quietly but they will just smack their lips and chew with their mouth open and it makes me wanna gag even just typing this out. i also can’t stand the sound of dogs eating or making any sort of licking/mouth noises.', 'i have a husband with misophonia this has happened to me too. he would have gotten triggered by anyone’s eating noises—it’s not you specifically. at the same time i know how hard this can be and how easy it is to let the ed win. i wish you both the best', 'yeah, it makes me irrationally angry i’ll start crying or even get triggered into a panic attack. i have misophonia my main triggers are chewing noises snoring. not misophonia related but i also really hate when people go “mmmm,” or express how good things are out loud. it grosses me out makes me so upset for some reason']"
366,67,366_vet_carnivores_cat_animals,"['vet', 'carnivores', 'cat', 'animals', 'omnivores', 'feeding', 'meat', 'diets', 'digest', 'kibble']","['those of us who feed our dogs raw would really disagree with this.dogs are meat eaters.there is no nutritional benefit for them in giving them grain. technically they can digest starch yes, as can people, but dogs were never intended to eat grains.they are predatory animals, designed to eat meat.', 'i have two cats. one is black and eats kibble (lots of carbs). the other is a bengal and can only eat meat. i chop up some raw meat, and feed her wet food from a can (no grains). if i cooked it, she wouldn’t be able to eat it. i say all this to point out that your dog needs a dog diet of dog food. not a people diet of people food. dogs are different than people and cats. find out what food is best for your dog and give him that.', 'i tried a grain free diet for all 3 of my dogs. my 2 boys will literally eat just about anything. my girl... if it was grain free, she wasn’t having it. some dogs just don’t like it']"
367,67,367_sleep_gym_routine_schedule,"['sleep', 'gym', 'routine', 'schedule', 'waking', 'mornings', 'late', 'exercise', '6am', 'energized']","[""i work out immediately after i wrap up work, so in the later afternoon early evening. i find this helps me wake up and feel energized for the rest of the day, whereas i would feel tired from work otherwise. if i have things scheduled, i try to work out earlier if i can, or just adjust how long my workout is. if i can't do it that day, i just pick up with the usual schedule the next day"", ""you work out when you are able. i have small children, a job, a routine in the morning, and the only me time is at night when i am tired. so i work out at night.ideally, i've always done best with early morning or mid-afternoon workouts, but that isn't an option for me. this is an example of making do with what you have...."", 'is it better to work out in the morning or before bed?']"
368,66,368_sweats_temperature_sweaty_bed,"['sweats', 'temperature', 'sweaty', 'bed', 'hormones', 'cold', 'estrogen', 'doctor', 'gland', 'sometimes']","[""this happens to me but i think it's related to my meds not ed as i didn't get night sweats until getting to a higher dose of it. but this was consequently during a time where i increased my food intake with my dietitan so idk who knows? even if i start restricting again i still have the night sweats though, so i'd assume it's my meds"", 'does anyone else get night sweats if they eat too close to bedtime?', 'yeah i get night sweats badly during the night both when i’m restricting or if i have a day of eating even a little more than usual. but night sweats in restriction and recovery are common symptoms']"
369,66,369_whey_insulin_amino_casein,"['whey', 'insulin', 'amino', 'casein', 'leucine', 'proteins', 'insulinotropic', 'igf', 'spiking', 'glucose']","[""that protein shake with the fake sugar, actual sugar and whey protein is going to spike your insulin.no, it won't. stop watching delauer.whey protein is 'keto protein' and there's nothing wrong with artificial sweeteners."", ""if your whey doesn't contain actual sugar, how would it spike insulin?am i missing something?if your whey contains sugar (or any sort of carbohydrate or polyol that will raise blood sugar), then it's not the whey that's causing an insulin spike."", 'you can consume whey protein when eating keto. please read the faq. whey does not “spike” insulin. it increases it to get the amino acids in your cells. without it you would have no muscle.']"
370,66,370_addiction_addictions_drug_dopamine,"['addiction', 'addictions', 'drug', 'dopamine', 'control', 'addict', 'brain', 'alcohol', 'quit', 'addicts']","['i’ve been there, i still am. like 2 years after and i don’t know how to stop either :( i read that it is like any other addiction, not only a habit.', ""good luck i know that addiction is rough, i'm an addict myself. but you can also get addicted to feeling and looking great, that's my new addiction, i hope you catch it remember, one step at a time"", ""you can do it. some advice from someone who battled addiction:no, you cant have just one now that you've gone x amount of days.get some support.exchange the addiction for a healthy addiction. like get addicted to yoga. or reading.pray. breath deeply and know if you end up in a situation, all you have to do is get past a few hours and it'll be gone. you'll feel better.""]"
371,66,371_saliva_chewing_intestine_digestion,"['saliva', 'chewing', 'intestine', 'digestion', 'absorption', 'calories', 'enzymes', 'swallowing', 'chew', 'digest']","['food starts to break down in your saliva. most of it is absorbed from your stomach and intestines. a very minuscule amount is absorbed through the mucosa in your mouth. so if you are spitting and genuinely not swallowing anything even your own saliva, hardly any calories will count. not a great habit to get into, you probably already know the downsides. there’s something about c/s that is just such a let down for me lol', 'calories aren’t absorbed in the mouth, no - what happens in the mouth is enzymes in your saliva start breaking down carbs into sugars which causes a chemical reaction signalling your stomach to produce stomach acid to digest the food it’s about to get. those sugars aren’t actually absorbed for energy until the intestines though. people hear ‘digestion begins in the mouth’ and think that means ‘calories are absorbed in the mouth’ but it’s not the case. ‘digestion’ refers to the full process of food moving through your digestive system (which includes your mouth), from entrance to exit, not just the absorption of calories.', 'i actually asked my anatomy and physiology teacher this. you don’t absorb any calories in your mouth but you will swallow some accidentally. whatever you swallow will be absorbed. your mouth has enzymes that break down food but until the food reaches the small intestine, it won’t be absorbed.']"
372,65,372_appetite_exercise_cardio_exercising,"['appetite', 'exercise', 'cardio', 'exercising', 'cortisol', 'ghrelin', 'dopamine', 'weightlifting', 'activity', 'energy']","['exercise suppresses appetite so you literally can exercise your hunger away, if you’re looking to suppress your appetite in the morning that is the simplest route to build a new routine with exercise in the morning and a tea or whatever', 'i know exercise kills my appetite the day i do it. the next day, however, sometimes i am just ravenous, especially if i did a more strenuous workout the day before. generally, exercise will make most people hungrier at some point as you body tries to compensate. seems like maybe endorphins are kind of an appetite suppressant, but idk.', ""i think it depends on the workout... i've heard that cardio can act as an appetite suppressant but things like weightlifting increase appetite. personally, i only do cardio and it definitely kills my hunger for a while afterward.""]"
373,65,373_dinner_lunch_salad_breakfast,"['dinner', 'lunch', 'salad', 'breakfast', 'today', 'sauteed', 'keto', 'omelette', 'sausage', 'zucchini']","['today was my first day back on keto and i chose convenience because i was overwhelmed. turkey sausage and eggs for breakfast, spinach salad with cheddar, avocado, and bacon with tjs vegan creamy dill dressing for lunch, shrimp burgers on more spinach and cheesy cauliflower rice for dinner, rounded off with a little bit of keto crack chocolate.', 'veggie keto girl here..yesterday i had a zucchini carbonara with mushrooms fried in garlic ghee and paprika instead of bacon, and a spinach, feta and mushroom omelette.today (and the rest of the week) i have a frittata with broccoli, cauliflower and blue cheese for breakfast, green veggie soup with spinach, kale, broccoli, cauliflower and cinnamon with haloumi croutons for lunch, and saag feta with cauliflower rice for dinner.🤤🤤', 'breakfast: omelette made with three eggs seasoned with a little onion powder and nutmeg, one ounce of spinach, an ounce of mushrooms and an ounce of fresh grated swiss cheese. coffee with whole cream (""heavy whipping cream"").lunch: prawns sauteed in a little melted butter and cajun seasoning, fresh salad greens tossed in red wine vinegar, avocado oil, salt and pepper. freshly brewed unsweetened iced green tea.dinner: roasted pork loin topped with a fancy keto-friendly creamy mushroom sauce, side of roasted asparagus. plenty of good ol\' tap water. i\'ve been spending a lot of time in the kitchen, thanks to this quarantine. :)']"
374,65,374_gains_months_lashes_keto,"['gains', 'months', 'lashes', 'keto', '170lbs', 'gainsss', 'pics', 'progress', 'facegains', 'chin']","['face gains since i started keto and fasting', 'face gains after 2 whole months on keto', 'new to keto, so what are “face gains”?']"
375,65,375_freckles_color_my_cute,"['freckles', 'color', 'my', 'cute', 'eyelashes', 'drawing', 'personality', 'boobs', 'iris', 'face']","[""i think i'm a pretty nice person and i like that i'm a hard worker in my classes.i like my eyes and my hair. i'm in a pretty bad downswing right now weight wise and trying to gain which is so ugh mentally -- but my hair is thick and straight and long and soft. and my eyes are nice, i think. :)"", ""i like my eyes and my hair colour. i've gotten a few compliments about my eyes and i think i have a nice shade of brown hair with some natural blonde/light brown streaks. a couple years ago a classmate asked me if i got highlights in my hair and idk why but i took it as a compliment."", 'omg and that, my cousins have both beautiful green eyes and freckles and they\'re not even related d:it\'s worse when you know that you had the genes :(it\'s not even ""i wish i had blue eyes"" it\'s ""i had 70% chance of green""at least i find brown eyes very pretty and warm, it\'s just that my face is too bland to make them shine :(']"
376,65,376_headaches_electrolytes_keto_magnesium,"['headaches', 'electrolytes', 'keto', 'magnesium', 'dehydration', 'supplement', 'ketoade', 'himalayan', 'withdrawal', 'pedialyte']","[""i usually just have my keto koolaid to prevent headaches. it does help with preventing headaches, but when i have a bad headache, the only thing i've found that helps is sipping on some salty bone broth."", 'been doing keto for a year, for some reason im having headaches', 'has anyone else experienced headaches while starting keto? i am at the end of day 3 and have had the worst headache since yesterday! any advice may help.']"
377,64,377_discord_chat_whatsapp_join,"['discord', 'chat', 'whatsapp', 'join', 'groupme', 'snapchat', 'telegram', 'facebook', 'groupchat', 'messaging']","['possible to create a discord chat or some way for us to chat all together?', 'oh same here i’m trying to see how we can create a private group chat? we could move off reddit as well. what are your thoughts? any ideas?i will create a group chat', 'would anyone be interested in a discord group chat?']"
378,64,378_cheese_mozzarella_cheeses_cheddar,"['cheese', 'mozzarella', 'cheeses', 'cheddar', 'macros', 'gouda', 'eat', 'calorie', 'cut', 'slices']","[""cheese is definitely ok! as long as it fits with your macros or whatever plan you choose. i just do if, don't really count calories, and i eat whatever cheese i want."", ""if your tummy hurts it's too much cheese. if you aren't meeting your goals because you're eating too many calories it's too much cheese. if you're malnourished because all of your calories went to cheese and you should have been eating something else along with the cheese it's too much cheese.it's probably not too much cheese but only you know for sure."", 'a lot of people eat cheese. some say that too much cheese stalls their progress, others aren’t affected by cheese. i don’t want to live my life without cheese, so i enjoy a little as long as it fits into my daily calories and my macros']"
379,64,379_tonic_okinawa_belly_japanese,"['tonic', 'okinawa', 'belly', 'japanese', 'ikaria', 'lanta', 'juice', 'lean', 'supplement', 'recipe']","['okinawa flat belly tonic review, is okinawa flat belly tonic really helpful in weight loss in 2021?', 'how to lose weight with okinawa flat belly tonic?', 'okinawa flat belly tonic the truth about the okinawa flat belly tonic']"
380,64,380_adhd_dopamine_binge_diagnosed,"['adhd', 'dopamine', 'binge', 'diagnosed', 'dopemine', 'forget', 'impulsivity', 'eating', 'focused', 'medication']","['not just lazy. i literally won’t keep up with cooking because of my adhd. only commenting because anyone who has bad adhd should really consider using factor. helped me lose 30 pounds in a couple months', ""recently got diagnosed with adhd and the psychiatrist told me that there's actually an association between binge eating and adhd. vyvanse, an adhd medication, is actually also used to treat bed too. it makes so much sense to me that my binge eating could be largely caused by my adhd too; i remember when i first tried going to a therapist about my bulimia, she seemed to assume that i was going through some kind of emotional turmoil when i binged and that binging was giving me emotional relief, and that confused me so much. usually when i binge, it's completely out of boredom. sadness usually leads me to restrict, not binge."", 'am i crazy or does starving help my adhd']"
381,63,381_metric_stone_units_kilograms,"['metric', 'stone', 'units', 'kilograms', 'uk', 'convert', 'measurement', 'integers', 'kilogramme', 'farenheit']","['freaking out so much about the uk system changing from metric to imperial', 'do you use the metric system or imperial? (tw numbers)', 'we belong to the confused generation: imperial for height and metric for weight. i actually use imperial for height and weight but metric for temperature, distance and weights of things other than myself. lol']"
382,63,382_lost_pounds_leslee_susan,"['lost', 'pounds', 'leslee', 'susan', 'hudson', 'dieting', 'kim', 'stone', 'overcoming', 'woman']","['leslee has lost over 80 pounds at 60 years old!', 'see how leslee has lost over 80 pounds at 60 years old', 'leslee has lost over 80 pounds at 60 years old!']"
383,63,383_cramps_cramping_calf_potassium,"['cramps', 'cramping', 'calf', 'potassium', 'electrolytes', 'cramp', 'supplements', 'horses', 'ketoade', 'capsules']","['what is the best solution for leg cramps on keto?', 'leg cramps and some ketoade advice please )', 'oh i severe leg cramps when i did keto and worked long shifts. magnesium supplements did the trick. i just take one in the morning and it made the leg cramps completely go away.']"
384,63,384_2019_monday_meal_avocadoedit,"['2019', 'monday', 'meal', 'avocadoedit', 'lovingspaghetti', 'persimmons', 'bean', 'my', 'squash', 'inflame']","['[2019-11-25] - [my meal monday] - what are you eating?', '[2019-12-30] - [my meal monday] - what are you eating?', '[2019-12-16] - [my meal monday] - what are you eating?']"
385,63,385_vegetables_veggies_nutrients_vitamins,"['vegetables', 'veggies', 'nutrients', 'vitamins', 'eat', 'veg', 'organs', 'essential', 'micronutrients', 'meats']","[""many of the vitamins and nutrients in vegetables are also present in protein foods and fatty foods.meat, dairy, fish, eggs contain calcium, sodium, magnesium, potassium, and many other vitamins and minerals, too.that's the reason why children who hate vegetables and are not forced by their parents to eat vegetables do grow up to be healthy anyway despite zero vegetables btw separate from any weight loss diet that someone may be following, many people choose to take a daily multi-vitamin either as suggested by their doctor or just making that choice one their own."", 'you don’t have to eat those vegetables but you should eat some vegetables for fiber. or, don’t eat any vegetables and check out carnivore/no carb diets.it would be not that hard to get enough calories eating only meat dairy pecans and almonds.', ""no one needs to eat raw vegetables to have a healthy diet or to lose weight.if there is some minimal loss of nutrients, he's still much better off eating cooked vegetables than most other options.boiling, steaming or (my preference) roasting vegetables is perfectly good. and he doesn't need to eliminate starches, but the more he can offset them with non-starchy vegetables the better.weight loss is ultimately about eating fewer calories than you burn, and that can be done in a lot of different way. but vegetables are a good way to get there.""]"
386,63,386_ana_proana_forums_sub,"['ana', 'proana', 'forums', 'sub', 'tumblr', 'blogs', 'spaces', 'subreddits', 'communities', 'toxic']","[""the side of twitter that says they're not pro-ana, but has a lot of the same pro-ana type of content. most people there don't have a support system, and a lot of the posts make me either sad or angry. not enough love or positivity in that place."", 'unfortunately all the anti-pro ana content is introducing kids to these communities. i’d never known what it was without articles and videos saying that it’s bad, but at the same time we need to spread awareness on pro ana, it’s so hard to figure out what to do because no matter what the outcome is going to be people joining pro ana', 'i mean there’s different levels of pro ig like there’s “posts fasting tips but supports recovery” pro ana and then there’s “your ugw is too high aim lower starve better” pro ana']"
387,62,387_eating_disorders_advice_an,"['eating', 'disorders', 'advice', 'an', 'needing', 'recovery', 'bulimic', 'healthy', 'homecoming', 'binge']","['losing weight when you used to have an eating disorder', 'how to lose weight with a binge eating disorder?', 'is there really a way to lose weight after having an eating disorder']"
388,62,388_himself_boyfriend_change_encourage,"['himself', 'boyfriend', 'change', 'encourage', 'ultimatum', 'supportive', 'gym', 'health', 'obese', 'help']","['i think the best thing you can do is let him be him. however, you can get super strict with it and show him what kind of results he could achieve. sometimes, a person just needs to see that it’s actually possible.', 'be supportive, show him you’re proud of him for what he’s doing and celebrate his wins. but let him be accountable for his journey. you run the risk of the relationship only being about him being overweight and it’ll end in resentment. you could do things like share a healthy recipe that you cooked that was super yummy or send him cute pictures from the gym. it might make him want to do the same', 'i would tell him that you can’t give him any safe advice but that you’re proud of him for trying to take care of his health and that you support him. my mother goes through something similar and i can tell her that i’m very supportive of her weight loss because i need her to live and be happy.']"
389,61,389_pizza_slices_pizzas_eat,"['pizza', 'slices', 'pizzas', 'eat', 'deficit', 'calories', 'week', 'domino', 'weight', 'cico']","['you will gain ""weight"" until the pizza digests and water ""weight"" from sodium, but you will not gain fat. one pizza is only like a normal days calories so considering all the fasting you\'ve done you\'ll still be at a big negative for the week/ month. it may take a few days to balance out but please believe that 1 pizza (even a whole one) doesn\'t equal fat gained.', 'yes. it wouldn’t be a good diet for nutrition, but vitamins and supplements can help. just keep in mind that pizza is extremely high in calories and you’d have to run 5 or walk 10 miles a day to stay at a calorie deficit assuming you ate a medium cheese pizza from dominos. obviously going with a frozen, lower calorie pizza like digiorno would help, as would eating less pizza.', ""how many calories are even in a large pizza? i would guess less, or worst case close, to the amount of calories you need to consume per day as part of your diet. so just eat the pizza, a piece or two for lunch, another couple for dinner.. it will probably still be good for breakfast tomorrow. don't beat yourself up for buying a pizza, we all slip sometimes.""]"
390,61,390_nausea_nauseous_vomiting_puke,"['nausea', 'nauseous', 'vomiting', 'puke', 'nauseated', 'stomach', 'keto', 'days', 'vomit', 'diarrhea']","[""it's common the first weeks of keto, and temporary. making sure you're getting enough sodium, potassium, and magnesium is important a) in general, b) because it can affect nausea and appetite, and c) if you're not getting it from food.protein shakes are useful for keeping your protein up. lean meat if your nausea seems especially triggered by rich food."", 'i just started 12 days ago, and i experience nausea when i smell meat cooking. i have never had this problem before keto. i can smell everything. i have had a couple days of nausea after eating also.', 'i have had nausea sometimes. agree with others that it is often eating too little. i have also seen a video about nausea and keto which i think mentioned the gallbladder can sometimes be sluggish and cause nausea symptoms? maybe check that out too with your doctor. also i don’t think it’s good to get medical advice if you can’t come clean to your doctor about the way you’re eating. but it’s so difficult to find one that isn’t poorly informed on nutrition.']"
391,61,391_cakes_bread_flavored_bland,"['cakes', 'bread', 'flavored', 'bland', 'caramel', 'popcorn', 'cheddar', 'toast', 'crunchy', 'cal']","['me thinking about wanting to buy rice cakes', 'are rice cakes and whole wheat bread actually good for you?', 'what do you guys eat on your rice cakes?']"
392,61,392_porn_sex_addiction_his,"['porn', 'sex', 'addiction', 'his', 'relationships', 'pornismisogyny', 'boundaries', 'esteem', 'insecure', 'betrayal']","['like i said, the act of limiting someone’s personal life is controlling, especially when it has nothing to do with you. if someone’s insecurities make it so that they feel uncomfortable being with someone, that’s all fine, but it’s not anyone’s place to tell someone what to do with their body. its not normally a reason to break up with someone over their porn habits unless they tell that it involves things such as child porn or animal porn or fetishizing illnesses or maybe even porn addiction.', 'if you dont like your partner using porn, dont date someone who uses porn? getting mad over someones obscure porn interests is a you problem, since often times people wouldnt fuck the ppl in porn they watch. for example (tmi warnin) i enjoy watching straight porn, but i am gay. doesnt mean id fuck anyone in the porn, since if i did it would literally not make sense lol', ""ik this post is a few days old, but i just wanted to say that it's okay not to be okay with porn. it is okay to have boundaries. this isn't just an insecurity thing — a lot of women who don't have ed's/body dysmorphia do not want their partners watching porn. i disclosed to my partner very early on that i was not okay with him watching porn, and he agreed not to. men do not need porn, and if someone refuses to quit porn in order to make their partner feel better about themselves and the relationship, then either the two are not compatible or the guy has to reevaluate his dependency on porn.""]"
393,61,393_100lbs_100_congratulations_congrats,"['100lbs', '100', 'congratulations', 'congrats', 'lbs', 'pounds', 'accomplishment', 'coasters', '100lb', 'phenomenal']","[""i want to say congrats on losing 100lbs that's just fantastic take a minute and congratulate yourself on that, it's really a big deal. also on sticking to this for 2 years amazing you will get where you want to be, you'll figure it out."", 'thank you so much i can’t even imagine what it’s going to be like when i finally get to a healthy weight. i could safely lose 100lbs total. i don’t even know if i can lift 100lbs', 'how my i got to start my journey to losing some weight( 100lbs) in less than a year.hope you get inspired']"
394,60,394_rewards_reward_milestones_buy,"['rewards', 'reward', 'milestones', 'buy', 'gifts', 'rewarding', 'prizes', 'smartwatch', 'salon', 'clothing']","['agree with others, use non-food rewards. i plan to reward myself in a small way at each 10 lb milestone. for my first 10 lbs, i got a mani/pedi. sounds like a small thing, but i’m a broke ass student so it was a big deal for me and made me feel really good.', ""i set small rewards for myself for every 5 pounds that i lose. for example i might treat myself to some flowers or a manicure. others are for when my loss may be at a point where i need new clothes so a goal might be a new shirt. if i reach my full stretch goal, i'm buying a while new wardrobe. . for me it really is easier to go for the small goal instead of focusing on the huge number. and the small rewards are fun"", ""i'm doing some specific rewards for milestones in my journey. when i hit my first goal of 10 lbs down, i'll buy some fancy new nail polish. when i hit my goal of 35 lbs down i'll get new sunglasses. 60 lbs down? new shoes. each milestone reward gets progressively more exciting for me all the way until i hit my goal weight, when i'll go shopping for new clothes that fit.""]"
395,60,395_2020_monday_meal_11,"['2020', 'monday', 'meal', '11', 'are', 'wiggles', 'my', 'restricter', 'spectacular', 'sustenance']","['[2020-11-16] - [my meal monday] - what are you eating?', '[2020-11-30] - [my meal monday] - what are you eating?', '[2020-10-12] - [my meal monday] - what are you eating?']"
396,60,396_ebook_books_guide_angiegreg,"['ebook', 'books', 'guide', 'angiegreg', 'tips', 'aging', 'udemy', 'manuals', 'ebooks', 'reprogramming']","['a free ebook to help you lose weight.', 'get a free weight loss ebook on diet and health', ""get this free weight loss ebook it won't be free for long!""]"
397,60,397_cellulite_genetics_appearance_bikini,"['cellulite', 'genetics', 'appearance', 'bikini', 'collagen', 'dimples', 'creams', 'fat', 'thighs', 'toning']","['as far as i know cellulite does not affect growth and height. everyone has cellulite. the stuff you see on insta, fb, anywhere with perfect airbrush skin is all fake. everyone has cellulite it’s cool. genetics, age, weight, etc play a role on how much you have of it. from my experience losing some weight and toning up seemed to help but i stopped dreading cellulite and accepted it. after i got over i started wearing shorts daily.', 'i’ve had cellulite since about 14 and i’m now 37. been kept the past few weeks and my cellulite has definitely gotten better. i’m 5’9 and 145, not trying to lose weight but doing this due to insulin resistance. reduced cellulite is a nice perk!', 'less fat but more cellulite what is happening']"
398,60,398_carbs_workout_muscle_lifting,"['carbs', 'workout', 'muscle', 'lifting', 'workouts', 'gym', 'protein', 'lifts', 'lean', 'anabolic']","['awesome. if you are doing a lot of heavy lifting you will probably mostly gain muscle then. sugar/carbs will make it easier to gain muscle also as you will have enough energy to lift.', 'a lag in performance is common in the beginning. should pick up again in the coming weeks. no you dont need carbs, you need water and electrolytes before and after you workout. would i get away with perhaps eating a bit more protein on workout days? you can get away with lots of protein on all days! protein is very important on both lift days and rest days, dont limit it other than to avoid going over on calories or for a medical reason.', ""i had an argument with a friend at school when another friend asked what to eat when trying to build muscle, he said eat 0 carbs, and i said that you need carbs for energy, not simple but complex carbs are great for building muscle has they take awhile for your body to digest and give you slow release energy so you won't crash. they said that isn't true and the only way to build muscle is to eat little to no carbs. i said then how come almost all bodybuilders eat high carbs? they use them for energy, like eating oatmeal with protein as a pre-workout meal. they eventually just gave up but seriously, carbs aren't the devil, especially complex carbs that provide energy and fiber""]"
399,60,399_chocolate_dark_craving_treats,"['chocolate', 'dark', 'craving', 'treats', 'tasted', 'lindt', 'sweets', 'binge', 'frosting', 'frozen']","[""same i try to very rarely eat chocolate because i'll buy one piece and then spiral down into a whole weekend of eating chocolate anything, which sucks because i absolutely love chocolate :("", ""you need to figure out how to stop completely - or restrict the amount effectively.i would choose the latter as the first isn't realistic even without any cravings, i eat my homemade chocolate very nearly every day.you can have your chocolate if you can handle it - but not in any amount and instead of real food.eat normal food first, that's very important. my little, unsweetened chocolate is in the very end of my single meal of the day, it works well but i have no chocolate days as i don't want to be a total addict who can't imagine a day without chocolate. i love it so much, i need to be careful, it has a lot of calories too..."", ""i worked out how much lindt 90% dark chocolate i could fit into my macros, but mostly went cold turkey on the chocolate. i used to eat at least 200g milk chocolate a day. giving it up was ridiculously hard. now i have 10 or 20g of the dark chocolate every so often and i haven't finished a 100g bar i got before christmas. it means when i really want chocolate i can have some - i love dark chocolate, but it's hard to binge on, which works well for me.essentially: she needs willpower and discipline to get over the addiction, which can only come from her.""]"
400,59,400_onederland_derland_onderland_hundredland,"['onederland', 'derland', 'onderland', 'hundredland', 'honor', 'onederlanddddddddddddd', 'alliterate', 'gaelic', 'alliteration', 'cryi']","['onederland! for the first time since i was 10.', 'onederland for the first time in my life', 'onederland for the first time in my life!']"
401,59,401_ocd_compulsions_obsessions_compulsive,"['ocd', 'compulsions', 'obsessions', 'compulsive', 'therapy', 'anxiety', 'diagnosis', 'obsessive', 'therapist', 'disorder']","[""i have ocd as well (along with other things lol) and sometimes i can't tell the difference between the ocd and my ed. they are both obsessive but i'm finding after being medicated for a bit, what i used to like is different now."", 'there is no such thing as an ""ocd personality."" there seems to be a lot of overlap of ocd the disorder or ocpd (which is completely different) and eds, but ocd is not a personality trait.', 'my dad has ocd, i was flagged up as having “ocd tendencies” before my disordered eating transformed into a full blown eating disorder a few years ago: but never ocd. this does not surprise me.']"
402,59,402_clean_dirty_subjective_dirt,"['clean', 'dirty', 'subjective', 'dirt', 'processed', 'definitions', 'foods', 'superfluous', 'unwashed', 'unclean']","['i\'d say like 20% dirty and 80% clean.i eat very little dirt. i even rinse my produce.jokes aside, ""clean"" and ""dirty"" are such vague and subjective terms that they don\'t really mean anything more than ""yay"" and ""boo"".', ""is artisan cheddar cheese clean?is butter clean?is olive oil clean?is half and half clean?is frozen broccoli clean?are store-bought tomatoes clean? (keep in mind the tomatoes in your produce section have been treated with ethylene)they're all processed. so how processed does something have to be until it's dirty in your opinion?"", 'it’s kind of not though. most people have a sense of what you mean when you say clean or dirty. clean usually refers to non-processed whole foods while dirty is usually processed garbage.']"
403,59,403_eggs_fasts_fasting_vicky,"['eggs', 'fasts', 'fasting', 'vicky', 'plateau', 'gimmicks', 'macros', 'diet', 'managed', 'plan']","['egg fasting...what is it about and would you recommend it to me?', 'egg fast (and fasting in general) and exercise', 'whole eggs have more fat; i’m going for low fat protein. egg whites would probably work, but you’d need a lot of them. but i think people do egg fasts. i just haven’t tried it.']"
404,59,404_lap_2019_personal_week,"['lap', '2019', 'personal', 'week', '07', 'victories', 'have', 'sweetalso', 'collared', 'rearview']","['[2019-10-25] - [weekend victory lap] - have you had a personal victory this week? share it with us!', '[2019-10-11] - [weekend victory lap] - have you had a personal victory this week? share it with us!', '[2019-12-20] - [weekend victory lap] - have you had a personal victory this week? share it with us!']"
405,59,405_depression_exercise_walk_endorphins,"['depression', 'exercise', 'walk', 'endorphins', 'mood', 'cure', 'walking', 'yoga', 'health', 'helped']","['exercise is likely to give you more energy and help with your depression. why not give it a go for a few weeks and see if it helps you? if nothing else, it’s good for your heart.', ""depression is severe. any mood issue that can be fixed with exercise was probably not much of an issue to begin with. exercise is very important, and if you have psychological issues then you should be doing it every day. but again it's not an effective treatment for actual depression."", 'i suffer with severe depression on the daily. and i’m not offended that people with mild or moderate depression can benefit from exercising. no one said “just exercise” or exercise is the cure. it was just offered as potentially helpful. i am offended that you would say a person who doesn’t have severe depression doesn’t really have an issue. that’s totally invalidating and the equivalent of “man up.”']"
406,58,406_macros_macro_text_scroll,"['macros', 'macro', 'text', 'scroll', 'posting', 'section', 'tracking', 'paste', 'adjustment', 'redesign']","['am i doing this right? my first day macros', 'that out, then scroll all the way to the bottom (if you think you are there, scroll further down) to the section that talks about posting a question to reddit. copy and paste that entire text box (dont edit out some of the details) in your topic here, and we can evaluate if you have set your macros properly, and if not, can offer up suggestions for changes to make.but at first glance, yes your macros are not set right.', 'i don’t know what my macros should be..']"
407,58,407_growth_consult_teenager_keto,"['growth', 'consult', 'teenager', 'keto', 'healthy', 'whole', 'diet', 'nutrients', 'processed', 'proteins']","[""honestly, before going keto i would suggest you just cut out sugar, processed foods, empty calories and focus on eating whole foods and staying away from flour and starches. don't limit veggies, consume fruits in actual moderation. there's not necessarily anything wrong with trying keto, but you're still growing and developing in ways that most of us are not.also, and don't take this the wrong way, but at your age although it is possible for you to do the research, learn everything and do keto in a correct and healthy way it's a lot less likely. the few young teens i've seen on the subreddit have pretty much all been attempting keto in an uneducated and frankly idiotic way.what are you hoping to accomplish by doing keto exactly?"", 'you are tall but that doesn’t mean you are done growing. at your age, you should consult a doctor for sure. there are others on here that have their children on keto diets with a lot of success but it is imperative you get all the nutrients you need while still growing.', 'keto is healthy at any age. the things that might be unhealthy (regardless if on keto or not) are:excessive calorie deficit. that could stun growth doing keto for 2 weeks (half a month) and losing 4 kg - might be excessive deficit. depends how much was your initial water loss. limit your weight loss to 1 kg a month in the future. it also gets complicated when you are still growing. (growing adds some healthy weight). so measure your under skin fat (belly and ""love handles""). be sure you are not adding there.insufficient protein. still growing - you need high quality proteins (unprocessed meat). be sure that you are at the high range of macro suggested protein intake. in no case eat less than 150g of proteins.']"
408,58,408_cheese_salad_beef_eggs,"['cheese', 'salad', 'beef', 'eggs', 'veggies', 'pizza', 'starchy', 'sausage', 'guac', 'olives']","[""rotisserie chickens from the grocery store, tuna in the foil packets, squirt some mayo packets in, boom, lots of protein. hard boiled eggs, nuts, yogurt, cottage cheese, bags of salad if he likes salad, avocados, turkey pepperoni has a fair amount of protein, canned chicken does too. beef jerky just watch out for those carbs, read labels. he could get frozen chicken wings and maybe microwave them if he's really in a jam. there's fast food options, bunless burgers. that's all i can think of."", ""my go tos:lettuce boat tacos: meat (whatever is available, i prefer bacon or carnitas) guac, sour cream, salsa, black olives, cheese.whisps parmesan cheese crackers dipped in 'good culture' cottage cheese.celery sticks dipped in guac.my so go tos:breakfast burrito with scrambled egg, meat of any variety, salsa, cheese.pizza made on a low carb tortilla.nuts, cheese sticks, tillamook beef sticks, jarred jalapenos, he also eats watermelon but idk if that's within your limits."", 'we eat eggs and bacon, spinach salads with bacon, shredded cheddar cheese, tomatoes, sunflower seeds, and homemade dressing (sour cream, salt, pepper, coconut milk, and cayenne pepper). he also likes pizza casserole, taco soup, fat head dough (flat bread) with chicken crack (canned chicken - just chicken and water drained, cream cheese, shredded cheddar cheese, and chalula), and a host of other items i make from scratch. i always read labels and sometimes he over does it on the macadamia nuts or peanuts. i always have eggs, cheese, cream cheese, almond and coconut flours, sour cream, heavy cream, celtic salt, finely ground pepper on hand. i love to cook!']"
409,58,409_gluconeogenesis_glucose_demand_substrates,"['gluconeogenesis', 'glucose', 'demand', 'substrates', 'gluconeogenic', 'glycation', 'proteins', 'liver', 'noncarbohydrate', 'insulin']","['this is not true. gng is a real thing yes, but it is driven by the demand for glucose, not the supply of fat or protein. your body will not generate more glucose than it needs because why would it?gng can also turn part of fat into glucose, so the ratio of fat to protein preventing that would make no sense. ', ""gluconeogenesis is a thing. but it is a demand driven process. if your brain needs glucose and there is none to be had it will use gng to turn protein into the needed gluconic amino acids, but your body doesn't take all excess protein and convert it."", 'a masters in biology should tell you thats not how metabolic pathways work my friend. gng can turn protein into glucose but it wont do it for no reason. gng is demand driven, not supply driven, this has been discussed so many times.why would your body convert amino acids to glucose if it doesnt need them?  x200b;generally, consumption of gluconeogenic substrates in food does not result in increased gluconeogenesis']"
410,58,410_diabetics_she_insulin_doctor,"['diabetics', 'she', 'insulin', 'doctor', 'diabetic', 'medications', 'diabetes', 'ketoacidosis', 'ketosis', 'hypoglycemic']","['i\'m a type 1 diabetic. what\'s her a1c? what type of diabetes? if she\'s type 1, low carb, high fat is useless to control blood sugar. and for a type 2, high fat diets can exacerbate insulin resistance. her doctor is threatening insulin as a punishment. insulin is a life-saving tool. that first injection of insulin was such a relief when i was diagnosed. ""everything runs my sugar up"" would strongly indicate to me that insulin is needed. i would start with answering that question definitively -- maybe a different doctor. keto won\'t control blood sugar if you aren\'t making or using insulin efficiently.', ""your body can regulate your blood sugar by .i cannot answer your second question, i don't know enough about diabetics. from what i remember, diabetics have a lot of insulin due to a ?fatty pancreas? and high blood glucose. so i can think of two reasons: 1. your wife is still running on blood glucose and glycogen, so that her body hasn't been forced into ketosis. 2. your wife is in ketosis, but because of some other circumstance, you haven't been able to detect excess ketones in whatever test you have been doing,x200b;that being said, i really don't know how a diabetic is supposed to adjust their medications when doing a low carb diet, i just don't know enough. "", 'she needs to lower her insulin along with her carbs or the insulin will take too much glucose out of her blood and put it into fat storage causing hypoglycemia. she should consult with her doctor about how much she should lower her insulin by.']"
411,58,411_posts_removed_community_support,"['posts', 'removed', 'community', 'support', 'topics', 'resume', 'subreddit', 'diets', 'moderators', 'violating']","['your post from keto was removed because of: \'2. off topic/cheat post\'this post was removed for being off topic or a cheat post. all discussion surrounding non-keto topics must be confined to the daily community support thread that is pinned to the top of the subreddit.2: stay on topic. off topic posts include: cheat posts, posts about other diets/others that are not eating keto, ""farewell"" posts, posts asking how to stop keto and resume a ""normal"" diet, introducing carbs back into your diet for whatever reason, etc.', 'your post from keto was removed because of: \'2. off topic/cheat post\'this post was removed for being off topic or a cheat post. all discussion surrounding non-keto topics must be confined to the daily community support thread that is pinned to the top of the subreddit. off topic posts include: cheat posts, posts about other diets/others that are not eating keto, ""farewell"" posts, posts asking how to stop keto and resume a ""normal"" diet, etc.', 'your post from keto was removed because of: \'2. off topic/cheat post\'this post was removed for being off topic or a cheat post. all discussion surrounding non-keto topics must be confined to the daily community support thread that is pinned to the top of the subreddit. 2: stay on topic. off topic posts include: cheat posts, posts about other diets/not eating keto, ""farewell"" posts, posts asking how to stop keto and resume a ""normal"" diet, etc.']"
412,58,412_mosquitos_bites_fleas_swarmed,"['mosquitos', 'bites', 'fleas', 'swarmed', 'picaridin', 'repellent', 'attracted', 'sweat', 'itchy', 'insect']","['has anyone else noticed fewer mosquito bites while on keto?', ""someone mentioned getting fewer mosquito bites since starting keto, and i'll be damned if i didn't think back and realize that i wasn't getting bitten as much either, and i am a magnet for bites. like, open the window once for five minutes, and i got bitten 9 times while the two people sitting directly on either side of me got nothing. on top of that, the bites i did get were not as aggressively awful as they usually get."", 'yea yes yes. normally i got bitten a lot and i was the first one to get bitten. but since in went keto no more bites or just one during the whole summer and i think thatched something different then a mosquito. yay']"
413,57,413_metabolism_metabolisms_persons_energy,"['metabolism', 'metabolisms', 'persons', 'energy', 'height', 'genetic', 'affect', 'thinner', 'differences', 'calories']","['i respectfully disagree. i do naturally have a fast metabolism and even weight restored in recovery need to eat well over 2000 cals< i’ve always been like that though.and keep in mind folks with any kind of thyroid issues, that directly affects metabolism. there are faster and slower metabolisms out there. i will say if anyone is active in their ed, it’s not the time to determine if metabolism is fast or slow as behaviors are being used.', ""metabolism will only cause at most a 10 lb difference. say you have two people, same exact height, same gender. if they both eat the same exact diet and exercise the same amount, the person with the slower metabolism will be a most 10 lbs heavier than the person with the faster metabolism. this is assuming that they have the fastest natural metabolism possible and the slowest natural metabolism possible. a lot of people blame not being able to lose/gain weight because of their metabolism, but really it's the unconscious habits they have."", 'normal people be talking about “slow metabolism” “high metabolism”']"
414,57,414_peel_eggs_boiled_shell,"['peel', 'eggs', 'boiled', 'shell', 'peeling', 'trivet', 'method', 'stove', 'cooking', 'quick']","['i have perfected my eggs in the instant pot, 3 minutes high pressure, quick release and ice bath immediately. ( i know others say 5 and 5 minutes, but i like that taste better this way. )on the stove my method is to keep eggs a week or two in the frig then drop them in hot water, bring to boil, turn off stove and cover them for 10 minutes, then ice bath. a little vinegar in the water helps to soften the shell.i make 10 eggs each week for my lunches and have perfected my methods. i peel them and use small containers to package them in for the week.', 'cover eggs in water.set temp to high and boil for 12 minutes (start timing when they start boiling).remove from heat and put into an ice bath for 30 seconds. this cools the eggs and pull them away from the shell. it makes it easy to peel. if you still have trouble, peel under running water.', 'peel a dozen eggs in 2 minutes. (perfect boiled eggs that peel perfectly)']"
415,56,415_sorry_condolences_keto_recommitment,"['sorry', 'condolences', 'keto', 'recommitment', 'sending', 'family', 'grief', 'mourn', 'helps', 'peace']","[""sorry for the loss of your father. i lost my father 4 years ago. it's a hole that doesn't easily fill. remember to self care, treat your grief. that emotional part of you that is still raw. good luck with your keto journey,, which is going so well! wow. wow. questions- have you considered varying what you eat? i do understand the need for strict discipline. i'm just curious, do you get bored? don't forget fitness. it's hard at first. but what it does mentally is so wonderful. wow again. your father would be proud. i am."", ""i did make it here, at the very end. so sorry for your loss. i can't and don't want to even imagine how this kind of loss would change my life and lifestyle. i hope you are doing okay, and for what it's worth, it's great to have you back into the keto family!"", 'my deepest condolences for your loss. the loss of a companion is so hard and you are only human, try not to beat yourself up or feel guilty for slipping up. there is a sub called r/petloss that may have more specific help with how to grieve and find whatever peace you can.i wish i had more words of comfort, but regarding keto the best you can do is forgive yourself and move forward. try to catch the trigger that leads you to emotional eating and redirect it if possible. it’s not that simple, but 30 minutes of walking or tuning out the world with music or a comforting show helps me avoid emotional eating sometimes.']"
416,56,416_inflammation_autoimmune_anxiety_curcumin,"['inflammation', 'autoimmune', 'anxiety', 'curcumin', 'foods', 'capsules', 'cortisol', 'diets', 'reduce', 'eggs']","['have a look at your omega 3/6 balance. omega 6 is good for you but it’s an inflammatory whereas omega 3 is an anti-inflammatory. research suggests you need a 1:1 ratio but a lot of diets have a 30:1 ratio. try doseing up on a good fish oil supplement to reduce your inflammation.', ""absolutely!if concerned about foods causing inflammation, then use a process of elimination to identify foods that are problematic for you...because different people have different inflammatory responses to the same foods. however, it sounds like you aren't having problems with inflammation... so kcko."", ""be careful with terminology. they are not inflammatory, which is a different thing from being anti-inflammatory. there is no evidence they reverse inflammation, but plenty of evidence that for most people they don't cause inflammation.""]"
417,56,417_victory_lap_2022_share,"['victory', 'lap', '2022', 'share', 'personal', 'us', '07', 'week', 'have', 'expiry']","['[2022-10-14] - [weekend victory lap] - have you had a personal victory this week? share it with us!', '[2022-12-16] - [weekend victory lap] - have you had a personal victory this week? share it with us!', '[2022-12-30] - [weekend victory lap] - have you had a personal victory this week? share it with us!']"
418,56,418_soreness_muscles_workout_stretching,"['soreness', 'muscles', 'workout', 'stretching', 'workouts', 'rest', 'lifting', 'injury', 'stretches', 'yoga']","[""you can work out if you're just sore. just know the difference between soreness and actual injury. listen to your body. if you wait too long between workouts you're just going to get as sore the next time."", 'soreness doesn\'t always mean you had a good workout your level of soreness also depends on what you eat, so definitely don\'t determine the quality of your workout based on that. determine the quality of your workout based on how you feel inside or if your muscles just feel good in general workouts aren\'t supposed to be painful! you can work your muscles and it feel great and be a great workout without being sore. i don\'t know enough about your workouts to determine if you\'re doing anything wrong. i do think the ""soreness"" you\'re feeling during your workout is just muscle contraction or the ""burn"" of working your muscles. it shouldn\'t hurt. if it does, then you might be doing something wrong.', 'your muscles will be sore for the first week or two and then they’ll get used to it. you just need to push past it and learn the difference between sore and pain. if it’s pain, stop but just soreness means your muscles have worked hard. i like to have an orange after working out because it has certain properties that minimise soreness. if i am feeling sore, a bath with epsom salts works well. make sure you’re stretching after you work out as well.']"
419,55,419_victory_lap_2020_personal,"['victory', 'lap', '2020', 'personal', 'us', 'week', '07', 'with', 'have', 'sulfonylureas']","['[2020-11-20] - [weekend victory lap] - have you had a personal victory this week? share it with us!', '[2020-10-16] - [weekend victory lap] - have you had a personal victory this week? share it with us!', '[2020-10-30] - [weekend victory lap] - have you had a personal victory this week? share it with us!']"
420,55,420_sims_mod_characters_freeplay,"['sims', 'mod', 'characters', 'freeplay', 'games', 'make', 'super', 'ndjwondjowjdkw', 'autonomously', 'thin']","['trying to look like my sims will be the death of me', 'i literally thought i was the only one who made my sims super skinny. it triggers me, which doesn’t make sense to me because it’s a freaking video game. i also like to make really large sims and make them lose weight.', 'shit yes i thought i was the only person who’s done this, i don’t play the sims anymore but last year i was really into it, i’d always make my sims really skinny then envy them']"
421,55,421_fasting_disordered_fasts_eds,"['fasting', 'disordered', 'fasts', 'eds', 'people', 'health', 'fasted', 'muslim', 'eating', 'muslimish']","['idk, fasting once a week isn’t really bad if you do it correctly. (24hrs at a time also isn’t really extreme and your body won’t have any major changes until like 3 days in a row)fasting isn’t necessarily bad unless you fast and heavily restrict or fast for way longer than you should. it can actually be a good to regulate sugar levels and some other stuff in the body (sometimes i’ll fast to kick a sugar addiction).so i guess i personally wouldn’t see this plan as being disordered, not unless the person is also suffering from the mental side of an ed.', ""i think fasting is 90% of the time a form of disordered eating. people sometimes have non-disordered reasons to fast, like religion, digestive issues, or logistics/schedules but even those can become disordered depending on how the person's mental and physical health is affected. people i know irl who do fasting openly, seem to have negative effects like eating a lot quickly when their fast is over which comes with regret and/or physical discomfort. also, during the fast, difficulty concentrating and taking in information, which causes issues with school/work. pretty much similar things that people with eds deal with."", ""oh no i totally agree with you wasn't saying you can't have an ed at any weight, just that it seems like a lot of them use it as a tool to achieve a healthy weight then stop their fasting and go back to a healthy diet. but yes i agree with you, engaging in the fasting in the first place means these people run the risk of not being able to stop fasting and getting into disordered thoughts. i just think the fasting sub is a horrible place because they all encourage each other to keep not eating. like wtf haha""]"
422,55,422_wedding_dress_weight_september,"['wedding', 'dress', 'weight', 'september', 'fruit', 'planning', 'cousins', 'betrothed', 'weddingedit', 'cardiocongratulations']","['try doing keto one meal a day, i’ll bet you can drop 10 more lb’s easily before your wedding. it has worked wonders for me. congratulations on the weight loss and the wedding, by the way', ""even my wedding isn't enough motivation to lose weight"", 'wedding in 4 months/ where to start ?']"
423,55,423_bras_bra_bralettes_straps,"['bras', 'bra', 'bralettes', 'straps', 'support', 'wearing', 'adjustable', 'shefit', 'underwire', 'bryant']","[""i appreciate this. needing some new bras lately i haven't been shopping in years.usually go for bralettes or sports bras, because i just cannot handle sweaty boobs or having straps fall all over.do you get fitted for them? i've heard that can make a huge difference!"", ""you can but it a)depends on the type of sports bra and b) has an incredible effect upon the look of the clothes you put on top. most sports bras work to flatten boobs into a sort of 'boob log' and pushes them down. they can also, depending on the degree of impact support, not be comfortable over the lenh of a day. also, as you lose weight off your boobs and off your chest measurement, these bras too stop fitting and provide no support"", 'i was only buying new 2 new bras every 6 months when lane bryant has its bogo sale. i’d keep tags on one bra and trade it in right before the return deadline for whatever size i was then. then i invested in shefit bras which are more adjustable, though they are only sports bras and are a bit pricey. but i feel very supported and can wear them longer since they adjust so much.edit to add: i knew it was time to invest in new bras when i started having really bad back spasms beyond the usual. my old bras couldn’t support me properly anymore and were causing pain.']"
424,55,424_purging_glands_swollen_parotid,"['purging', 'glands', 'swollen', 'parotid', 'facial', 'saliva', 'bulimia', 'lymph', 'strains', 'antioxidants']","['it gets even worse when my glands are swollen from purging.', 'purging can actually cause this, yes! the parotid glands (salivary glands) in your cheeks can enlarge due to purging. they should return to their normal size once the purging has stopped for awhile and they no longer need to produce extra saliva.', 'face swelling from purging, feeling like shit, face shape changing']"
425,55,425_popcorn_skinnypop_kettle_carbs,"['popcorn', 'skinnypop', 'kettle', 'carbs', 'bags', 'smartfood', 'bowl', 'snack', 'kernels', 'fatten']","['popcorn is okay pigs also eat oats, barley, wheat, etc. doesn’t mean all of these foods will “fatten” humans up. pigs eat a lot. and i truly do mean a lot lol. also popcorn is well obviously popped corn. the volume increases a lot, therefore popcorn is pretty low in calories and high in fibre. as we all know the saying “calories in, calories out”. you will not gain weight from eating popcorn', 'popcorn. i loved popcorn and was so glad it was low cal so i\'d eat the whole bag and think ""it\'s still low cal i can get some more"" and then i\'m 6 bags in every week. just the smell makes me want to binge on popcorn.', 'the goal is to stay under 20g net carbs daily, so if you can make the popcorn fit this then more power to you...but if you’re like me with popcorn, you are eating way more than 20g net carbs‘ worth. 🤷 just wanted to mention it popcorn is dangerous in my world, but i understand that most people are stronger than me']"
426,55,426_foods_weight_cut_eat,"['foods', 'weight', 'cut', 'eat', 'dieting', 'tips', 'exercising', 'romaine', 'nutritionally', 'drop']","['what are some foods i need to avoid to help lose weight?', 'what is the 3 best food for weight loss?', 'best foods to eat while trying to lose weight?']"
427,54,427_victory_lap_2021_personal,"['victory', 'lap', '2021', 'personal', 'us', 'week', '06', 'have', 'colors', 'ko']","['[2021-11-12] - [weekend victory lap] - have you had a personal victory this week? share it with us!', '[2021-10-15] - [weekend victory lap] - have you had a personal victory this week? share it with us!', '[2021-12-10] - [weekend victory lap] - have you had a personal victory this week? share it with us!']"
428,54,428_2021_monday_meal_eating,"['2021', 'monday', 'meal', 'eating', '11', 'saucex200b', 'my', 'memorable', 'seared', 'arugula']","['[2021-10-25] - [my meal monday] - what are you eating?', '[2021-10-11] - [my meal monday] - what are you eating?', '[2021-12-20] - [my meal monday] - what are you eating?']"
429,54,429_meticore_reviews_supplement_pills,"['meticore', 'reviews', 'supplement', 'pills', 'product', 'natural', 'metabolism', 'privat', 'flappy', 'pa']","['meticore review meticore meticore really works watch until the end! 2021', 'meticore - meticore review - meticore weight loss ?', 'meticore nutrition reviews - meticore review - should you buy meticore s...']"
430,54,430_ssri_lexapro_ssris_seroquel,"['ssri', 'lexapro', 'ssris', 'seroquel', 'serotonin', 'zoloft', 'klonazepam', 'interleukin', 'sertraline', 'depressed']","['great news: you can successfully follow keto while taking the ssri lexapro (escitalopram) or any other ssri.keto nutrition does not affect nor hinder lexapro, and lexapro does not affect nor hinder keto.', 'well i have done keto for make or break 6 months now ( i am close to my goal weight) and in 3. month i have dropped my ssri . works good so far', 'would there be any issues doing keto while on lexapro(ssri) ?']"
431,54,431_long_deficit_eat_foods,"['long', 'deficit', 'eat', 'foods', 'calorie', 'lose', '570kcal', 'weight', 'healthier', 'micronutrients']","['you can eat whatever foods you want and as long as you eat less calories than your body burns, you will lose weight. of course, the best way to do it is to focus on protein heavy, natural foods, to get all the nutrients and micronutrients your body needs.those people that only eat takeout, may not actually be eating as many calories as you think, since they seem to not be gaining weight. on the other hand, someone eating high quality natural foods could eat more calories than they think, and gain weight', 'you can eat whatever foods you want and as long as you eat less calories than your body burns, you will lose weight. of course, the best way to do it is to focus on protein heavy, natural foods, to get all the nutrients and micronutrients your body needs.', 'you can eat whatever foods you want and as long as you eat less calories than your body burns, you will lose weight. of course, the best way to do it is to focus on protein heavy, natural foods, to get all the nutrients and micronutrients your body needs.']"
432,53,432_binge_water_days_gained,"['binge', 'water', 'days', 'gained', 'retention', 'scale', '2lbs', 'binges', 'calories', 'fat']","['honestly... to binge for 2 whole weeks and only gain one pound... is like you didn’t even binge at all. could be weight from food, water weight, maybe your hormones idk. but 1 lb is really nothing. you’re fine don’t worry', 'is it possible to actually see water weight gain on your body after a 4 day binge?', 'a binge will add temporary water weight and the scale could go up but you won’t gain noticeable weight from one binge, i promise.you have to eat 3500 calories over your daily maintenance to even gain a single pound, so the average woman would have to eat 5000 calories or more to put on even a pound of fat. i promise you will be okay!']"
433,53,433_cheaper_cheap_buy_keto,"['cheaper', 'cheap', 'buy', 'keto', 'cheapest', 'meat', 'savings', 'costs', 'groceries', 'calzone']","['this is a great suggestion and a good point of view. keto can be an expensive way of eating (one can make it inexpensive, but i find it gets pricey) but i justify it like this: take-out/fast food/delivery is way more expensive; plus size clothes are expensive; needing knee replacements, homecare, etc from being unhealthy is expensive. i can buy the nicer steak today because it keeps me on track and prevents me from needing all the other expensive shit. it’s an investment in my health, imo.', ""food has gotten much more expensive this year. you may find, if you buy non keto meals, your grocery bill will still be high.i eat much less on keto than when i'm off. the food might be more expensive on keto, but i buy less. my grocery bill is similar on keto with less food.get meat and cheese deals when on sale, and freeze them. only buy as much veggies as you need for a week."", 'it can be as expensive or as cheap as you make it. if you’re eating prepackaged products that say “keto” on the label, buying name brand products, eating prime ribeye steaks for every meal, going for keto friendly options at restaurants and fast food joints, etc. you’re going to have an expensive grocery bill. if you’re eating real foods like eggs and chicken, buying generics or using coupons, shopping sales, buying fresh produce when it’s in season and cheap and using frozen or canned for the more expensive things, or embracing intermittent fasting, you can definitely eat cheaper than a regular diet.']"
434,53,434_2022_monday_meal_02,"['2022', 'monday', 'meal', '02', 'eating', 'are', '10', '26', '5lbs', 'my']","['[2022-10-17] - [my meal monday] - what are you eating?', '[2022-10-24] - [my meal monday] - what are you eating?', '[2022-10-10] - [my meal monday] - what are you eating?']"
435,53,435_biltong_beef_jerkies_chewy,"['biltong', 'beef', 'jerkies', 'chewy', 'brands', 'supermarket', 'spicy', 'flavor', 'chomp', 'crisps']","['yes, you can eat beef jerky on the keto diet - but the key is the ingredients in the jerky. lots of them have hidden sugar. beef jerky can contain sugar, but it depends on the added ingredients. there can be anywhere from 0g of sugar per serving up to 10g of sugar per serving.', 'before i spend money on biltong, can you explain? what do you mean when you say it has a ""very different taste texture to beef jerky?"" i buy a big bag of people\'s choice beef jerky from time to time and enjoy that, but curious about biltong.', ""you should totally try biltong - it has zero sugar! i've noticed a lot of the jerky brands marinate their meat in sugar. also, i think it's way tastier than beef jerky.""]"
436,53,436_fibrosis_cardiovascular_cardiologist_keto,"['fibrosis', 'cardiovascular', 'cardiologist', 'keto', 'studies', 'ldl', 'ketones', 'bikman', 'diets', 'coronary']","[""sorry for the late reply, but those are good questions. it looks like cardiac fibrosis is observed in people who starve, such as those who suffer from . diabetes is also known to be  with cardiac fibrosis. as for why, i don't think anyone knows for certain. a number of drugs that are known to act as an agonist for a specific receptor for heart cells also cause cardiac fibrosis. it could be that ketones have a similar agonistic effect, but that's just pure speculation on my part. happy cake day!"", 'new to keto and so far it’s my 3rd days. honestly been doing great but been doing some research and came across a question i had. does the keto diet increase the risk of heart disease? researchers claim that if you’re obese, it does. i would say that i’m overweight but not obese. however do i still run the risk of heart disease later down the road when on a keto diet?', 'can i do both a heart-healthy diet and keto?']"
437,52,437_products_label_keto_ingredients,"['products', 'label', 'keto', 'ingredients', 'consumer', 'snackwells', 'companies', 'marketed', 'scam', 'fad']","['the biggest issue i have with keto labeled products is non keto people think that they are somehow healthy because they are labeled keto. for instance rebel ice cream sandwiches are keto but they still have 360 calories per piece.', 'i guess the label helps customers choosing food that isn’t carb rich. in my country keto isn’t a thing at all, so it’s impossible to find «keto» products. everytime i look at the nutrition labels, it’s carbs and carbs and more carbs… i wish i could at least spot low carb products i don’t know more quickly.', 'yeah i agree on that most keto labeled products are a scam, at the moment. but at some point companies will start labeling things like whipping cream and 70/30 ground beef with the word keto.']"
438,52,438_smoking_quit_nicotine_smoker,"['smoking', 'quit', 'nicotine', 'smoker', 'quitting', 'cigarettes', 'keto', 'cigarette', 'smoked', 'vaping']","['keep eating keto - if you maintain your weight while you’re quitting smoking, that’s awesome most people put on stacks of weight. the health benefits from quitting smoking are equal to any health benefits from losing weight, and once you’ve quit and stop the meds your weight loss will pick straight back up againthe issue isn’t doing keto and quitting at the same time, it’s expecting to be able to quit smoking and lose weight at the same time. eat healthy keto, quit smoking and you’ll be back on the weight loss path before you know it. good luck, proud of you for quitting. i’m about to hit 16 years! you’ll not regret it.', ""ex smoker here too and same that i tried again and again to quit, and then one time it just stuck - 3 years smoke free now :)i'm nearly two months into keto, it got much easier after the first week - that's when the craving started going down (similar to smoking actually)"", 'i actually quit smoking 17 months before i quit drinking and started keto. i was going to try it all at once originally... but that was too much for my mind to handle. i was a 2 pack a day smoker and had smoked for 50 years. quitting scared the hell out of me to be honest with you. i just decided i was going to quit smoking no matter how miserable it made me. i cried often. it hurt... for about 6 months. then it started getting easier. you can do it...don’t try to quit smoking... losers try. winners just quit!']"
439,51,439_butter_peanuts_pb_bomb,"['butter', 'peanuts', 'pb', 'bomb', 'carbs', 'keto', 'cracklins', 'sugar', 'peanutbutter', 'recipes']","[""love peanut butter and eat it daily. its probably my biggest guilty pleasure food on keto (still within macros of course). i'd advice you to buy a good peanut butter rather than what has the lowest carbs. id rather have just a little bit of a good peanut butter with more carbs than having a low carb one you can have more of.personally i'm using a fairly runny peanut butter with large chunks of peanuts without any added sugar. which is perfect since i mix it in a soy based quark like product so i need it to stir in well."", 'so peanut butter actually is really dangerous to eat on keto because it’s usually pretty high in sugar and carbs. but if you buy the smuckers natural peanut butter that comes in a glass jar, it’s one net carb for every 2 tablespoons and it taste pretty good. i have yet to find a peanut butter that has that little carbs and isn’t powdered. even toasting some keto bread and adding the low-carb peanut butter on top is a great snack or meal. please do not hesitate to message me if you have any questions or want me too recommend any recipes or food items for you. i would absolutely love to help you out because i know how hard it is', 'is this peanut butter keto it has 2 g sugar']"
440,51,440_colds_flu_bronchitis_winter,"['colds', 'flu', 'bronchitis', 'winter', 'vitamin', 'germ', 'since', 'healthier', 'pneumonia', 'immunity']","[""just my experience, but i've been on keto for about 3 years now and i've been actually sick maybe twice since then at most and each time it was extremely mild. prior to keto i would get sick at least 5 times a year. constant colds, flu, stomach bugs, you name it. a lot of bacteria thrives on sugar and it seems like lowering my blood sugar has prevented bacteria growth or at least allowed my immune system to focus on other things. that part is just speculation, but it has been an extremely noticeable difference in my case."", ""i haven't even had a sniffle in 4 years of keto, and i work in a school around sick people all the time. rather miraculous considering i'd always get sick with the flu or colds several times a year in the past."", 'anedotally i got very sick coming off of keto. i got 3 colds back to back and was sick for about 2 or 3 months going off of keto back into sad. i also seem to get sick less frequently on keto.my advice is if you plan on going back to sad is to gradually add carbs over a long period of time but staying keto is better for immune system than sad.']"
441,51,441_rinds_pork_nacho_bbq,"['rinds', 'pork', 'nacho', 'bbq', 'flavors', 'cracklings', 'chips', 'spicy', 'lard', 'panini']","[""the key to pork rinds is the dip. make some cheese dip and hit those pork rinds again and i bet your opinion will change.you could also get some flavacol and coat the pork rinds in butter and flavacol to make a popcorn substitute.x200b;eating pork rinds plain? ewwww!x200b;side note, my kids love pork rinds now and totally eat them plain. i've created monsters."", ""i've tried this with store-bought pork rinds, and i keep feeling that i'm missing out by not having freshly-cooked pork rinds hot out of the fryer. unfortunately, i can't find pork skin at the supermarket to try making my own."", 'pork king good has hands down the best flavored pork rinds. i personally am i fan of their nacho cheddar, ranch and salt and vinegar. i usually like sour cream onion flavors but wasn’t as impressed with theirs. the best part about pork king good is that you can now buy their seasonings (no maltodextrin!) so you could season regular pork rinds you buy at the store bc their bagged pork rinds get a little pricey imo']"
442,51,442_cereal_bowl_binge_crunch,"['cereal', 'bowl', 'binge', 'crunch', 'boxes', 'cheerios', 'cerealalso', 'cidicucusshajiaxm', 'cinnamon', 'selection']","['i was 100% addicted to cereal until 2 days ago (when i started keto - pray for me guys lol). i have been intermittent fasting for more than a year and cereal is how i broke my fast each day. i kept telling myself cereal is healthy - after all, i wasn\'t eating those colourful rainbow looking crap. but even in these ""ancient grain"", ""oatmeal"" cereals, there was so much sugar. believe me when i say cereal is addicting. 2 days of no carb don\'t have me craving pasta or potatoes or rice but cereal.', 'how do i eat just one bowl of cereal?', ""cereal is a huge binge trigger for me and it's got to the point where i know i 100% absolutely cannot buy cereal and not binge on it. if i want something like cereal for breakfasts, the closest i can have is weetabix, so i just don't buy anything else. the second i pick up any other cereal off the shelf it's over.""]"
443,51,443_disorder_anorexia_disorders_family,"['disorder', 'anorexia', 'disorders', 'family', 'died', 'friend', 'nervosa', 'isolating', 'stressed', 'they']","[""thanks for your kind words :) i'd take virtual hugs any day. i don't think they have any eating disorder and experience hypocrisy like that, so they took it as a joke. worst part of it all, my mom is like that to my younger brother who's a teenager. she constantly nags about his overweight, but prepares grand, gourmet meals and wouldn't stop asking him to eat. he started restricting and that triggered me another way. i have been fighting with her about not being two-faced to my brother and let him eat without getting such remarks."", 'i have told literally no one in my life about my eating disorder, mostly because i’m afraid of how they’ll react and worried they won’t understand. i think my friends might be supportive, but i also don’t want to worry them. it’s really hard because i have no support system at all. also i can’t share any eating disorder jokes with them and sometimes i just find one i relate to so well, it’s hard having no one who relates', 'the first person i ever told about my eating disorder was my aunt. she’s a doctor and besides being very close to her i felt like she would have some kind of medical insight/opinion. i remember telling her i think i have a problem with food and i think i need help. i think she was really the person i went to because i knew i wouldn’t get judgement just very matter-of-fact questions and advice. if you don’t have anyone in your life maybe find a therapist, build a relationship and tell them once you feel safe. also, people are more supportive than you think']"
444,51,444_autism_autistic_spectrum_studies,"['autism', 'autistic', 'spectrum', 'studies', 'neurological', 'asd', 'netflix', 'keto', 'stimuli', 'controlled']","[""autism isn't caused by diet and can't be controlled by diet is a fact you completely misread their comment. they didn't say that the autism was caused by the food they ate. she/he was saying that if his diet is so full of sugar, that will not be helping his moods. my goodness, slow down your reading and don't blow up on someone over something so silly. what you say on the web is just as harmful as if you said it to the person in real life. telling someone to 'keep your mouth shut' is definitely mean - just fyi."", 'so it is true then, there is not a cure for autism. keto might help with stress caused by an overload of stimuli, but it doesn’t cure it. autism is not a chickenpox or measles something that can be cured and you never have again. it is a lifelong axis 1 diagnosis. backstory, i work with people diagnosed with idd and some with spectrum disorder. i just don’t like when someone comes along and says it’s my autism, it’s my ocd, without a real diagnosis. it minimizes what people suffer with on a daily basis.', ""years ago, i researched autism and keto, and there were some remarkable anecdotal experiences that appeared to be so promising, but couldn't find any formal studies to back it up. i even told the teachers at my school, who have the students with severe autism, but they didn't seem very interested. i would really like to see more research done on keto and autism. thanks for your post!""]"
445,51,445_não_como_por_para,"['não', 'como', 'por', 'para', 'mais', 'es', 'dieta', 'carne', 'pero', 'também']","['não, nada contra ela em si, eu só acho meio zoado pq é comportamento que é meio absurdo de ser acompanhado por gente muito nova como se fosse um negócio de boa, sabe? a questão aqui é mais que a gente tá vendo de primeira mão e durante 24h um tipo de comportamento que até pra passar em filme tem que ser uma parada super cuidadosa. e isso não é filme né... sei lá, me deixa incomodada no mínimo', 'eu custumo de ir ao talho. ficam mais pertos da minha casa. e aquí no norte, essa carne vêm sempre local. mas para dar-te a minha resposta, eu vive em eua. sou luso descendente. quando eu estou em portugal eu nunca me sento má. aqui, eu vou ao banho sem problema. e eu como mais doces e pão aqui do que como na america. só não como óleos vegetais, soja, e açucares adicionados. quero dizer, eu como doces mas s ó na forma de um pastel ou fruta. não bebo sumos nem como pães com açucares adicionados.', 'pues comer keto, como tal, no lo es, al menos en sinaloa, aquí lo típico (además de mariscos) es el chorizo y el chilorio jejeje, somos mas amantes de la carne de puerco que en muchas regiones del país.pero si, no he encontrado a ningún médico o nutriólogo que apoye la dieta. y la verdad es que me está preocupando más que nunca la salud de mis hijos.también eres de méxico?']"
446,50,446_fasting_bloodwork_results_glucose,"['fasting', 'bloodwork', 'results', 'glucose', 'doctor', 'beforehand', 'schedule', 'hba1c', 'appointment', 'telemeeting']","['for most blood tests i.e. tests that are measuring what\'s in your blood, the recommendation is to fast for 12 hours before the test, so the shake might\'ve affect your blood test results re: what\'s in your blood.however, blood pressure measurement is not a ""blood test"" as it\'s not measuring what\'s in your blood.it\'s measuring the pressure / force / strenh that your blood is pushing on your blood vessels.one number is the pressure during a heartbeat, the other is the pressure between heartbeats.drinking a coconut oil shake would not influence blood pressure measurement.', 'wait, what? you said alcohol before the fast for the blood test. you don’t want to do that. and just to be clear, you didn’t have heavy cream in your coffee during your fast leading up to the blood draw, right?all in all, it seems like you are all over the place here. get another blood test if you are concerned, and make sure you do things correctly before that test.', 'i have fasted quite a bit lately but i have never fainted. i always take vitamins and electrolytes when i fast so i feel fine. i’m just wondering wether or not too much fasting will alter my blood test results. i had another blood test a week ago and my results were normal. but i didn’t fast prior to them. i’m really thinking about drinking something sweet before the blood tests but even thinking about it makes me anxious.']"
447,50,447_lunch_dinner_breakfast_salad,"['lunch', 'dinner', 'breakfast', 'salad', 'yogurt', 'snack', 'veggies', 'meat', 'slices', 'smoothie']","[""when i ate 3 meals:breakfast--cheese omelet with hamburger crumbles a little sour cream and salsalunch--large salad, with tuna, chicken or egg salad mixed in and some ranch dressing. sometimes i'd have a deli meat and cheese wrap instead in a low carb tortilla.dinner--1 meat--generally a chicken breast or 2 big cheeseburgers, or steak or roast. large side salad with dressing, veggies with cheese sauce.yesterday's meal: large salad with cheese and a can of tuna, mayo and ranch dressing. large bowl of sirloin soup made with 8 ounces of diced sirloin, 6 ounces of cauli rice, 2 cups of beef broth, salsa and sour cream. 1 yogurt and 2 hard boiled eggs, 2 cheddar and herb biscuits with the meal."", 'so i don’t have breakfast. in the lunch, i have a spring mix salad with 3 chicken thighs with half cup of mixed nuts, along with olive oil some cheese and 2 tbsp of ranch. in evening i drink a smoothie made of 1 spoon isopure protein powder, 1 cup coconut milk and 1tbsp mct oil and few berries and 1 tbsp heavy whipping cream. dinner i generally have a patty or two of beef burger along with cheese and bacon.', 'i’ll have a hard boiled egg and some turkey bacon for lunch and a romain lettuce salad, added chicken with ranch for dinner. then a bag of parmesan crisps (2g carbs) as a snack. or several hard salami slices with some jack cheese slices for lunch. a small portion of steak for dinner. maybe a small side salad, but not always. a squirt of whip cream or two just to quench the sweet tooth. a medium caesar salad with chicken, no croutons for lunch, portion of steak for dinner. those are what my days look like.']"
448,49,448_accountability_partner_buddies_group,"['accountability', 'partner', 'buddies', 'group', 'chat', 'struggling', 'f41', 'outfit', 'support', 'mentors']","['does anyone want to be my accountability friend?', 'anyone also looking for an accountability partner / friend?', 'feeling great, but could use an accountability partner']"
449,49,449_orthostatic_palpitations_heartbeat_hypotension,"['orthostatic', 'palpitations', 'heartbeat', 'hypotension', 'tachycardia', 'pulse', 'postural', 'anxiety', 'ecgs', 'fluttering']","['it sounds like it might be orthostatic hypotension then. hypotension is caused by a sudden change in body position. this occurs most often when you shift from lying down to standing. this type of low blood pressure usually lasts only a few seconds or minutes. if this type of low blood pressure occurs after eating, it is called postprandial orthostatic hypotension. this type most often affects older adults, those with high blood pressure, and people with parkinson disease.obviously if it keeps persisting despite you standing up slower, might be worth having a real doctor take a look at you.', 'i do have anxiety- i\'ve never before had heart palpitations from anxiety or panic attacks. i started getting them as a withdrawal symptom from a medication. but then i started getting them while fasting. and now i get them almost all the time. for me, they usually present as a heartbeat that is ""hard"" but not necessarily fast. my heart might be at 40 bpm, but each beat will feel like my heart is pushing against my ribs, or like it\'s a tiny jackhammer inside my heart but going in slowmo', 'i have heart palpitations often and have been having them since i was about 13 when everythin started but idk if that’s down to anxiety or not. my heart will often feel like it’s skipped a beat especially when i’m doing fasting cardio and when i stand up n get rly bad head rush my heart will race then slow down then beat out of rhythm for a few seconds. i’ve had a ridiculous amount of ecgs in the past 10 yrs so i know i don’t have a heart condition lol']"
450,49,450_50g_net_limit_17g,"['50g', 'net', 'limit', '17g', '25g', '30g', 'below', 'grams', 'cumulate', 'rule']","['20g net has been my limit since day 1. never gone higher than 25g net, only hit that 9 times in 3 years.i am usually coming in at 18g net at the end of the day. 5 foot 3, little old lady ;-).', ""everyone has different tolerances. the 20g net is just a safe number that basically everyone should qualify for. between 20-50g is generally considered a per person basis.do it and see if you feel like your out of it. 1 bad day isn't going to ruin anything. just get back on it and know that is too much."", ""20g net is the safe number. you can have all 20 at once and be good, thats why it's the safe number even though the limit goes higher. the idea is that at 20, you'll never have enough in your system in a 24 hour period to kick you out unless your trying to cheat and downing 20 before midnight and 20 right after""]"
451,49,451_maintain_stuck_weight_upside,"['maintain', 'stuck', 'weight', 'upside', 'advice', 'late', 'loosing', 'year', 'procrastinating', 'overweight']","['i’ve never hit my goal weight before.. what do you do when you get there? how do you maintain it?', ""thirty! sir or madam, i started this year at 36 and there's hardly a day passes by that i don't slap myself upside the head for not starting sooner. i've been overweight and at one point obese since i was a toddler. no such thing as too late. your husband's joints will thank you.let me tell you that once he starts the work, he's gonna be slapping himself upside the head too for not doing it sooner.for context, lost 15kg in 4 months, aim to lose another 15. okay i'm dumb at math lol, hubby's 48 not 30"", 'when i reach my goal weight, how do i eat to maintain it?']"
452,48,452_nitrates_nitrites_meats_carcinogenic,"['nitrates', 'nitrites', 'meats', 'carcinogenic', 'ham', 'nitrosamines', 'preservatives', 'vegetables', 'nitric', 'ascorbic']","['they still have nitrates. they just come in the form of celery.and since celery powder is not standardized and tested, you are getting a variable amount. sometimes less and sometimes more than what you would get in a product with carefully measured and disclosed nitrates. i avoid any product with ""no nitrates added"" because there\'s a good chance it actually has more ""natural"" nitrates than is safe or necessary.', 'oh, i see, studies are saying that nitrates in celery and used to preserve ""all-natural"" hot dogs may have the same risks as nitrates and nitrites from other sources.yes, i would tend to believe that foods containing the nitrates in celery powder or celery extract as a food preservative have the same potential to harm health as foods preserved with nitrates and nitrites from other food sources.', 'there is nothing wrong with nitrates. you would need to consume 10 years of bacon in one sitting for the level of nitrates to harm your body. in fact celery has a lot of nitrates in them as well, and people seem to insist on drinking celery juice.']"
453,48,453_metabolism_mode_gain_starvation,"['metabolism', 'mode', 'gain', 'starvation', 'calorie', 'body', 'adapt', 'energy', 'metabolic', 'musclesfat']","['well your metabolism adapts to what you eat, so long term dieting gets harder because of this. if your maintenance is 2500 and you eat 2000 everyday. eventually 2000 will become your maintenance. if you ever plateau or feel weight loss is really slow, you can either drop calories more, or you can reverse diet. every 2 weeks or maybe every month increase your calories by 100-200. this is enough to make your metabolism adapt but not so much where you’ll start piling weight on. i recommend to do this also when you reach your goal so it’ll make putting the weight back on harder. resistance training and building muscle is also a great way to increase metabolism.', 'if you go on a major caloric deficit, your metabolism would slow down? for example, if your bmr is 2000 calories and you eat 500 calories a day, then your metabolism will slow. my question is: 1) is this true? 2) if it is true, how much does it slow?', 'you can’t “break” your metabolism permanently, but your metabolism will eventually adapt to a chronic deficit and your bmr will lower. that’s why many people lose their periods, their hair, get cold all the time, are super tired, etc. your body will slow down to try to save energy. if you start eating more, you will gain weight at first, but your metabolism will adapt again and you’ll eventually be able to maintain at a normal amount of food again if you’re consistent.']"
454,48,454_ms_sclerosis_neuritis_fog,"['ms', 'sclerosis', 'neuritis', 'fog', 'inflammation', 'autoimmune', 'vegan', 'diagnosed', 'dementia', 'fatigue']","['looking for advice on ketogenic diet and ms', ""welcome back to keto this is my second time, too. :)if you're into science-y stuff, look up keto and ms. from what i've read, it's very good for ms, at least for helping with symptoms.best of luck to you"", 'want to start keto for my ms, but i struggle every time']"
455,48,455_shoes_wear_loose_straps,"['shoes', 'wear', 'loose', 'straps', 'corset', 'shrunk', 'vests', 'lace', 'wearing', 'sizes']","['i think it’s very possible to loose weight in your feet i’ve lost about 40 pounds and my shoes are loose. been wearing thicker socks so my shoes don’t fly off ( open backed slip on sneakers) just like my rings are big on my fingers', ""my shoe size went down a size.thank you this happened to me. i've lost about 60lbs and all my shoes that were wide width are falling off me. i didn't think feet fat was possible."", 'i\'ve lost a total of 1 1/2 shoe sizes to date, not including the 1 size i lost when the water weight dropped and i moved from my ""fat"" shoes back to my ""normal"" shoes. thank goodness for cheap sneakers )']"
456,48,456_does_burn_calories_insert,"['does', 'burn', 'calories', 'insert', 'bmi', 'calculator', 'anorexia', 'lancet', 'chewing', 'medication']","["" how many calories does (insert food name here) have? side effects of bulimia side effects of anorexia how to heal red knuckles cute baggy clothes best exercises to burn fat most filling foods low cal restaurant meals (insert restaurant name) nutrition facts is starvation mode a myth why am i gaining weight despite eating half of my tdee calories does c0ke help with weight loss best protein bars with good macros birth control that doesn't cause weight gain sugar free candy how to reduce swollen cheeks eugenia cooney weight"", 'does caffeine burn calories, does an anxiety attack burn calories, do alcohol calories actually count, how much do boobs weigh, how much does hair weigh, does ibuprofen make you gain weight, etc', '- does skin have calories- does blood have calories- does pee have calories- how many calories does pooping burn- can i burn calories by holding my breath- how many calories is a human body worth- calories in wood- does thinking hard burn calories- can i burn calories by putting my hands in fire- calories in poop- calories in toothpaste']"
457,48,457_keto_fast_eat_meal,"['keto', 'fast', 'eat', 'meal', '8hrs', 'lunchtime', 'eater', 'hungryeventually', 'morningbreakfast', 'snackscut']","['i used to be a big breakfast eater and never thought i could skip. keto changed that. i actually feel better when i skip breakfast and have more energy. have been doing for 2 months now and feel great.', ""i'm sorry. i don't need to have breakfast. i prefer to have breakfast. sometimes i do skip breakfast but i usually (though that might change with keto) am hungry before lunchtime comes around so i tend to go for snacks before lunch when i skip breakfast (which is a bad habit)."", 'i do this often. that’s a basically a day of just skipping breakfast for me (stop eating around 6 ... skip breakfast and eat around lunch time) .... so i just eat whatever my regular keto meal is']"
458,47,458_diet_liquids_blender_diets,"['diet', 'liquids', 'blender', 'diets', 'surgery', 'solid', 'calories', 'digest', 'digestive', '229g']","[""i'm not necessarily doing a liquid diet i just prefer to eat liquids, so i haven't noticed much. i try to do at least one liquid drink and one solid food items everyday however i do prefer to eat more watery foods like lettuce or grapes. personally i wouldn't recommend doing only liquid diets unless you're okay with having a complete liquid shit to go with it."", 'is it safe to exercise while on a liquid diet?', 'would an all liquid diet for a day be good for me?']"
459,47,459_kpop_idols_korean_diets,"['kpop', 'idols', 'korean', 'diets', 'korea', 'dramas', 'bodies', 'skinny', 'girls', 'fandom']","[""i hate how people talk about kpop female idols like they're a normal weight and healthy when 99% of the time they're not lmaoo"", 'me too lmao i know the lives and struggles of many of those kpop girls that were made to lose. weight by their label bc of tons of youtube videos i used to watch.... and i dont even like kpop, at all', 'i’m not even a kpop fan but i literally can’t stop watching the “what i eat in a day” and the weight loss journeys of different kpop idols it’s literally so sick i hate it']"
460,46,460_skinny_people_appetites_metabolism,"['skinny', 'people', 'appetites', 'metabolism', 'teenage', 'eat', 'gaining', 'eats', 'appetite', 'associsates']","['i know some people like that! but then i realized, it’s probably because they don’t eat/snack much at home? i know skinny people who skip breakfast because they’ll be ‘late to class’ and skinny people who don’t eat dinner because they forget. like i realized that it’s probably it’s their only meal for the day, so even if it’s a burger from mcdonalds, they aren’t really eating anything else, that’s why they’re able to maintain it.', ""oh i forgot to mention. skinny people don't eat when they don't feel like it, even if they're hungry. skinny people stop eating when they've had enough (not when they're full although sometimes the two are the same thing), are capable of going 8+ hrs without food if they're not hungry, but to counterbalance that will if truly hungry eat alot and not gain weight.. the final bit there is not copyable i think cuz it has to do with a fast metabolism and hormones (however, the not-eating-when-they-don't-feel-like-it is a good offset)anybody got skinny-people stories to tell? :)"", 'not true. some skinny people eat every type of food, they just have low appetites and they don’t want to eat a lot. source: lived with tons of skinny people at school and home']"
461,46,461_fasting_disordered_fasts_religious,"['fasting', 'disordered', 'fasts', 'religious', 'healthy', 'starving', 'disorders', 'aren', 'disorder', 'restricted']","['i see what you mean! i think the question then would be, is fasting dangerous at any level? for the alcohol example, it would be like “is fasting more similar to a glass of wine with dinner or getting absolutely plastered?” personally, i think fasting can be done in a totally non-disordered way, and there aren’t serious health consequences to doing it properly - our bodies are designed for it. for it to be inherently disordered, i think you’d have to assume that any fasting is definitely harmful - because intentionally harming yourself would be disordered. but, i don’t think that’s the case. 🤷', ""i love that! fat fasting. let’s take something that’s been done for thousands of years for many many reasons only add food to it and call it fat fasting. or we could just call it a restricted calorie diet. this is ridiculous. fasting is fasting. eating during it is not fasting.point of order, theres always been lots.of different types of fasting, depending. there's fasting from meat, only eating light meals, only drinking juice, only drinking water. to fast simply means to abstain from something. the idea that fasting is just drinking water would be alien to most everyone over those thousands of years."", 'i love that! fat fasting. let’s take something that’s been done for thousands of years for many many reasons only add food to it and call it fat fasting. or we could just call it a restricted calorie diet. this is ridiculous. fasting is fasting. eating during it is not fasting.']"
462,46,462_bacon_oven_pan_microwave,"['bacon', 'oven', 'pan', 'microwave', 'foil', 'bake', 'cooking', 'sheet', 'heating', 'overlapping']","[""i put 3 paper towels down on a plate. lay my bacon on that being careful not to overlap any of the . then i put a paper towel on the top and pop it in the microwave. you can try a minute. and check on it. remember how long you cooked it for that way you don't have to keep checking on it next time you cook bacon. also i noticed if you stretched the bacon. like grabbed each on of a bacon strip and lightly pulled. stretching the tissues of the bacon makes it crispier for some reason."", '1. pre-heat pan on stove. make sure it is totally dry and has no oil in it.2. add bacon and add pepper or whatever you like.3. once the bacon has shrunk a bit, flip it over and let it cook some more.4. flip it over once again for a minute or two.5. transfer the bacon to a paper towel, and wrap up the bacon in the paper towel so that it is totally covered on all sides. this will steam the bacon and get it very crispy (as the bacon grease is being absorbed by the towel on all sides of the bacon).', 'pro-tip on bacon. my favorite style of bacon is out of the microwave!use a microwave safe plate, lay down two layers of paper towels. lay a single layer of bacon on the paper towels (usually 4-5 slices will fit). then put two more layers of paper towels over the bacon. microwave 4 minutes on full power and check if it is at your desired level of crispyness. add one minute increments to keep checking it. depends on your microwave, the amount of bacon etc. x200b;long story short, bacon comes out super crispy and not greasy at all. i love it.']"
463,46,463_keto_diet_sustainability_suppressants,"['keto', 'diet', 'sustainability', 'suppressants', 'healthy', 'decades', 'fda', 'health', 'unsustainability', 'five']","[""as a diet, keto is more sustainable than any other diet i've tried in nearly five decades of trying to lose weight. i never lasted longer than six months on any other diet. and only that long by using appetite suppressants. ones that are now banned by the fda.but i've been doing keto for well over two years now. almost all my blood work has improved -- kidney, liver, thyroid, pancreas, lungs, ..., and i no longer need insulin or metformin for my t2 diabetes."", ""in nearly five decades of trying to lose weight, keto is the most sustainable way i've found. i've never restricted calories in other ways for longer than six months, and only that long because i was on appetite suppressants. ones now banned by the fda.i've been on keto for over two years now. one huge advantage is i'm no longer ravenously hungry all the time. that's what makes it sustainable for me. i'm eating fewer calories without feeling deprived."", ""in nearly five decades of trying to lose weight, keto is the most sustainable diet i've been on. i've been doing keto for well over two years now. i've never lasted longer that six months on any other diet. and only that long by using appetite suppressants. ones that are now banned by the fda.""]"
464,46,464_keto_hi_buddies_mentor,"['keto', 'hi', 'buddies', 'mentor', 'fibromyalgia', 'discord', 'automailmama', 'jolly_construction90', 'penpal', 'chatketo']","[""hi guys, starting keto again (i tried it about 5 months ago and had great results, but stopped it). i was wondering if anyone would like to be my accountable buddy. i think it would be nice to have someone i can message once a day or once week to say if we kept to our goals (staying keto, working out, etc). more info about me: i'm a uk 35 year old female"", 'starting keto and if tomorrow. looking for a buddy!', ""hey, if u need a accountability buddy, feel free to dm me. i'm a 35 f and kinfa new to keto and doing it for multiple health reasons. i could use a accountability buddy too and it would be nice to bounce ideas off somebody or share ideas.""]"
465,45,465_insurance_gp_province_doctors,"['insurance', 'gp', 'province', 'doctors', 'patients', 'telehealth', 'catchment', 'expensive', 'appointments', 'surgeon']","[""i was just looking into this (i didn't know because i've stayed in the same province my whole life) but it looks like if you still have your home province health care card, you are covered by your home province's health insurance while in the new province during the 3 month waiting period.  so maybe you can see a doctor? but in any case, i'm so glad you're feeling better!"", 'i’ve changed insurance many times and never been asked about preexisting conditions except once years ago before the affordable care act. your insurance doesn’t care about old diagnosis. they just want to make sure whatever costs you submit are legitimate.', 'im working on getting insurance rn but its feels like a race against the clock. like i feel like im stuck until i get the insurance and im scared its going to take too long. thank you for caring.']"
466,45,466_diverticulitis_flare_diverticulosis_diverticulitus,"['diverticulitis', 'flare', 'diverticulosis', 'diverticulitus', 'diverticular', 'colon', 'constipation', 'antibiotics', 'cyst', 'diagnosed']","[""not sure either which i why i am asking if anyone else has a connection to keto and diverticulitis! the only time i ever got it was when i had been on keto for 3 months. haven't experienced it since but i've also been off keto for a few months. i know red meat has been linked to diverticulitis which i was eating a lot of"", ""i have had diverticulitis three times. i'm genetically prone to it. my grandmother died as a result of complications from surgery to help her with it. i'm by no means an expert, but i do have some personal/practical experience with it. all that to say, i don't think fiber is your problem. in fact, fiber should be your best friend if you get diverticulitis. i don't know what is causing it to flare up for you, but i don't think it's fiber. cut down on dairy if you're using that for a fat source. same goes for nuts/seeds. maybe less meat. and start using a psyllium husk fiber supplement. hope you find something that works. diverticulitis is no joke. some of the worst pain i've ever been in."", 'diverticulitis diet and keto - nothing sounds good!']"
467,44,467_dandruff_scalp_shampoos_fungal,"['dandruff', 'scalp', 'shampoos', 'fungal', 'dermatologist', 'zinc', 'conditioner', 'treatments', 'keto', 'creams']","['a few days of a different way of eating is not going to suddenly cause massive dandruff. stop trying to self-diagnose and go see a dermatologist, or at least get some dandruff shampoo. this has nothing to do with keto.', 'well keto definitely seems to cause some kind of scalp shift, though for me i have far worse dandruff when i go off keto. keto is the only thing that ever helped my dandruff so something is happening there.', 'keto has helped me with so much... but i still have dandruff. please read/help.']"
468,44,468_deficit_min_kcal_generated,"['deficit', 'min', 'kcal', 'generated', '130g', 'carbohydrates', 'sedentary', 'calculator', 'protein', 'fat']","['you look like you\'re eating more than 800 calories/day.here\'s what you should aim for. i recommend getting a digital food scale, weighing all your food, and logging it an an app for a month. then report back here about your results.\\---\\generated by \\) 9.13\\22/f/5\'5""   cw 245   50% bf   mostly sedentary\\ 1646 kcal goal, a 20% deficit. (742 min, 2057 max) \\ 20g carbohydrates \\ 98g protein (74g min, 122g max) \\ 130g fat (30g min, 176g max)\\----', 'even at a high deficit of 25%, you should be eating more, primarily to ensure you preserve your muscle mass. that\'s going to be the concern with dropping your calories so low.try this, and pay particular attention to ensuring you meet your daily protein goal (130g). fat is a limit, so you can go below 127g.\\---\\generated by \\) 9.13\\28/m/6\'0""   cw 243   33% bf   mostly sedentary\\ 1740 kcal goal, a 25% deficit. (870 min, 2320 max) \\ 20g carbohydrates \\ 130g protein (98g min, 162g max) \\ 127g fat (30g min, 191g max)\\----', 'try you may be eating closer to maintenance right now. here\'s an example of what i get with your stats.44/m/6\'1""   cw 223   30% bf   mostly sedentary 1717 kcal goal, a 20% deficit. (870 min, 2147 max) 20g carbohydrates 130g protein (94g min, 155g max) 124g fat (30g min, 171g max)even with the calculator in the side bar, for a 20% deficit eating restriction, it gives me:1716 daily calories; 130 protein, 20 carbs, 124 fat.']"
469,44,469_trans_feminine_gender_androgynous,"['trans', 'feminine', 'gender', 'androgynous', 'nonbinary', 'curves', 'lesbian', 'pronouns', 'boobs', 'dysphoria']","[""i feel this so much i know the life of a trans woman comes with its own set of difficulties but i'm so envious of being able to be a woman but have the bone structure+fat distribution of a biological male. maybe i should add young trans women to my list too lmao"", ""it's not just harmful for trans people but also for women who are considered less of a woman, or even not a woman at all, for having small breasts. i literally go on trans forums for tips on how to be more feminine because i hate how people see me as butch."", ""oh cool! i'm also trans. yeah biological female is offensive toward trans woman straight up. i say this as someone who's friends with a lot of trans women. afab transmasc or just saying you're a trans dude is the way to go imo. :o anyways hope your journey on t is rewarding prepare for your body to start getting muscular and for your appetite to grow (i'm on t 6 months now). i've been drinking a lot of water and eating a lot of protein to combat wanting to eat huge portions lmao.""]"
470,44,470_size_mom_clothes_fit,"['size', 'mom', 'clothes', 'fit', 'medium', 'xl', 'dress', 'mil', 'skirt', 'shoppingshe']","['omg i feel you so much :(. i know i weigh much more than my mom. yet everytime i go to visit her (i\'m now 30), she keeps buying me clothes that don\'t fit me at all, which makes me feel so bad. i always lie to her and say things like ""thanks mom but this is not really my style ^^ "" because i don\'t want her to realize the clothes are too small for me and to know my real size, although i\'m aware she thinks i\'m fat. and i don\'t want to give her the opportunity to make fun of me and say toxic things she used to say when i was younger. thanks mom.', 'mom keeps buying me pants that are too big of a size, she knows what my size is but ""i will grow into them""', ""my mom (i really do love her and know her intentions were good) bought me multiple clothes in a size that is too big for me now. she bought me the size i used to wear when i was significantly heavier, and she knows how much weight i've lost. it just makes me feel shitty that pretty much all the clothes she bought me (which i'm grateful for) are in a size that i wore when i was a lot heavier, and makes me feel like i still look that fat.""]"
471,44,471_sweat_sweating_sweats_sweaty,"['sweat', 'sweating', 'sweats', 'sweaty', 'temperature', 'cold', 'weather', 'shirts', 'summer', 'running']","['i’m definitely not an expert on this topic but for me, i would sweat more doing mundane things like walking around, but i wouldn’t sweat as much working out.weird i know.now i have the opposite reaction. i don’t sweat as much when i’m walking around, but sweat a lot when i workout. if you were to lose weight it might not change at all. i think a lot of it is genetics.', 'why do i sweat so much when i walk?', 'people who have lost a lot of weight: did you sweat less after losing weight?']"
472,44,472_macros_fit_carbs_nutrition,"['macros', 'fit', 'carbs', 'nutrition', 'duddette', 'ingredients', 'croutons', 'allowed', 'mcchickens', 'tenderizer']","[""you can eat anything that fits your macros. i don't eat them because they take up too much of my <20g net carb/day budget that is better used elsewhere but you can spend your carbs any way you like."", ""check the nutrition info. does it fit within your macros for the day? if so, you're good to go.anytime you want to know whether you can eat something... the answer is always 'if it fits your macros'."", ""if it fits your macros, you can eat it. sugar isn't an issue if you're still under 20g net carbs for the day. take the time to read the faq here, it will explain all of this to you on your first day.""]"
473,44,473_personal_victories_week_started,"['personal', 'victories', 'week', 'started', 'home', 'project', 'swimsuit', 'goodedits', 'winsi', 'perindopril']","[""my victory is small and simple. i finished my first week on keto. i conquered my sodium issue (aka keto flu/feeling like crap) and learned a lot about what i can and can't eat. it was a great week and i kept my carbs under 20 every day i lost 6.5 lbs (which i know, from reading on here, that it is mostly water weight) so not really counting that as my victory. i am just really happy that i finished a week feeling strong and motivated to keep moving on"", 'my personal victory is that i started keto this week i am currently finishing up day 6 and i am really proud of myself for getting past some keto flu feelings and excited for what’s to come', ""my victory? i started! i've stuck with this for two weeks now. down ten pounds- 25 more to go. one belt notch. it's a small victory, but it's a start. i'll get there.""]"
474,44,474_costco_sams_membership_grocery,"['costco', 'sams', 'membership', 'grocery', 'places', 'everett', 'products', 'rotisserie', 'markup', 'prices']","[""i don't really find that to be the case. most items at costco stay at costco for a long time unless literally no one buys them. some items are seasonable but that's mostly because they are perishable items. it can be hit or miss though since costco definitely doesn't carry as big of a variety of items as sams does."", 'costco is more health conscious, they’ll have organic and healthier foods there. now if you’re just in it for cheap, sams is the bulk cheap area. costco feels more friendly, if that’s what you want in terms of atmosphere.  i can get ground beef both places.  big tub of organic coconut oil from costco, i’m sure sams has regular coconut oil.  ton of eggs from both places, costco has organic eggs thick sliced bacon from both places, but i like costco’s applewood from some brand or another. i’m sure sams has it.  basically sams has more variety, but usually not as healthy or organic. costco has good sales on the coupon book, but rarely anything keto.', ""costco does not sell the same thing at every costco. i have a costco three minutes away that sells different things than the costco twenty minutes away. just in case any of you went looking and can't find it. it may not be available at yours yet. but! you can buy costco things online.""]"
475,44,475_vitamins_morning_metmucil_supplements,"['vitamins', 'morning', 'metmucil', 'supplements', 'taking', 'workout', 'vitamin', 'defaultstart', 'pill', 'gpc']","[""i take 2 in the morning and 1 in the afternoon, and have a cup of coffee each time. if i don't take a second dose it wears off. have to go buy more today."", 'that’s a great question. i take it before each meal (usually only one or two a day), and i take it right before bed.i take it in the morning on fasting days if i’m concerned about hunger but otherwise:i notice more consistent weight loss when i take it before bed. maybe that’s because it stabilizes blood sugars but idk, it just works lol. i take it with meals because it lessens the insulin response quite a bit.i hope this helps.', ""replying to this as i realized i didn't fully answer your question about the capsules. i take a whole big handful of different vitamins at once, lol, and i need to make sure i've eaten enough food first or i find a get a little nauseous as all the pills digest simultaneously. usually i time the vitamins after the workout (so workout, eat all the things, take vitamins is my usual strategy.) don't want to get nauseous from vitamins in an empty stomach before or during the workout.""]"
476,44,476_smoothies_smoothie_fruit_juice,"['smoothies', 'smoothie', 'fruit', 'juice', 'filling', 'blended', 'powder', 'digest', 'sugar', 'satiety']","['like only eating smoothies? would not recommend. i have a smoothie per day because i think it’s a good way to get my fruit and protein intake. but doing only smoothies is a bad idea. liquid calories spike your blood sugar and then quickly drop so you feel hungry quicker, they get digested quicker so you don’t feel as full for as long. as far as i know there’s not really any benefits either.', ""everything in your smoothies are very healthy. there are nutrients in them that your body needs, so i think your smoothies are fine. if you're really that concerned, then i recommend cutting back on the peanut butter, but even that isn't bad."", 'no problem. there are lots of recipes for lower calorie fruit smoothies you could look into. but as long as it’s real fruit in the smoothie, i’d say it’s overall a healthy choice. since you’re looking to be more calorie conscious with the smoothie, maybe look into those lower calorie smoothies :)']"
477,43,477_winter_summer_autumn_romantisation,"['winter', 'summer', 'autumn', 'romantisation', 'seasonal', 'romanticize', 'seasons', 'weather', 'gloomy', 'meteorological']","['winter and spring for sure, winter because i can hide my disgusting body under baggy clothing, and spring because once i start getting compliments on my weight loss, ya know, when people notice it because no more big giant hoodies, it fuels my ed brain to work extra hard lololalso winter because i love to jog and walk outside but i hate the sun and the heat, so winter is the best to work out outdoors lol', ""does anyone else's dysmorphia get worse in the winter and better in the summer?"", 'for me it is usually winter or spring. summer is the fucking worst summer turns me into a pig']"
478,43,478_cake_cheesecake_frosting_party,"['cake', 'cheesecake', 'frosting', 'party', 'enjoy', 'recipes', 'ketobakes', 'birthdaydo', 'celebratingat', 'belatedyeah']","['thoughts on how i can have a keto birthday?', 'that is genius my birthday is in a couple weeks and i am starting a fast tomorrow but the thought of “ruining” my progress with birthday cake (although i love birthday cake) is making me very anxious i guess i just have to take control and not let the situation be in charge, but make me be in charge thank you, i needed this do you have a good keto cake recipe?', ""you can do whatever you like. eating birthday cake will knock you out of ketosis, but if you restart the day after your birthday, you will be fine. just don't eat cake on everybody else's birthday""]"
479,43,479_asthma_lungs_inhaler_breathing,"['asthma', 'lungs', 'inhaler', 'breathing', 'endurance', 'cardio', 'exercise', 'breathe', 'jogging', 'yoga']","[""you have to build up to it when you have asthma. gradual increases in exercise can actually help asthma in the long run, but it is a difficult balance. don't push yourself to the point of an attack, but slowly work up from walking to intermittent jogging."", 'what are good exercises for people with asthma?', 'how do i start cardio when i’m fat with bad asthma?']"
480,43,480_sleep_carbs_insomnia_melatonin,"['sleep', 'carbs', 'insomnia', 'melatonin', 'tryptophan', 'serotonin', 'cycle', 'cortisol', 'adaptogen', 'nap']","[""interesting. i've definitely noticed a correlation between sleep quality and weight on higher carb days. if i go over my carb limit and get short sleep i gain, if i get a good night's sleep i either stay the same or even drop a little. i'm not talking huge amounts over my limit, more like 30-50 on an odd day here and there."", 'sleep issues... should i consume some carbs before bed?', 'thank you so much for commenting, i wish it was the sugar/carbs that were keeping me awake and affecting my sleep cycle. my chronic insomnia stems from anxiety, depression and severe ptsd from abuse and trauma plus mild sleep apnoea due to being rather overweight. i practice sleep hygiene among other things. i have tried cutting out excess sugars, carbs and caffeine for a period of time and i can’t say it helped my sleep any. i’m not stuck in an endless cycle of sugar/carb consumption. i eat relatively healthy as often as i can. the sugars/carbs are what get me through my work day working hard in a kitchen.']"
481,43,481_cardio_sprints_training_workouts,"['cardio', 'sprints', 'training', 'workouts', 'muscle', 'aerobic', 'lifting', 'exercises', 'zumba', 'running']","['i have heard that changing it up a bit obviously always helps but i am not against doing a bit of light lifting i use to love to lift it’s exciting. i definitely told my husband i want to get some hiit workouts happening too. i follow an amazing girl on instagram that posts her hiit workouts and she has a ton of low impact ones', 'moderate intensity steady state cardio burns more calories and is easier to recover from than hiit. however, if you truly enjoy hiit, then it’s the best form of cardio for you and it doesn’t matter.', 'well for me, hiit has done wonders for my waistline but i recommend to be very careful with it (as well as with any other exercise). two years ago i got frustrated about my slow weight loss and tried to fix everything with hiit. ended up breaking my knee.now i\'ve taken hiit back to my routine but more importantly i make sure to eat at least 80% healthily (regards ""i ate 900kcal worth of chocolate today""....:d)']"
482,43,482_tracking_arepas_carbs_macros,"['tracking', 'arepas', 'carbs', 'macros', 'keto', 'ketosis', 'means', 'overeating', 'losingketosis', 'ketosisthe']","[""imo, the only way to do lazy keto is with omad. i've been doing lazy keto/omad for 4.5 months and am down over 60 pounds. it is too easy to miss your macros with lazy keto, but with omad, it is nearly impossible to not have a calorie deficit if you are avoiding carbs."", 'lazy keto is not tracking calories or macros. it can also mean not tracking carbs. which, if on a diet that requires the restriction of carbs - why wouldn’t you track this? depends on the person, but overall i’ve found that the majority of lazy ketoers simply don’t understand nutrition or how to track their macros (or maybe what macros even are). lazy implies the bare minimum is being done, and in the case of “lazy keto” - it is just that. tracking the very minimum that you should track. it doesn’t typically yield the very best results.', '30lbs in 4 months by doing lazy keto, wow! is there a lot of difference between ""lazy"" keto and just doing a normal keto diet? i\'m curious if lazy keto would be easier for me to fit into my lifestyle.']"
483,42,483_ng_feeding_tubes_inpatient,"['ng', 'feeding', 'tubes', 'inpatient', 'hospitals', 'intestine', 'regurgiatation', 'nurses', 'gastroesophageal', 'medically']","['getting my first ng tube n im terrified (maybe tw?)', ""i'm in hospital and i'm probably going to need an ng tube soon. can somebody please tell me what it's like?"", 'can i get a feeding tube in hospital?']"
484,41,484_foods_ed_sense_unhealthy,"['foods', 'ed', 'sense', 'unhealthy', 'unsafe', 'pastries', 'restrictive', 'complain', 'crisps', 'mutated']","[""fear food and safe food tend to be more or less the same for a lot of people, but it still varies depending of the experiences, taste, education, habits, family, availability, etc.but it doesn't make your ed not valid. ed are not about food anyway, it's about a way of thinking, a specific logic, so about what you wrote, the ed behaviour is not thinking banana = safe food and cola zero = fear food, no, the ed behaviour is having some safe food and some fear food."", 'ooooh i love this discussion! fear foods - when my ed was a baby i had a ton of fear foods. fast forward 20 years and literally no fear foods. still ed though', ""i never had safe foods or fear foods. i will eat whatever i want in whatever amount i wanted as long as it was in my calorie limit. i ate toast and bread products often, chocolate often and whatever meals i wanted, yet i still had an ed. not everyone has safe or fear foods and that's completely valid and doesn't mean your ed is less severe or less deserving of help. not every ed is the same""]"
485,41,485_tumblr_followers_proed_blogs,"['tumblr', 'followers', 'proed', 'blogs', 'ana', 'community', 'nostalgia', 'era', 'cesspools', 'delete']","['everything they say about the tumblr ed community is true', 'i know tumblr is so bad for my mental health/recovery but...i think i’m actually addicted to going on tumblr ed blogs..', 'everyone comes and go except my ed. -tumblr']"
486,41,486_surgery_healing_heal_anesthesia,"['surgery', 'healing', 'heal', 'anesthesia', 'wounds', 'healed', 'recovery', 'procedure', 'surgeries', 'weightbearing']","['hey surgery, even “minor” surgery is incredibly taxing on the body. please give yourself permission to eat to give yourself fuel before your surgery and during your recovery. your recovery will actually increase the amount of calories you need to heal. if you’re not eating enough, it’ll take much longer for you to recovery from your wounds and anesthesia. you can worry about your weight after it’s all said in done, but for now please feed yourself.', ""you'll retain water from surgery no matter what you do. and after, you might not want to have a huge deficit because you want your body to have what you need to heal. fats, protein, essential minerals and vitamins, etc.i lost 10 lbs over the past 3 months even though i've been mostly non-weightbearing since my own surgery.if you've been losing 0.7lbs/week at 1200 intake, i'd say keep your intake at that for the first 4 weeks after surgery, but don't weigh yourself for two weeks post surgery. you don't need that stress."", 'idk what your surgery was, but you might want to check with your surgeon before continuing weight loss. after surgery bodies generally need more calories to use the energy to repair and heal up. i’d suggest eating maintenance until you talk to your doc or at least for a few weeks, maybe the full 4, after your surgery. make sure you’re getting the right mix of proteins and vitamins right now. healing is first priority. 4 extra weeks on your journey but fully healed is way better than not healing well which could also lead to backsliding.']"
487,41,487_carbs_total_alcohols_fibre,"['carbs', 'total', 'alcohols', 'fibre', 'soluble', 'digestible', 'metabolized', 'grams', 'keto', 'sorbitol']","[""remember, we can ignore or subtract fiber because fiber is not digested by the body, so we don't count total carbs, only net carbs.the mathematics is:total carbs minus fiber carbs equals net carbsif you're already aware of net carbs, and you're stunned as a newbie that the carb restrictions on keto are very very low and how do we do it: by eating mostly meat, chicken, fish, eggs, cheese, and very low carb veggies, and not eating bread, pasta, rice, sweets, etc."", 'source? i\'ve never heard this before and i work with a bunch of keto fanatics. even this reddits faq says fiber period doesn\'t count.edit: even googling most articles state both types of fibers aren\'t counted""fiber isn\'t counted in your carbs. vegetables are perfectly acceptable.""-- ""soluble fiber is used by the bacteria in the colon to produce short-chain fatty acids which, in turn, are used by the body as energy. these calories do not raise blood sugar, so when counting carbs, those in soluble fiber (like insoluble fiber) don\'t count towards the total"""" when you count carbs, you can subtract both soluble and insoluble fiber from the total carbohydrate count on food labels.""--', 'there are two camps - the purists (total carbs), and the group that thinks you can subtract fiber (net carbs). i have personally had no issue seeing the benefits of keto with the net carbs approach. i think it’s a bit of a personal choice. try net - if it works, great. if it doesn’t, try limiting some of the total carbs. i would say that different fiber and sugar alcohols may affect you differently - you may see different results from fiber vs erythritol for example.']"
488,41,488_women_gender_patriarchy_poc,"['women', 'gender', 'patriarchy', 'poc', 'group', 'title', 'girlfriends', 'society', 'minority', 'cutewomen']","['it’s sort of dog-whistle to override the conversation about men with eds and make it about women’s issues. i get that the majority of the people who deal with eds are women, but that’s not what we’re talking about right now. we can have 1 conversation about men out of the hundreds of other topics we discuss in this sub, and not make it in to another conversation about women.', 'not trying to invalidate you at all, op, but men absolutely do get formally diagnosed with eds—i am one of them. i do agree, though that there are probably very similar stats of men vs women with eds.', ""i posted here before not indicating what i was, and people in the comments referred to me as a woman. it seems like the default gender for eds in most people's mind is female. i think men may be just as affected by eds as women are, just men approach it in a different way and are less likely to reach out and talk about it.""]"
489,41,489_cafeteria_hospitals_allergies_serve,"['cafeteria', 'hospitals', 'allergies', 'serve', 'celiacs', 'sandwich', 'meals', 'families', 'grilled', 'nurses']","['i was just in the hospital for heart surgery 3 weeks ago. my doctor was able to order a ""low carb"" meal, sadly that was the best we could do. however doordash delivered to the hospital so that solved the problem. mcdonalds big breakfast, no hash brown, no pancakes, no biscuit, extra sausage and extra egg for breakfast. dinner was a choice of several places, bunless burger with wrap, etc. the good thing was the food was so bad at the hospital i simply stopped letting them drop it in my room.', ""so.. i'm wondering what happens if you are in the hospital recovering from a surgery and ignore the hospital food altogether and get a friend to bring you whatever food you want. what happens then?"", 'what did you eat in a day when you were in hospital ?']"
490,41,490_carb_low_ketosis_diet,"['carb', 'low', 'ketosis', 'diet', 'keto', 'carbs', 'fuel', 'atkins', 'rice', 'stick']","[""you can eat low carb and not keto and still experience health benefits ... just not the quicker benefits keto provides because you won't be in ketosis. if the only time you are thinking of going off keto is for some rice or bread at dinner why not either just skip those or sub in with very low carb options?"", ""whatever works for you. it doesn't really matter to me if it's slow carb or not (but simple sugars are worse), higher-carb feels much worse. so i stick to my old low-carb diet and because keto became easier, i keep it for most of the time (my bigger carb limit makes it possible).i wouldn't gain fat anyway, it's no concern for me but i do want to feel right. low-carb is nice, keto is best. so if it's not a sacrifice, i obviously do that.but people are different.you might even choose keto as default but if you really, really want to break it, you do it (not with zillion carbs, of course). there are so many options but not a single one that works for everyone."", ""question: i'm low carb maintaining (and eating more calories) right now, what are the benefits of low carb but not keto? still losing weight and feel good""]"
491,40,491_tuna_cheese_easter_asparagus,"['tuna', 'cheese', 'easter', 'asparagus', 'ham', 'cooker', 'meats', 'grocery', 'bacon', 'refrigeration']","[""i've found the best option is prepared foods at grocery stores. you'll have way more options than at gas stations, such as a deli, the entire produce area, a wonderous seltzer selection, and perhaps a rockin hot food bar. as far as fastfood goes, i think the best bang for your buck is chipotle, mcd's, and wendys. get the wendy's and mcdonald's apps for some decent discounts.gas station food is always my last resort where the best case scenario is usually a bag of almonds, some pork rinds, and overpriced jerky.when doing a roadtrip, you'll save a lot of money stocking up on drinks and non-perishables before you begin (which renders the gas station options obsolete anyway)"", ""if you invest in a good cooler (yeti type that keeps temp) then the sky is the limit. you can do grocery shopping before you head out and meal prep for the whole trip. this would be the ideal scenario for successat stops it may be hard to find things without added sugar. some may have boiled eggs, but you could do that during your meal prep and save lots if money. pick up some almond butter to have with you, and other whole nuts. plain pork rinds- i put almond butter or a mix of mayo and hot sauce on mine for a snack. cheese, if you had a cooler you could carry a nice amount but if not i'm sure the stop would have some."", ""boiled eggs, string cheese, nuts, tuna pouches, bacon, those packaged p3 type protein snacks that contain nuts and cheese, pork rinds, jerky, cut up vegs like cauliflower and broccoli. none of those things will spoil in a few hours. and even if you are concerned you don't need a whole cooler- just an insulated lunch bag. if you plan ahead there are all manner of fat bomb-ish or parmesan chip type things you can make /r/ketorecipes""]"
492,40,492_oxalates_oxalate_calcium_oxalic,"['oxalates', 'oxalate', 'calcium', 'oxalic', 'leach', 'kidney', 'toxicity', 'foods', 'boil', 'acid']","['and if you are eating an oxalate free diet for the other 27+ days of the month, why do you think there is a problem?i get that worrying about oxalates is “trendy” right now, but you are making up problems that don’t exist.', ""i eat a lot of cheese. i think that's a lot of calcium?as for oxalates, i boil the spinach for 3 minutes to decrease their amount. i read your can eliminate 30-80% of oxalates if you do that."", ""all plants have oxalates, by the way, from negligible amounts to exorbitant amounts. oxalates are responsible for kidney disease, leaky gut, and a slew of mental health disorders such as anxiety and depression just to name a few things.check out sally norton. she has videos and info that can help people understand the dangers of a high oxalate diet and how to taper down and lessen their effects while you're cutting down on high oxalate food and getting them out of your system.""]"
493,40,493_nsv_fit_clothes_skirt,"['nsv', 'fit', 'clothes', 'skirt', 'closet', 'pullover', 'pjs', 'uniforms', 'gown', 'costume']","['nsv: i need a new pair of goal pants!', 'nsv: just fit into size 8 pants for the first time in my life!', ""nsv - i can't buy new clothes fast enough!""]"
